epoch,train_loss,train_dice,val_loss,val_dice,val_iou,val_precision,val_recall
1.0,1.3476016918818157,0.4338845600838989,1.351290225982666,0.4211194522385012,0.2749957802854938,0.2749957802854938,1.0
2.0,1.345201810201009,0.4228322181051483,1.3346245288848877,0.447430247060219,0.29852970519595706,0.2985758320238481,0.9995330876436104
3.0,1.3135876258214314,0.6958499549606015,1.2512693405151367,0.4816640981288097,0.33272669765634294,0.9820048019849273,0.33450742089589725
4.0,1.1599870522816975,0.19545498694200578,0.84852135181427,0.4550102540073697,0.3073585872965451,0.9999228299552438,0.30736836930428596
5.0,0.8204084436098734,0.6164646982676433,0.6333721876144409,0.8088343776756022,0.6803727008719669,0.9923712399663009,0.6837796642908276
6.0,0.7113658587137858,0.8194292608008849,0.5638504028320312,0.8613651244703002,0.7572139682615913,0.9884534228306444,0.7637364425298827
7.0,0.6036600669225057,0.8597400554965285,0.4280208945274353,0.9317334474983603,0.8730427922917284,0.9541557869179189,0.9107897218367821
8.0,0.549009104569753,0.8693865065901032,0.3521556258201599,0.9345934865740486,0.8777614020109652,0.9649768412330292,0.906362374295164
9.0,0.41860344012578327,0.9072552316790962,0.28857752680778503,0.945767564408617,0.8976200037274578,0.9650401138399824,0.9274031003065903
10.0,0.34104256828625995,0.9196181138158659,0.22290000319480896,0.9496814260516026,0.9048223058697377,0.9615689673137898,0.938205376855817
11.0,0.26854394872983295,0.9304095821910984,0.15132498741149902,0.957304612881066,0.9187120783111752,0.9533449940958927,0.9614865344788488
12.0,0.21552899479866028,0.9343190475474633,0.12179708480834961,0.9564152881549154,0.9170145281496878,0.9597405287103615,0.9532905609763916
13.0,0.2449711263179779,0.9213959414954068,0.16398677229881287,0.9451151573971576,0.8966193986352984,0.9663607774527524,0.9248659336097935
14.0,0.257046177983284,0.9251143257541725,0.16187483072280884,0.9545228342042358,0.9135350930505313,0.9242933094339421,0.9871884154549073
15.0,0.25117093324661255,0.9301716180321848,0.12773457169532776,0.9559300652956246,0.916349029432331,0.9530194592338981,0.9590409335639657
16.0,0.21581449608008066,0.9357003120249943,0.1216677650809288,0.9578476980174792,0.9197542434055469,0.9553991149363172,0.9604901283469829
17.0,0.201298197110494,0.9341442437984298,0.1174745187163353,0.961947382346096,0.9270733288612744,0.9502272121030991,0.9742085318351308
18.0,0.19745719929536185,0.9337725683966248,0.11759299784898758,0.9625571365254659,0.9281411132672798,0.9502896832764923,0.9754080843852423
19.0,0.1923729876677195,0.9356893784164786,0.12955988943576813,0.9550430980361604,0.9145058387123571,0.962509243040909,0.947838160116988
20.0,0.21793938676516214,0.9283611719350134,0.12451335787773132,0.9626946312589171,0.9284187897159536,0.9473354647665784,0.9788250589299483
21.0,0.20538033048311868,0.9301218795696501,0.12931501865386963,0.956210964050391,0.9167300477408332,0.9593745496527007,0.953220110687047
22.0,0.21035409470399222,0.9328621891190623,0.12800949811935425,0.9569313028265718,0.9180846561519975,0.9571868451732212,0.9568333921366353
23.0,0.19206766784191132,0.9382541567421966,0.12886463105678558,0.9636122235801882,0.9301436857805344,0.9425806134915958,0.9859109741322377
24.0,0.19666342933972678,0.9347137365660676,0.11459772288799286,0.9615899924578752,0.9264843901328783,0.9578924334770494,0.9654832743385193
25.0,0.19246951242287955,0.9377295251812124,0.1114225834608078,0.9620827304039289,0.9272892691797533,0.9606134043410107,0.9637334321768658
26.0,0.1913374662399292,0.9338623670558536,0.1059417873620987,0.9656076940907335,0.9337374094358046,0.9554968168503181,0.9761843816617191
27.0,0.21182304124037424,0.9298914560001194,0.11718319356441498,0.9585249984132873,0.9208204773984376,0.9626123821397276,0.9546321688414945
28.0,0.1948165992895762,0.9372194923325188,0.11656506359577179,0.9663823349284609,0.935213569897234,0.9466048150225719,0.9873023329517012
29.0,0.186187744140625,0.9399852462363051,0.10954748094081879,0.9661452595006559,0.934828186874449,0.9555682061419002,0.9771690661298605
30.0,0.1834876835346222,0.9386680777428973,0.11180830001831055,0.9606140635426541,0.9246378795358443,0.9624489829360708,0.9589344906054703
31.0,0.193255881468455,0.9359167942520356,0.10877040028572083,0.966718073614692,0.9357690390745158,0.9494804639294512,0.9848806559527158
32.0,0.17946293950080872,0.9401375870213587,0.10706721246242523,0.9639461941204998,0.9306601318458487,0.9606112406156163,0.9675132001589546
33.0,0.17885484794775644,0.9409135244598776,0.10330258309841156,0.966690843488861,0.9357560529576153,0.9568897295418388,0.9769288919534385
34.0,0.17087706923484802,0.942573493264032,0.10572944581508636,0.9676686012698148,0.9375441061125473,0.9507920653330221,0.9854333099381375
35.0,0.16370663543542227,0.9437845503963507,0.10562124848365784,0.9643455530597337,0.9313261690804799,0.962306880406831,0.9666254329008416
36.0,0.16289016604423523,0.9451661246911159,0.10921651124954224,0.966711283143171,0.9357270889196742,0.9457935820365987,0.9889063873603906
37.0,0.1769614020983378,0.9409565998220826,0.10440905392169952,0.9651696655576464,0.9328917555273959,0.9601901126612382,0.9704275420585108
38.0,0.16170294086138406,0.9467073160949013,0.11007562279701233,0.9673461523953649,0.9369186413482363,0.9480881255534375,0.9877297785175436
39.0,0.15781933069229126,0.9484240550181671,0.10342158377170563,0.9680660156509637,0.9382522008940535,0.954559181351036,0.9822473070997984
40.0,0.1495610773563385,0.9504726998650295,0.11021623015403748,0.9641491645957253,0.9309223551248433,0.962696097355948,0.965871227921728
41.0,0.14843987425168356,0.9490874972000192,0.10121341049671173,0.9679717140392023,0.9380862154200373,0.9532826756294648,0.9833965592756557
42.0,0.15202759951353073,0.9504901763033425,0.10211105644702911,0.9677237028633573,0.937606760913406,0.9557384835542597,0.9802875935340378
43.0,0.14420262724161148,0.9516978873905508,0.10204926133155823,0.9671779751130507,0.9365839327073273,0.9491032494089278,0.9862470133447199
44.0,0.1401575729250908,0.9518700427494022,0.1036771833896637,0.9632838300825841,0.929485918346006,0.9631292153872713,0.9635821509307
45.0,0.14734342197577158,0.9519937426456296,0.10321873426437378,0.9665283992431759,0.9354104475219037,0.9441109930082056,0.9903666316305055
46.0,0.15414116779963175,0.948697295462276,0.099261075258255,0.967659133626861,0.9375746564986309,0.9530820160354159,0.9829875310844932
47.0,0.14091241856416067,0.952214629046642,0.09816408157348633,0.9666572530240887,0.9358800166237353,0.9550672540840427,0.9787343204665166
48.0,0.13907952855030695,0.9530862456945979,0.0975656807422638,0.9678751096926256,0.9379744222935901,0.9473647183660624,0.9895973434489358
49.0,0.1410522684454918,0.9532268293229404,0.0961829349398613,0.9657482059387007,0.9339602319563497,0.9602934051936058,0.9714700370554379
