selected_index,filename,source_width,source_height,raw_prediction_path,raw_prediction_sha256,reconstruction_mask_path,reconstruction_mask_sha256,raw_foreground_fraction,reconstruction_foreground_fraction
1,IMG20260826122949.jpg,3072,4080,analysis/ml/full_predictions/001_IMG20260826122949_pred.png,537754e51891cf2621a11dc5cfbb8ba0e95c792e41a1b23a7f684b50d651d073,analysis/ml/reconstruction_masks/001_IMG20260826122949_mask.png,537754e51891cf2621a11dc5cfbb8ba0e95c792e41a1b23a7f684b50d651d073,0.307772926879085,0.307772926879085
2,IMG20260826122953.jpg,3072,4080,analysis/ml/full_predictions/002_IMG20260826122953_pred.png,6dad82645967c880862293877e15c688c570884197e3c8a47961196199702494,analysis/ml/reconstruction_masks/002_IMG20260826122953_mask.png,29dfe6478add389bf3bb8f3e36da5b9416db475d9ef0ec021ec07a45856e1a13,0.29884320427389705,0.28719769646139703
3,IMG20260826122956.jpg,3072,4080,analysis/ml/full_predictions/003_IMG20260826122956_pred.png,a316029ddb3560054633e9b21bbc4dd11c19e299b6253904ef3229b48bb46c35,analysis/ml/reconstruction_masks/003_IMG20260826122956_mask.png,a316029ddb3560054633e9b21bbc4dd11c19e299b6253904ef3229b48bb46c35,0.2998621323529412,0.2998621323529412
4,IMG20260826123000.jpg,3072,4080,analysis/ml/full_predictions/004_IMG20260826123000_pred.png,38bf0730f0242a80d67532bf8e1088b56a0958556f7af73e0c0713d684cd6bfe,analysis/ml/reconstruction_masks/004_IMG20260826123000_mask.png,38bf0730f0242a80d67532bf8e1088b56a0958556f7af73e0c0713d684cd6bfe,0.31515179802389703,0.31515179802389703
5,IMG20260826123004.jpg,3072,4080,analysis/ml/full_predictions/005_IMG20260826123004_pred.png,09e94b19087881cf889382dfef62231f35342b84d8388230c24f824ed5e87b6c,analysis/ml/reconstruction_masks/005_IMG20260826123004_mask.png,09e94b19087881cf889382dfef62231f35342b84d8388230c24f824ed5e87b6c,0.30192703546262256,0.30192703546262256
6,IMG20260826123008.jpg,3072,4080,analysis/ml/full_predictions/006_IMG20260826123008_pred.png,ccc328857cbf10a8facc2f02ab2c2344bf3e51ee349c6be0df14b88b26f09b63,analysis/ml/reconstruction_masks/006_IMG20260826123008_mask.png,ccc328857cbf10a8facc2f02ab2c2344bf3e51ee349c6be0df14b88b26f09b63,0.31236133450776143,0.31236133450776143
7,IMG20260826123012.jpg,3072,4080,analysis/ml/full_predictions/007_IMG20260826123012_pred.png,8960da3a40b41bea32588c07ab16983750662d71fc90556001fd311ee919e8be,analysis/ml/reconstruction_masks/007_IMG20260826123012_mask.png,ad9be4cac39f7997c53507524db2807b70e136313d1f227033500a6ff43751ef,0.3176828022875817,0.3163455339818219
8,IMG20260826123017.jpg,3072,4080,analysis/ml/full_predictions/008_IMG20260826123017_pred.png,b21dd0cd5294ccb4e694918e13aed36e8ae93c82c8c47eeb8fea1f0b52baac54,analysis/ml/reconstruction_masks/008_IMG20260826123017_mask.png,b21dd0cd5294ccb4e694918e13aed36e8ae93c82c8c47eeb8fea1f0b52baac54,0.3164852366727941,0.3164852366727941
9,IMG20260826123020.jpg,3072,4080,analysis/ml/full_predictions/009_IMG20260826123020_pred.png,d9eca47be4560f51eb34299c76546f3652492259a1a76bc1a08f403ec7e4e5c9,analysis/ml/reconstruction_masks/009_IMG20260826123020_mask.png,d9eca47be4560f51eb34299c76546f3652492259a1a76bc1a08f403ec7e4e5c9,0.31064461103451796,0.31064461103451796
10,IMG20260826123023.jpg,3072,4080,analysis/ml/full_predictions/010_IMG20260826123023_pred.png,4524c6d14ced550a6b419d20af15506d3813317b36b89361ddf5a538941bcfa0,analysis/ml/reconstruction_masks/010_IMG20260826123023_mask.png,7bf0df5dd1940b32c82fa1d0c3ce7b342136a0c762edce656a449ce7462d0eaa,0.29260198057087417,0.2699191623263889
11,IMG20260826123027.jpg,3072,4080,analysis/ml/full_predictions/011_IMG20260826123027_pred.png,7a55ca96dda0bd4d82dbeb2f661457eda235f995e595fd49c9440955229dc260,analysis/ml/reconstruction_masks/011_IMG20260826123027_mask.png,c034f4bdffdbd5f0c4146515158e62aac2579aebf9d0aa54e2e9222d4941248f,0.2724365234375,0.2693750319138072
12,IMG20260826123038.jpg,3072,4080,analysis/ml/full_predictions/012_IMG20260826123038_pred.png,b28c80ccca135a34dc2089300834853c468fd6a678eb6337e3b09c98f67d7699,analysis/ml/reconstruction_masks/012_IMG20260826123038_mask.png,b28c80ccca135a34dc2089300834853c468fd6a678eb6337e3b09c98f67d7699,0.2658625185100082,0.2658625185100082
13,IMG20260826123042.jpg,3072,4080,analysis/ml/full_predictions/013_IMG20260826123042_pred.png,985c7625c0830cdde9b1975fba2f4decd5ebddebc04a5bee2ce33edf5caa67ff,analysis/ml/reconstruction_masks/013_IMG20260826123042_mask.png,985c7625c0830cdde9b1975fba2f4decd5ebddebc04a5bee2ce33edf5caa67ff,0.2687627655228758,0.2687627655228758
14,IMG20260826123046.jpg,3072,4080,analysis/ml/full_predictions/014_IMG20260826123046_pred.png,9936867c066c9c00fa05860cb6b1eca61603a6d9f7212696e8ed4ddbb0a8f41d,analysis/ml/reconstruction_masks/014_IMG20260826123046_mask.png,9936867c066c9c00fa05860cb6b1eca61603a6d9f7212696e8ed4ddbb0a8f41d,0.27384743285334967,0.27384743285334967
15,IMG20260826123052.jpg,3072,4080,analysis/ml/full_predictions/015_IMG20260826123052_pred.png,5636101d1bff0fb9c041ec00c1a04a2fcda580b6f16799b3bfae2826571a2db1,analysis/ml/reconstruction_masks/015_IMG20260826123052_mask.png,5636101d1bff0fb9c041ec00c1a04a2fcda580b6f16799b3bfae2826571a2db1,0.27742720460580067,0.27742720460580067
16,IMG20260826123056.jpg,3072,4080,analysis/ml/full_predictions/016_IMG20260826123056_pred.png,3bb4706139571c6048ec3150b8e73154f5d5f5917eabb013e01958a708de20fd,analysis/ml/reconstruction_masks/016_IMG20260826123056_mask.png,3bb4706139571c6048ec3150b8e73154f5d5f5917eabb013e01958a708de20fd,0.2723294526143791,0.2723294526143791
17,IMG20260826123101.jpg,3072,4080,analysis/ml/full_predictions/017_IMG20260826123101_pred.png,242f023fba2b95aa59c06fb0f5088b2513d07637caa57107bfb268a16e4122df,analysis/ml/reconstruction_masks/017_IMG20260826123101_mask.png,242f023fba2b95aa59c06fb0f5088b2513d07637caa57107bfb268a16e4122df,0.26878893484477123,0.26878893484477123
18,IMG20260826123106.jpg,3072,4080,analysis/ml/full_predictions/018_IMG20260826123106_pred.png,16b2aa29987b0093f6d274b1870d15685546d32b5a1f8cd92ed6b89c61aeb430,analysis/ml/reconstruction_masks/018_IMG20260826123106_mask.png,16b2aa29987b0093f6d274b1870d15685546d32b5a1f8cd92ed6b89c61aeb430,0.26557601230596406,0.26557601230596406
19,IMG20260826123111.jpg,3072,4080,analysis/ml/full_predictions/019_IMG20260826123111_pred.png,3a18bfbfe8dbac6fbd53fb30b1edc0d233c6286cf0f5a044cfce39ecfbb6e6b3,analysis/ml/reconstruction_masks/019_IMG20260826123111_mask.png,3a18bfbfe8dbac6fbd53fb30b1edc0d233c6286cf0f5a044cfce39ecfbb6e6b3,0.2663156147875817,0.2663156147875817
20,IMG20260826123115.jpg,3072,4080,analysis/ml/full_predictions/020_IMG20260826123115_pred.png,0924bc7ae6d3d008565d667bd8de2b702f43a54f058127a0a5152b21b6be3f0e,analysis/ml/reconstruction_masks/020_IMG20260826123115_mask.png,0924bc7ae6d3d008565d667bd8de2b702f43a54f058127a0a5152b21b6be3f0e,0.26519161049836604,0.26519161049836604
21,IMG20260826123119.jpg,3072,4080,analysis/ml/full_predictions/021_IMG20260826123119_pred.png,afcc8fbfc0006046656e46861e1fb69b1fd3d3ea0bd9584343a5865260931cda,analysis/ml/reconstruction_masks/021_IMG20260826123119_mask.png,afcc8fbfc0006046656e46861e1fb69b1fd3d3ea0bd9584343a5865260931cda,0.26619067223243464,0.26619067223243464
22,IMG20260826123123.jpg,3072,4080,analysis/ml/full_predictions/022_IMG20260826123123_pred.png,e06e16f06defba24623dfabe57816b32c5d0dc855e622b780ec3474dd07857cd,analysis/ml/reconstruction_masks/022_IMG20260826123123_mask.png,e06e16f06defba24623dfabe57816b32c5d0dc855e622b780ec3474dd07857cd,0.2588278377757353,0.2588278377757353
23,IMG20260826123157.jpg,3072,4080,analysis/ml/full_predictions/023_IMG20260826123157_pred.png,757366f56e528ff642ae0207b6793bf56124ec332c1083d2113e69de0be6c38f,analysis/ml/reconstruction_masks/023_IMG20260826123157_mask.png,757366f56e528ff642ae0207b6793bf56124ec332c1083d2113e69de0be6c38f,0.23445015701593136,0.23445015701593136
24,IMG20260826123204.jpg,3072,4080,analysis/ml/full_predictions/024_IMG20260826123204_pred.png,aa8801be9da283baa6ca4c4d43ce316a3014b13044e9939eac97bf30cd2de179,analysis/ml/reconstruction_masks/024_IMG20260826123204_mask.png,aa8801be9da283baa6ca4c4d43ce316a3014b13044e9939eac97bf30cd2de179,0.23522813585069444,0.23522813585069444
25,IMG20260826123209.jpg,3072,4080,analysis/ml/full_predictions/025_IMG20260826123209_pred.png,c7b0e35e6cfdb6ad8fb5a12a73f6eedb113caebb8321c43cab273a4bfe9a044c,analysis/ml/reconstruction_masks/025_IMG20260826123209_mask.png,c7b0e35e6cfdb6ad8fb5a12a73f6eedb113caebb8321c43cab273a4bfe9a044c,0.2458807253370098,0.2458807253370098
26,IMG20260826123213.jpg,3072,4080,analysis/ml/full_predictions/026_IMG20260826123213_pred.png,64326614ca9427ff2dece6f759c52504ea08d59554cbbcf0e43f9129970dcc67,analysis/ml/reconstruction_masks/026_IMG20260826123213_mask.png,64326614ca9427ff2dece6f759c52504ea08d59554cbbcf0e43f9129970dcc67,0.25382303474775325,0.25382303474775325
27,IMG20260826123217.jpg,3072,4080,analysis/ml/full_predictions/027_IMG20260826123217_pred.png,af1d1541a878f78da2a5932d853ab68039eb29f8b816fb9fb56de49bf81e144b,analysis/ml/reconstruction_masks/027_IMG20260826123217_mask.png,af1d1541a878f78da2a5932d853ab68039eb29f8b816fb9fb56de49bf81e144b,0.26319532207414215,0.26319532207414215
28,IMG20260826123223.jpg,3072,4080,analysis/ml/full_predictions/028_IMG20260826123223_pred.png,50abfd6099a385f4628914b276b1b92757e424c75aba899ba4958fd8605e1d00,analysis/ml/reconstruction_masks/028_IMG20260826123223_mask.png,50abfd6099a385f4628914b276b1b92757e424c75aba899ba4958fd8605e1d00,0.25899849685968135,0.25899849685968135
29,IMG20260826123228.jpg,3072,4080,analysis/ml/full_predictions/029_IMG20260826123228_pred.png,50358130495da006232e79c0b3448a7babfa800bb718b3ed85b157bb646aa124,analysis/ml/reconstruction_masks/029_IMG20260826123228_mask.png,50358130495da006232e79c0b3448a7babfa800bb718b3ed85b157bb646aa124,0.25870249629799835,0.25870249629799835
30,IMG20260826123233.jpg,3072,4080,analysis/ml/full_predictions/030_IMG20260826123233_pred.png,58594a4b478b6ff837a3278c43d11dae71b768e039f2699d2e772d96bb3c5ea2,analysis/ml/reconstruction_masks/030_IMG20260826123233_mask.png,58594a4b478b6ff837a3278c43d11dae71b768e039f2699d2e772d96bb3c5ea2,0.2729469049989788,0.2729469049989788
31,IMG20260826123237.jpg,3072,4080,analysis/ml/full_predictions/031_IMG20260826123237_pred.png,b32e2718fef55d114180735d37ff09eac99df1d050621ad5d2e6f00012459623,analysis/ml/reconstruction_masks/031_IMG20260826123237_mask.png,b32e2718fef55d114180735d37ff09eac99df1d050621ad5d2e6f00012459623,0.27783921185661764,0.27783921185661764
32,IMG20260826123246.jpg,3072,4080,analysis/ml/full_predictions/032_IMG20260826123246_pred.png,a53c70be7d047d2efbc29aa1ed1d856ebc1be6592039d5361b6820a3b5c89bf3,analysis/ml/reconstruction_masks/032_IMG20260826123246_mask.png,a53c70be7d047d2efbc29aa1ed1d856ebc1be6592039d5361b6820a3b5c89bf3,0.2544155943627451,0.2544155943627451
33,IMG20260826123250.jpg,3072,4080,analysis/ml/full_predictions/033_IMG20260826123250_pred.png,316797ba19b2925823288e1fbcee0de73d907a33dbbb5d42403a99d48f3446f3,analysis/ml/reconstruction_masks/033_IMG20260826123250_mask.png,316797ba19b2925823288e1fbcee0de73d907a33dbbb5d42403a99d48f3446f3,0.2613117691738154,0.2613117691738154
34,IMG20260826123308.jpg,3072,4080,analysis/ml/full_predictions/034_IMG20260826123308_pred.png,8f99eb24b9f13335307bbbbe27f99b426bd919445d69a2fed85ebae61910aab7,analysis/ml/reconstruction_masks/034_IMG20260826123308_mask.png,8f99eb24b9f13335307bbbbe27f99b426bd919445d69a2fed85ebae61910aab7,0.2090924032373366,0.2090924032373366
35,IMG20260826123316.jpg,3072,4080,analysis/ml/full_predictions/035_IMG20260826123316_pred.png,eec2a56d069f08cb64235add86d006cadbd965ca13b9163ed51d9a1287102e1e,analysis/ml/reconstruction_masks/035_IMG20260826123316_mask.png,eec2a56d069f08cb64235add86d006cadbd965ca13b9163ed51d9a1287102e1e,0.2550588969311683,0.2550588969311683
36,IMG20260826123320.jpg,3072,4080,analysis/ml/full_predictions/036_IMG20260826123320_pred.png,e62ea52f54805696307b3e610aefa90ab5910cee64d7d66888bbdda5a0599554,analysis/ml/reconstruction_masks/036_IMG20260826123320_mask.png,e62ea52f54805696307b3e610aefa90ab5910cee64d7d66888bbdda5a0599554,0.25428977417790033,0.25428977417790033
37,IMG20260826123324.jpg,3072,4080,analysis/ml/full_predictions/037_IMG20260826123324_pred.png,b9e8843592212c8ef21fd1a1da01e73a287fca279fa253c0c667684134312862,analysis/ml/reconstruction_masks/037_IMG20260826123324_mask.png,b9e8843592212c8ef21fd1a1da01e73a287fca279fa253c0c667684134312862,0.25491392846200983,0.25491392846200983
38,IMG20260826123329.jpg,3072,4080,analysis/ml/full_predictions/038_IMG20260826123329_pred.png,a6bf183bfc8273b799b5c6472a151db97fa92ac7c5c23d0eb2c2da20ff9cdbd1,analysis/ml/reconstruction_masks/038_IMG20260826123329_mask.png,a6bf183bfc8273b799b5c6472a151db97fa92ac7c5c23d0eb2c2da20ff9cdbd1,0.2536447163500817,0.2536447163500817
39,IMG20260826123333.jpg,3072,4080,analysis/ml/full_predictions/039_IMG20260826123333_pred.png,b99a8acd407be37508fdcaa29504a1f54b416f2c7902a6aa80ebbfb23723ced0,analysis/ml/reconstruction_masks/039_IMG20260826123333_mask.png,b99a8acd407be37508fdcaa29504a1f54b416f2c7902a6aa80ebbfb23723ced0,0.2546161726409314,0.2546161726409314
40,IMG20260826123344.jpg,3072,4080,analysis/ml/full_predictions/040_IMG20260826123344_pred.png,38c650ba75252bd6a5891d000add947befcac5cd587b2b62ab86ecca0c6768b3,analysis/ml/reconstruction_masks/040_IMG20260826123344_mask.png,38c650ba75252bd6a5891d000add947befcac5cd587b2b62ab86ecca0c6768b3,0.25104358149509803,0.25104358149509803
41,IMG20260826123349.jpg,3072,4080,analysis/ml/full_predictions/041_IMG20260826123349_pred.png,441286b9c19b082f4d2e211c9b3cf0573a73322c31672f3da89dad1b282d2961,analysis/ml/reconstruction_masks/041_IMG20260826123349_mask.png,441286b9c19b082f4d2e211c9b3cf0573a73322c31672f3da89dad1b282d2961,0.24769159454146242,0.24769159454146242
42,IMG20260826123353.jpg,3072,4080,analysis/ml/full_predictions/042_IMG20260826123353_pred.png,dfed7bf4c104d5ce4a512145ffcd2fc22a199193081e8875eb6d033161846907,analysis/ml/reconstruction_masks/042_IMG20260826123353_mask.png,dfed7bf4c104d5ce4a512145ffcd2fc22a199193081e8875eb6d033161846907,0.24790150760825164,0.24790150760825164
43,IMG20260826123357.jpg,3072,4080,analysis/ml/full_predictions/043_IMG20260826123357_pred.png,243de79bcb068c1a8ba505ea8f48041c25e321ae296f52f5e02ef6f919cfe85b,analysis/ml/reconstruction_masks/043_IMG20260826123357_mask.png,243de79bcb068c1a8ba505ea8f48041c25e321ae296f52f5e02ef6f919cfe85b,0.2436544979319853,0.2436544979319853
44,IMG20260826123403.jpg,3072,4080,analysis/ml/full_predictions/044_IMG20260826123403_pred.png,dc33a18b1bc32e25030027b87da071364f2117b40b23fb76c430d5cc900e3746,analysis/ml/reconstruction_masks/044_IMG20260826123403_mask.png,dc33a18b1bc32e25030027b87da071364f2117b40b23fb76c430d5cc900e3746,0.2347097758374183,0.2347097758374183
45,IMG20260826123408.jpg,3072,4080,analysis/ml/full_predictions/045_IMG20260826123408_pred.png,8d0b9f88765eb9039797e52a781f755b2a0975873b1fbc42667b662a6c998b56,analysis/ml/reconstruction_masks/045_IMG20260826123408_mask.png,8d0b9f88765eb9039797e52a781f755b2a0975873b1fbc42667b662a6c998b56,0.23731904871323528,0.23731904871323528
46,IMG20260826123414.jpg,3072,4080,analysis/ml/full_predictions/046_IMG20260826123414_pred.png,de2db4e13bd42b5d67ae75beb2063d102aa0f2803634f7c8454b88ecad8ee6f8,analysis/ml/reconstruction_masks/046_IMG20260826123414_mask.png,de2db4e13bd42b5d67ae75beb2063d102aa0f2803634f7c8454b88ecad8ee6f8,0.24237906262765524,0.24237906262765524
47,IMG20260826123417.jpg,3072,4080,analysis/ml/full_predictions/047_IMG20260826123417_pred.png,c75273468521eaca1fb9008f86cd765ffc8d13d2af5ba5ccb45de62dbe87f91d,analysis/ml/reconstruction_masks/047_IMG20260826123417_mask.png,c75273468521eaca1fb9008f86cd765ffc8d13d2af5ba5ccb45de62dbe87f91d,0.24981122983047385,0.24981122983047385
48,IMG20260826123422.jpg,3072,4080,analysis/ml/full_predictions/048_IMG20260826123422_pred.png,6db004b3d71251d971dcf433a1d530979f2c8a1056eab01af21fa79f2c61da6a,analysis/ml/reconstruction_masks/048_IMG20260826123422_mask.png,6db004b3d71251d971dcf433a1d530979f2c8a1056eab01af21fa79f2c61da6a,0.24908415351817811,0.24908415351817811
49,IMG20260826123427.jpg,3072,4080,analysis/ml/full_predictions/049_IMG20260826123427_pred.png,c46d034916eab034543c02aed7bccd5ebd60646b655e3ba064c8af951e290a3c,analysis/ml/reconstruction_masks/049_IMG20260826123427_mask.png,c46d034916eab034543c02aed7bccd5ebd60646b655e3ba064c8af951e290a3c,0.24981713388480392,0.24981713388480392
50,IMG20260826123434.jpg,3072,4080,analysis/ml/full_predictions/050_IMG20260826123434_pred.png,570e4d56ea933dec23b317d4c20979a2511ba532fd3070fc9f802e74ecb9303b,analysis/ml/reconstruction_masks/050_IMG20260826123434_mask.png,570e4d56ea933dec23b317d4c20979a2511ba532fd3070fc9f802e74ecb9303b,0.24687244689542484,0.24687244689542484
51,IMG20260826123437.jpg,3072,4080,analysis/ml/full_predictions/051_IMG20260826123437_pred.png,086e23fda20e17b2451f792d1c11ee10f8c7a684437c7c15010e05f0b58159c8,analysis/ml/reconstruction_masks/051_IMG20260826123437_mask.png,086e23fda20e17b2451f792d1c11ee10f8c7a684437c7c15010e05f0b58159c8,0.2388333588643791,0.2388333588643791
52,IMG20260826123441.jpg,3072,4080,analysis/ml/full_predictions/052_IMG20260826123441_pred.png,7f6e5c957946965b27da98d0f925d3ea97c4995cb549767eecdd72fd9961e386,analysis/ml/reconstruction_masks/052_IMG20260826123441_mask.png,7f6e5c957946965b27da98d0f925d3ea97c4995cb549767eecdd72fd9961e386,0.22762953814338235,0.22762953814338235
53,IMG20260826123446.jpg,3072,4080,analysis/ml/full_predictions/053_IMG20260826123446_pred.png,cc8ee65a7d77123b35b3067f6c4c88b8c124c8b93d1ab0af426e37a4b1bd5eb4,analysis/ml/reconstruction_masks/053_IMG20260826123446_mask.png,cc8ee65a7d77123b35b3067f6c4c88b8c124c8b93d1ab0af426e37a4b1bd5eb4,0.22334143944035947,0.22334143944035947
54,IMG20260826123450.jpg,3072,4080,analysis/ml/full_predictions/054_IMG20260826123450_pred.png,72fbf729753f30795f80332802c3bf50bde92ccf6ce48e3c8377f7ce58050dd9,analysis/ml/reconstruction_masks/054_IMG20260826123450_mask.png,72fbf729753f30795f80332802c3bf50bde92ccf6ce48e3c8377f7ce58050dd9,0.21366509331597222,0.21366509331597222
55,IMG20260826123454.jpg,3072,4080,analysis/ml/full_predictions/055_IMG20260826123454_pred.png,66e43d870815a57a01ce07b5bc406197a75ea9a977d9ac8d73fe716962d41e65,analysis/ml/reconstruction_masks/055_IMG20260826123454_mask.png,66e43d870815a57a01ce07b5bc406197a75ea9a977d9ac8d73fe716962d41e65,0.20757546019709966,0.20757546019709966
56,IMG20260826123708.jpg,3072,4080,analysis/ml/full_predictions/056_IMG20260826123708_pred.png,4528f51f38b3a8611b7c1cf629aded26d846c15262829985131fb6fbf7cf5054,analysis/ml/reconstruction_masks/056_IMG20260826123708_mask.png,4528f51f38b3a8611b7c1cf629aded26d846c15262829985131fb6fbf7cf5054,0.23262612336601307,0.23262612336601307
57,IMG20260826123712.jpg,3072,4080,analysis/ml/full_predictions/057_IMG20260826123712_pred.png,b96aafd3a9ff35f105b9c8395f4e8bdd7c10d31da33c02f1b19680fe3b382ace,analysis/ml/reconstruction_masks/057_IMG20260826123712_mask.png,b96aafd3a9ff35f105b9c8395f4e8bdd7c10d31da33c02f1b19680fe3b382ace,0.24013280930861927,0.24013280930861927
58,IMG20260826123719.jpg,3072,4080,analysis/ml/full_predictions/058_IMG20260826123719_pred.png,fcd0c6d9b4151e8b4db34c6999a09ec54fa7c271f09a2b0be686751f1b6fd6e7,analysis/ml/reconstruction_masks/058_IMG20260826123719_mask.png,fcd0c6d9b4151e8b4db34c6999a09ec54fa7c271f09a2b0be686751f1b6fd6e7,0.2387621910743464,0.2387621910743464
59,IMG20260826123725.jpg,3072,4080,analysis/ml/full_predictions/059_IMG20260826123725_pred.png,6f705e946dd2027d8a570a70f1ead273da78dd3eda7c001e8c8d0f1e7b3e30ad,analysis/ml/reconstruction_masks/059_IMG20260826123725_mask.png,6f705e946dd2027d8a570a70f1ead273da78dd3eda7c001e8c8d0f1e7b3e30ad,0.2505574544270833,0.2505574544270833
60,IMG20260826123730.jpg,3072,4080,analysis/ml/full_predictions/060_IMG20260826123730_pred.png,2db2e7e0154b64ae236d596d82375bc44e50c2476f4291d0eabc21396dfa8c61,analysis/ml/reconstruction_masks/060_IMG20260826123730_mask.png,2db2e7e0154b64ae236d596d82375bc44e50c2476f4291d0eabc21396dfa8c61,0.2606549032373366,0.2606549032373366
61,IMG20260826123733.jpg,3072,4080,analysis/ml/full_predictions/061_IMG20260826123733_pred.png,eed4f00bbf18d988bb5133ac63d467422a5316fdc9b134da9def32a8e8a5c60a,analysis/ml/reconstruction_masks/061_IMG20260826123733_mask.png,eed4f00bbf18d988bb5133ac63d467422a5316fdc9b134da9def32a8e8a5c60a,0.2674821442248774,0.2674821442248774
62,IMG20260826123740.jpg,3072,4080,analysis/ml/full_predictions/062_IMG20260826123740_pred.png,61bb1e97848a643002f7cdb092781a43823586278cf6baf61159422df944ad28,analysis/ml/reconstruction_masks/062_IMG20260826123740_mask.png,d66738cacca95353d8a3c7f75d6a691cbac45e48fd202ed27b86e9ca78baf930,0.2699182049121732,0.26946742238562094
63,IMG20260826123746.jpg,3072,4080,analysis/ml/full_predictions/063_IMG20260826123746_pred.png,d27f71aee0ee33ff97877533ad75c5b7757b785b37c4676b640de922b716cdbf,analysis/ml/reconstruction_masks/063_IMG20260826123746_mask.png,d27f71aee0ee33ff97877533ad75c5b7757b785b37c4676b640de922b716cdbf,0.27065501493566174,0.27065501493566174
64,IMG20260826123749.jpg,3072,4080,analysis/ml/full_predictions/064_IMG20260826123749_pred.png,c98d03243110a921524827b4b42d3725b333f6bd5017af34eb0b5f935c6724b5,analysis/ml/reconstruction_masks/064_IMG20260826123749_mask.png,718550d860d86a8b4d463a6979ca68885a30402d361881f651a9980d72ef68ca,0.2884259791156046,0.2737879933874591
65,IMG20260826123753.jpg,3072,4080,analysis/ml/full_predictions/065_IMG20260826123753_pred.png,344a21fa48fc1dd83d787b3dd3239aca8ced0ec80721532ee64ec79c1e1ce99d,analysis/ml/reconstruction_masks/065_IMG20260826123753_mask.png,fe60accb5f4169f75403938ee470f6dcfba4f1eade8bd8399f05f58c0e5ecdb7,0.30597769544015524,0.26669722413705066
66,IMG20260826123759.jpg,3072,4080,analysis/ml/full_predictions/066_IMG20260826123759_pred.png,a6d490171a65d7fc08d8ae8abfcf8702e4e2999da960e8a5f566e0e98584754b,analysis/ml/reconstruction_masks/066_IMG20260826123759_mask.png,a6d490171a65d7fc08d8ae8abfcf8702e4e2999da960e8a5f566e0e98584754b,0.30742011974060457,0.30742011974060457
67,IMG20260826123804.jpg,3072,4080,analysis/ml/full_predictions/067_IMG20260826123804_pred.png,ed5bffcaa0c92d66e3e3eec0adcf477808a64a808f2ecc3f08026ce6848f1fab,analysis/ml/reconstruction_masks/067_IMG20260826123804_mask.png,ac875abf3333a4430eaf350d0e67752488630d3b118015225a92b2bfea8a043a,0.32263343162785946,0.3185147154564951
68,IMG20260826123807.jpg,3072,4080,analysis/ml/full_predictions/068_IMG20260826123807_pred.png,da72c273db17e7043866ea4713d091b8d96413c648e14e42ecb463da8bf177be,analysis/ml/reconstruction_masks/068_IMG20260826123807_mask.png,da72c273db17e7043866ea4713d091b8d96413c648e14e42ecb463da8bf177be,0.3123575846354167,0.3123575846354167
69,IMG20260826123810.jpg,3072,4080,analysis/ml/full_predictions/069_IMG20260826123810_pred.png,58763a5be991050805e066ed6649e6b040f6c9048a4082530095e754cf65da3b,analysis/ml/reconstruction_masks/069_IMG20260826123810_mask.png,58763a5be991050805e066ed6649e6b040f6c9048a4082530095e754cf65da3b,0.3305766984528186,0.3305766984528186
70,IMG20260826123813.jpg,3072,4080,analysis/ml/full_predictions/070_IMG20260826123813_pred.png,b723a66cf450ab5801a9503e3e44238f48635aa6487b6ef8dc2519411df11cff,analysis/ml/reconstruction_masks/070_IMG20260826123813_mask.png,b723a66cf450ab5801a9503e3e44238f48635aa6487b6ef8dc2519411df11cff,0.3446703941993464,0.3446703941993464
71,IMG20260826123816.jpg,3072,4080,analysis/ml/full_predictions/071_IMG20260826123816_pred.png,f755a6ca25c890b92e37b4c340957865281d247232f84711c66868f2a7baab10,analysis/ml/reconstruction_masks/071_IMG20260826123816_mask.png,09c75d2bf596bce1407813d157453bf2f5f288bab51959b9ef8131d4d13b3a41,0.31393604153901145,0.30979227302900325
72,IMG20260826123820.jpg,3072,4080,analysis/ml/full_predictions/072_IMG20260826123820_pred.png,5e265fe209433119a775804478bef4419d642ec08b05e1ce80ceb6a348400634,analysis/ml/reconstruction_masks/072_IMG20260826123820_mask.png,0a4414fda4ab7694549a531e7709676c5f3b6290e81cf8624425b6288be0339d,0.30421350017871734,0.30232228796466504
73,IMG20260826123824.jpg,3072,4080,analysis/ml/full_predictions/073_IMG20260826123824_pred.png,07b7d7770604eeae33f2f966a8ac8b6933c6801c8a5d0e912eed6a2acc890d93,analysis/ml/reconstruction_masks/073_IMG20260826123824_mask.png,07b7d7770604eeae33f2f966a8ac8b6933c6801c8a5d0e912eed6a2acc890d93,0.3179373148999183,0.3179373148999183
74,IMG20260826124015.jpg,3072,4080,analysis/ml/full_predictions/074_IMG20260826124015_pred.png,73fab93c177ac0040e334e086d701086ec95c67bb1a4afa79988631b27392945,analysis/ml/reconstruction_masks/074_IMG20260826124015_mask.png,73fab93c177ac0040e334e086d701086ec95c67bb1a4afa79988631b27392945,0.3007530860651552,0.3007530860651552
75,IMG20260826124018.jpg,3072,4080,analysis/ml/full_predictions/075_IMG20260826124018_pred.png,935c204eddfce90c6fb5dcb83f7703e2a5bcd293469edcc2d052474bc2b364c5,analysis/ml/reconstruction_masks/075_IMG20260826124018_mask.png,935c204eddfce90c6fb5dcb83f7703e2a5bcd293469edcc2d052474bc2b364c5,0.31489999808517155,0.31489999808517155
76,IMG20260826124024.jpg,3072,4080,analysis/ml/full_predictions/076_IMG20260826124024_pred.png,fa6024a672429682f02443e3e842ec2ddce68304a6ed4b716e141a7c8bc68a02,analysis/ml/reconstruction_masks/076_IMG20260826124024_mask.png,fa6024a672429682f02443e3e842ec2ddce68304a6ed4b716e141a7c8bc68a02,0.31985541449652777,0.31985541449652777
77,IMG20260826124029.jpg,3072,4080,analysis/ml/full_predictions/077_IMG20260826124029_pred.png,67529bccaf7d1f8aa3d89bbe048a12b96b9847d6dae3bf805d5fd993b7352e0c,analysis/ml/reconstruction_masks/077_IMG20260826124029_mask.png,866f997c4c6978e94d4b9957c6635a84401120b0b3160f95d81df4b26690e151,0.34442888646343955,0.3276880201950572
78,IMG20260826124032.jpg,3072,4080,analysis/ml/full_predictions/078_IMG20260826124032_pred.png,7353fe2b6e884ae5c5083fd602f629240c384a0f89a9ddfb98f4377cb81a8575,analysis/ml/reconstruction_masks/078_IMG20260826124032_mask.png,ff854edd7ae513bbc533afaa7bc2e3a1318b33dc4a45ee074a2e237b70dcff67,0.3493520699295343,0.3195025275735294
79,IMG20260826124035.jpg,3072,4080,analysis/ml/full_predictions/079_IMG20260826124035_pred.png,08808c39654d17da8e62636043e2780d77f21c894797198711123533f3cf2c77,analysis/ml/reconstruction_masks/079_IMG20260826124035_mask.png,08808c39654d17da8e62636043e2780d77f21c894797198711123533f3cf2c77,0.3463826497395833,0.3463826497395833
80,IMG20260826124041.jpg,3072,4080,analysis/ml/full_predictions/080_IMG20260826124041_pred.png,0a8941c58fdf7c154d96785b6c74fbe3e18a0533572c8e1ce76907b871148dc1,analysis/ml/reconstruction_masks/080_IMG20260826124041_mask.png,0a8941c58fdf7c154d96785b6c74fbe3e18a0533572c8e1ce76907b871148dc1,0.3239037607230392,0.3239037607230392
81,IMG20260826124044.jpg,3072,4080,analysis/ml/full_predictions/081_IMG20260826124044_pred.png,08633d48c1da4e12b6beb1240bf98bcf6d27ee8da1c0749550fa3704b83e69d1,analysis/ml/reconstruction_masks/081_IMG20260826124044_mask.png,08633d48c1da4e12b6beb1240bf98bcf6d27ee8da1c0749550fa3704b83e69d1,0.3287172404769199,0.3287172404769199
82,IMG20260826124048.jpg,3072,4080,analysis/ml/full_predictions/082_IMG20260826124048_pred.png,57a132f917d216ac40d07e73b98a571b29a94d06feced76ca08ca3ee88d9afb0,analysis/ml/reconstruction_masks/082_IMG20260826124048_mask.png,1f2eccd654bde9afa5c7e2577a411b30e23bc6db0722e92f8373084577c22801,0.3335749208537582,0.3324713414011438
83,IMG20260826124051.jpg,3072,4080,analysis/ml/full_predictions/083_IMG20260826124051_pred.png,f54bda7c3f41f2a1d6d6cf1807420dfced32b75abd0f3aebb523bafb4dcca3f7,analysis/ml/reconstruction_masks/083_IMG20260826124051_mask.png,8272ef90a88226727c38706fa11f0b0ac5a7faadffbdd5c50858db340b118e2d,0.33020737591911764,0.329873557495915
84,IMG20260826124054.jpg,3072,4080,analysis/ml/full_predictions/084_IMG20260826124054_pred.png,3ed6a49a3bc6fa80d59200a6f2f7912d186210f7246880c2a40c900c017d208c,analysis/ml/reconstruction_masks/084_IMG20260826124054_mask.png,5a5dcaa2c56c48e0113f6206a34c6a6c824e9f580007a3835e6ea6cc9258823d,0.34026445376327613,0.33924081839767156
85,IMG20260826124101.jpg,3072,4080,analysis/ml/full_predictions/085_IMG20260826124101_pred.png,53391eaa70645dacc5c87784cfa1a802e72fc6adb0bdbaa7dd3ac76e94d739a3,analysis/ml/reconstruction_masks/085_IMG20260826124101_mask.png,951e22095e6ef96ae7eb7fb954b53ef2be7528f58c776c4800a40bac09420d87,0.34035197737949346,0.3398186976613562
86,IMG20260826124104.jpg,3072,4080,analysis/ml/full_predictions/086_IMG20260826124104_pred.png,5d52ad15d1bb12ef31c41a5823935623be5a6df0432a0675d99c9bfd98a70bc5,analysis/ml/reconstruction_masks/086_IMG20260826124104_mask.png,dd4d98e84b21c0bf9df8d8bab4c0768537aa87dcbb342c38945dadb9d45acd10,0.33495950137867647,0.33430048126021245
87,IMG20260826124110.jpg,3072,4080,analysis/ml/full_predictions/087_IMG20260826124110_pred.png,c9996e3e10eb407cd80ca3dcc27080ae67af28cdcb7574c69933b44739519ebe,analysis/ml/reconstruction_masks/087_IMG20260826124110_mask.png,72f4a3c7a6850719ea1060603820bb45bc626a1d8a4dc65c54fd350fc8f82f1e,0.30349926917381537,0.29358309078839867
88,IMG20260826124113.jpg,3072,4080,analysis/ml/full_predictions/088_IMG20260826124113_pred.png,823e344be64efcadb1aec614cb5834f768f353527eff50e1d60b5ce641d0db1c,analysis/ml/reconstruction_masks/088_IMG20260826124113_mask.png,63c9481f15246dead08ded0bcee0de62dabe6f827bfd639cb07ee3e56d37acf4,0.23899276833129085,0.23854996425653593
89,IMG20260826124116.jpg,3072,4080,analysis/ml/full_predictions/089_IMG20260826124116_pred.png,4bfe5b18d26e62e558e9298305ecb6fc44d92b76ad00b9684ff4d6b8ca99be20,analysis/ml/reconstruction_masks/089_IMG20260826124116_mask.png,4bfe5b18d26e62e558e9298305ecb6fc44d92b76ad00b9684ff4d6b8ca99be20,0.20466284658394607,0.20466284658394607
90,IMG20260826124123.jpg,3072,4080,analysis/ml/full_predictions/090_IMG20260826124123_pred.png,f5b594ae161643ce6125e8adf62316ca3fa2f9fa464f0f46e6f8e02948237661,analysis/ml/reconstruction_masks/090_IMG20260826124123_mask.png,4047a594f90adcf3e896054992df55c4201870627d92cab18429fd121706518f,0.3317373238357843,0.33113024343852127
91,IMG20260826124128.jpg,3072,4080,analysis/ml/full_predictions/091_IMG20260826124128_pred.png,c4af8fb89605bf686dc66af5c86b3cbc206e80aa387fe11fe25702b6329255df,analysis/ml/reconstruction_masks/091_IMG20260826124128_mask.png,c4af8fb89605bf686dc66af5c86b3cbc206e80aa387fe11fe25702b6329255df,0.2913736979166667,0.2913736979166667
92,IMG20260826124132.jpg,3072,4080,analysis/ml/full_predictions/092_IMG20260826124132_pred.png,991a86bcbb5fe4d5fd0a56c98871bfecc2ce6397c6bac274ffdde36d4948be4c,analysis/ml/reconstruction_masks/092_IMG20260826124132_mask.png,130e94d9a4b26d21e32dfa8126c611e37a0cfa8f9efdd8bdac39509a6cea80de,0.2844784805198121,0.28400057125714867
93,IMG20260826124140.jpg,3072,4080,analysis/ml/full_predictions/093_IMG20260826124140_pred.png,828f20df697bfacd21888dc7fb4efe06c152852d8a436839a0bf55e015389c69,analysis/ml/reconstruction_masks/093_IMG20260826124140_mask.png,828f20df697bfacd21888dc7fb4efe06c152852d8a436839a0bf55e015389c69,0.3331164790134804,0.3331164790134804
94,IMG20260826124143.jpg,3072,4080,analysis/ml/full_predictions/094_IMG20260826124143_pred.png,ec4d813dad4151d306071115a9bab0a4503891bfc4da37cd58520080dca1a7b9,analysis/ml/reconstruction_masks/094_IMG20260826124143_mask.png,c1e2d91c1d76a98769cac26cd8b47b63b8aae99eeae302844f00ff9c794c907e,0.3442768171721814,0.3440641116472631
95,IMG20260826124146.jpg,3072,4080,analysis/ml/full_predictions/095_IMG20260826124146_pred.png,6fefdcf9245e52b622a0e2cee502668aa2c6dec08cf0998b6a295c84c389bfde,analysis/ml/reconstruction_masks/095_IMG20260826124146_mask.png,6fefdcf9245e52b622a0e2cee502668aa2c6dec08cf0998b6a295c84c389bfde,0.34570376327614377,0.34570376327614377
96,IMG20260826124148.jpg,3072,4080,analysis/ml/full_predictions/096_IMG20260826124148_pred.png,228ec52c7329c0017cd908f313ffba66a3a4b1ae831aab991953b117398f788b,analysis/ml/reconstruction_masks/096_IMG20260826124148_mask.png,a10d6d50a53c475c24266fefdec232c4c36fd54a10129ec7e66304402f65364c,0.32504132838031047,0.31671086728962417
97,IMG20260826124151.jpg,3072,4080,analysis/ml/full_predictions/097_IMG20260826124151_pred.png,de7862a12e5e01e7f1b0f6cf4deb31a49abbf29ae0fee13a20ed2c599423f919,analysis/ml/reconstruction_masks/097_IMG20260826124151_mask.png,de7862a12e5e01e7f1b0f6cf4deb31a49abbf29ae0fee13a20ed2c599423f919,0.3006850298713235,0.3006850298713235
98,IMG20260826124156.jpg,3072,4080,analysis/ml/full_predictions/098_IMG20260826124156_pred.png,7e73a59e5ed80372f830e592ba5829df187a25a54a6d1aa8fc6b5b1dee9bfd81,analysis/ml/reconstruction_masks/098_IMG20260826124156_mask.png,7e73a59e5ed80372f830e592ba5829df187a25a54a6d1aa8fc6b5b1dee9bfd81,0.31284323299632355,0.31284323299632355
99,IMG20260826124159.jpg,3072,4080,analysis/ml/full_predictions/099_IMG20260826124159_pred.png,1060c6963ac69996705dc2b70e579ed4bf98d9f1ffab6df3885bce2678a512dd,analysis/ml/reconstruction_masks/099_IMG20260826124159_mask.png,1060c6963ac69996705dc2b70e579ed4bf98d9f1ffab6df3885bce2678a512dd,0.31563218060661763,0.31563218060661763
100,IMG20260826124201.jpg,3072,4080,analysis/ml/full_predictions/100_IMG20260826124201_pred.png,8f51ebae032dedaf00d1e59ae2affafd2d85ffaa784fea462cf1f870f0a11b58,analysis/ml/reconstruction_masks/100_IMG20260826124201_mask.png,8f51ebae032dedaf00d1e59ae2affafd2d85ffaa784fea462cf1f870f0a11b58,0.3146160449857026,0.3146160449857026
101,IMG20260826124204.jpg,3072,4080,analysis/ml/full_predictions/101_IMG20260826124204_pred.png,e9211928ba9e3e77c5216a6862e70ed54fcc1521566572b1a072c1466df34a7e,analysis/ml/reconstruction_masks/101_IMG20260826124204_mask.png,e9211928ba9e3e77c5216a6862e70ed54fcc1521566572b1a072c1466df34a7e,0.3074825112336601,0.3074825112336601
102,IMG20260826124210.jpg,3072,4080,analysis/ml/full_predictions/102_IMG20260826124210_pred.png,36f88c6b0a5192f9f86d24c0ca4aec39499a711682f6b2f48f1c44cff43b69c8,analysis/ml/reconstruction_masks/102_IMG20260826124210_mask.png,36f88c6b0a5192f9f86d24c0ca4aec39499a711682f6b2f48f1c44cff43b69c8,0.3190116134344363,0.3190116134344363
103,IMG20260826124214.jpg,3072,4080,analysis/ml/full_predictions/103_IMG20260826124214_pred.png,7bb7aa94bff206991a9fcc109b98143368c840636d7b46b1a647df93e9577a28,analysis/ml/reconstruction_masks/103_IMG20260826124214_mask.png,7bb7aa94bff206991a9fcc109b98143368c840636d7b46b1a647df93e9577a28,0.3102348377502043,0.3102348377502043
104,IMG20260826124218.jpg,3072,4080,analysis/ml/full_predictions/104_IMG20260826124218_pred.png,f0672b011ca410b72ae65d74a054f95cf1c5b7c2b8f2ab88d42fdcd084ac6d0e,analysis/ml/reconstruction_masks/104_IMG20260826124218_mask.png,f0672b011ca410b72ae65d74a054f95cf1c5b7c2b8f2ab88d42fdcd084ac6d0e,0.31043565538194445,0.31043565538194445
105,IMG20260826124234.jpg,3072,4080,analysis/ml/full_predictions/105_IMG20260826124234_pred.png,1a24e5c9e5574536e06bfa18984dfb0c93cfe391b454565ebb13a7992ce9c104,analysis/ml/reconstruction_masks/105_IMG20260826124234_mask.png,1a24e5c9e5574536e06bfa18984dfb0c93cfe391b454565ebb13a7992ce9c104,0.3207116619434232,0.3207116619434232
106,IMG20260826124237.jpg,3072,4080,analysis/ml/full_predictions/106_IMG20260826124237_pred.png,fdbc94a09a51d4732ab483681da71a1026cb72ae896397dad051438a30428740,analysis/ml/reconstruction_masks/106_IMG20260826124237_mask.png,fdbc94a09a51d4732ab483681da71a1026cb72ae896397dad051438a30428740,0.31939753114787583,0.31939753114787583
107,IMG20260826124240.jpg,3072,4080,analysis/ml/full_predictions/107_IMG20260826124240_pred.png,19cca98fd0564e3b7afb5a8886911924747942d70911c33e07233f45fb4ec653,analysis/ml/reconstruction_masks/107_IMG20260826124240_mask.png,19cca98fd0564e3b7afb5a8886911924747942d70911c33e07233f45fb4ec653,0.32216214448018793,0.32216214448018793
108,IMG20260826124243.jpg,3072,4080,analysis/ml/full_predictions/108_IMG20260826124243_pred.png,a4b586733c111210460bca12e4a0270d0c7e44e0750ad1316a488f89ee96d569,analysis/ml/reconstruction_masks/108_IMG20260826124243_mask.png,a4b586733c111210460bca12e4a0270d0c7e44e0750ad1316a488f89ee96d569,0.3215309691584967,0.3215309691584967
109,IMG20260826124248.jpg,3072,4080,analysis/ml/full_predictions/109_IMG20260826124248_pred.png,e19584a939cb26603f028b21342b601dbe6aedcd8c0b40597b174491133127af,analysis/ml/reconstruction_masks/109_IMG20260826124248_mask.png,e19584a939cb26603f028b21342b601dbe6aedcd8c0b40597b174491133127af,0.31386479396446076,0.31386479396446076
110,IMG20260826124305.jpg,3072,4080,analysis/ml/full_predictions/110_IMG20260826124305_pred.png,d227faa5127e13ac2beccb8aeeb1a5570774fc7dba49eef25f49661193392df3,analysis/ml/reconstruction_masks/110_IMG20260826124305_mask.png,d227faa5127e13ac2beccb8aeeb1a5570774fc7dba49eef25f49661193392df3,0.31857686759599674,0.31857686759599674
111,IMG20260826124308.jpg,3072,4080,analysis/ml/full_predictions/111_IMG20260826124308_pred.png,4e6dd21231cacb5afc908cb23525d4a4318b9c50e8ad1886e97212c97b8b534a,analysis/ml/reconstruction_masks/111_IMG20260826124308_mask.png,4e6dd21231cacb5afc908cb23525d4a4318b9c50e8ad1886e97212c97b8b534a,0.32869162964665033,0.32869162964665033
112,IMG20260826124313.jpg,3072,4080,analysis/ml/full_predictions/112_IMG20260826124313_pred.png,635fcf649fb8bef3cd6b82e667da7dea69c8710190481190e578efab9c71c900,analysis/ml/reconstruction_masks/112_IMG20260826124313_mask.png,635fcf649fb8bef3cd6b82e667da7dea69c8710190481190e578efab9c71c900,0.32968558517156865,0.32968558517156865
113,IMG20260826124317.jpg,3072,4080,analysis/ml/full_predictions/113_IMG20260826124317_pred.png,4ba0f2408ed2177293a4f9568b9246219f47fb3b30423ecd4762f509890dabac,analysis/ml/reconstruction_masks/113_IMG20260826124317_mask.png,4ba0f2408ed2177293a4f9568b9246219f47fb3b30423ecd4762f509890dabac,0.3300545885671977,0.3300545885671977
114,IMG20260826124323.jpg,3072,4080,analysis/ml/full_predictions/114_IMG20260826124323_pred.png,8fcfc15cd2a980b148d7eeda5eb4031ad04e03d35b463d63ccb90e7d6abc2540,analysis/ml/reconstruction_masks/114_IMG20260826124323_mask.png,8fcfc15cd2a980b148d7eeda5eb4031ad04e03d35b463d63ccb90e7d6abc2540,0.3171092313878677,0.3171092313878677
115,IMG20260826124327.jpg,3072,4080,analysis/ml/full_predictions/115_IMG20260826124327_pred.png,32c55bb5ef2f9ab8b34253c76818c1ecaf2fdfff2b29be3ef3b2e900fcf1f151,analysis/ml/reconstruction_masks/115_IMG20260826124327_mask.png,32c55bb5ef2f9ab8b34253c76818c1ecaf2fdfff2b29be3ef3b2e900fcf1f151,0.3259843813827614,0.3259843813827614
116,IMG20260826124331.jpg,3072,4080,analysis/ml/full_predictions/116_IMG20260826124331_pred.png,3acf11183975d8d0a5541a3aec7cb011a9af9ea30209fe595e272ea42ed0b5f3,analysis/ml/reconstruction_masks/116_IMG20260826124331_mask.png,3acf11183975d8d0a5541a3aec7cb011a9af9ea30209fe595e272ea42ed0b5f3,0.3242288826337827,0.3242288826337827
117,IMG20260826124334.jpg,3072,4080,analysis/ml/full_predictions/117_IMG20260826124334_pred.png,2e23eae5e97bcb4eeba312deb4dc547eba6518a3629e89db293870515cb7af17,analysis/ml/reconstruction_masks/117_IMG20260826124334_mask.png,2e23eae5e97bcb4eeba312deb4dc547eba6518a3629e89db293870515cb7af17,0.3303982204861111,0.3303982204861111
118,IMG20260826124338.jpg,3072,4080,analysis/ml/full_predictions/118_IMG20260826124338_pred.png,0dce58a15f9ec66b0bd8438c20cf177f25e411444590f2329591b16e3f7574da,analysis/ml/reconstruction_masks/118_IMG20260826124338_mask.png,0dce58a15f9ec66b0bd8438c20cf177f25e411444590f2329591b16e3f7574da,0.3333899005565768,0.3333899005565768
119,IMG20260826124343.jpg,3072,4080,analysis/ml/full_predictions/119_IMG20260826124343_pred.png,4fe5cbe7e2c2da6bf4fb28b9446448f614a9e16c4059a26a2104c07c46cd11d6,analysis/ml/reconstruction_masks/119_IMG20260826124343_mask.png,4fe5cbe7e2c2da6bf4fb28b9446448f614a9e16c4059a26a2104c07c46cd11d6,0.34799788730596404,0.34799788730596404
120,IMG20260826124347.jpg,3072,4080,analysis/ml/full_predictions/120_IMG20260826124347_pred.png,685349434b84ec977eba884caea550cfcb5a3d7cdc64e74ea7fb576c1de75d5f,analysis/ml/reconstruction_masks/120_IMG20260826124347_mask.png,685349434b84ec977eba884caea550cfcb5a3d7cdc64e74ea7fb576c1de75d5f,0.34245964499080883,0.34245964499080883
121,IMG20260826124353.jpg,3072,4080,analysis/ml/full_predictions/121_IMG20260826124353_pred.png,152073ac3cfb7f01219d1ca6e10c311932cb5a999358fcf85b7ad62000bf6f2a,analysis/ml/reconstruction_masks/121_IMG20260826124353_mask.png,152073ac3cfb7f01219d1ca6e10c311932cb5a999358fcf85b7ad62000bf6f2a,0.327230854907067,0.327230854907067
122,IMG20260826124356.jpg,3072,4080,analysis/ml/full_predictions/122_IMG20260826124356_pred.png,3162ffeaab9405a69c5bff46638b175a898a9ac59378768e81d157ba2c80720c,analysis/ml/reconstruction_masks/122_IMG20260826124356_mask.png,3162ffeaab9405a69c5bff46638b175a898a9ac59378768e81d157ba2c80720c,0.32100710401348037,0.32100710401348037
123,IMG20260826124400.jpg,3072,4080,analysis/ml/full_predictions/123_IMG20260826124400_pred.png,7b97845d7c5d85d0b702ea13210fa6ad3019287ab2b7a765cacdf890a6795863,analysis/ml/reconstruction_masks/123_IMG20260826124400_mask.png,7b97845d7c5d85d0b702ea13210fa6ad3019287ab2b7a765cacdf890a6795863,0.31503930185355394,0.31503930185355394
124,IMG20260826124404.jpg,3072,4080,analysis/ml/full_predictions/124_IMG20260826124404_pred.png,550c2844abb59b20c203322a7aaa7d4929b923d4ee1ce0e1f9d43a77074906e9,analysis/ml/reconstruction_masks/124_IMG20260826124404_mask.png,550c2844abb59b20c203322a7aaa7d4929b923d4ee1ce0e1f9d43a77074906e9,0.30923753127553105,0.30923753127553105
125,IMG20260826124408.jpg,3072,4080,analysis/ml/full_predictions/125_IMG20260826124408_pred.png,ff6f149e79ca6cb0ea803bb1ca0f8fd5504d0b92ab2681a6e8d5c5ca657149a1,analysis/ml/reconstruction_masks/125_IMG20260826124408_mask.png,ff6f149e79ca6cb0ea803bb1ca0f8fd5504d0b92ab2681a6e8d5c5ca657149a1,0.3094992244944853,0.3094992244944853
126,IMG20260826124412.jpg,3072,4080,analysis/ml/full_predictions/126_IMG20260826124412_pred.png,fbe6e2df0f723fc60cb81b79e5202974121fdf326a86c3cf15d9c8c22d937a77,analysis/ml/reconstruction_masks/126_IMG20260826124412_mask.png,fbe6e2df0f723fc60cb81b79e5202974121fdf326a86c3cf15d9c8c22d937a77,0.3099240770526961,0.3099240770526961
127,IMG20260826124416.jpg,3072,4080,analysis/ml/full_predictions/127_IMG20260826124416_pred.png,14aff940606734f2a9b4e3d805a56aa44fcea5d7d5d7e460ccaeab0a5f65c243,analysis/ml/reconstruction_masks/127_IMG20260826124416_mask.png,14aff940606734f2a9b4e3d805a56aa44fcea5d7d5d7e460ccaeab0a5f65c243,0.29547948899611925,0.29547948899611925
128,IMG20260826124422.jpg,3072,4080,analysis/ml/full_predictions/128_IMG20260826124422_pred.png,5052117d4dc07bf384773e51f5779130c356a05268f50172e513a18150a3d5cb,analysis/ml/reconstruction_masks/128_IMG20260826124422_mask.png,5052117d4dc07bf384773e51f5779130c356a05268f50172e513a18150a3d5cb,0.28879418466605394,0.28879418466605394
129,IMG20260826124425.jpg,3072,4080,analysis/ml/full_predictions/129_IMG20260826124425_pred.png,8cc94f7a180c7d69fedf99e35f8a1ec0a9067d846e662ed3cb543138c99144df,analysis/ml/reconstruction_masks/129_IMG20260826124425_mask.png,8cc94f7a180c7d69fedf99e35f8a1ec0a9067d846e662ed3cb543138c99144df,0.2928163615706699,0.2928163615706699
130,IMG20260826124428.jpg,3072,4080,analysis/ml/full_predictions/130_IMG20260826124428_pred.png,09bbec02738d68ec17ce9cb63b21c82b55e77603ab810c3675b9255375ffb401,analysis/ml/reconstruction_masks/130_IMG20260826124428_mask.png,09bbec02738d68ec17ce9cb63b21c82b55e77603ab810c3675b9255375ffb401,0.2927799798304739,0.2927799798304739
131,IMG20260826124431.jpg,3072,4080,analysis/ml/full_predictions/131_IMG20260826124431_pred.png,2fab7b29cf9d12e2eb242d1c2b6171bd2484c82f29f87ca37e572aaee1397510,analysis/ml/reconstruction_masks/131_IMG20260826124431_mask.png,2fab7b29cf9d12e2eb242d1c2b6171bd2484c82f29f87ca37e572aaee1397510,0.2902078067555147,0.2902078067555147
132,IMG20260826124434.jpg,3072,4080,analysis/ml/full_predictions/132_IMG20260826124434_pred.png,e5b576097809ebd2b50d46d7249966451b495c99ca2f00b667fb03cdbeb9ab90,analysis/ml/reconstruction_masks/132_IMG20260826124434_mask.png,e5b576097809ebd2b50d46d7249966451b495c99ca2f00b667fb03cdbeb9ab90,0.29001839830984477,0.29001839830984477
133,IMG20260826124442.jpg,3072,4080,analysis/ml/full_predictions/133_IMG20260826124442_pred.png,620fdd7e5379a409f45a23dccfb8617595b3d88d4c42c4367353079450acb1a1,analysis/ml/reconstruction_masks/133_IMG20260826124442_mask.png,620fdd7e5379a409f45a23dccfb8617595b3d88d4c42c4367353079450acb1a1,0.3056164311427696,0.3056164311427696
134,IMG20260826124455.jpg,3072,4080,analysis/ml/full_predictions/134_IMG20260826124455_pred.png,dfe7272941ee55f49639c1d7c0405edbb0e2f5c665af21a4e1d663f6e3efe0f7,analysis/ml/reconstruction_masks/134_IMG20260826124455_mask.png,dfe7272941ee55f49639c1d7c0405edbb0e2f5c665af21a4e1d663f6e3efe0f7,0.30753644556781046,0.30753644556781046
135,IMG20260826124458.jpg,3072,4080,analysis/ml/full_predictions/135_IMG20260826124458_pred.png,f16666d48693204034eae51500ebb221a05666bc3588cf06cc649352b109d3bd,analysis/ml/reconstruction_masks/135_IMG20260826124458_mask.png,f16666d48693204034eae51500ebb221a05666bc3588cf06cc649352b109d3bd,0.3010873831954657,0.3010873831954657
136,IMG20260826124501.jpg,3072,4080,analysis/ml/full_predictions/136_IMG20260826124501_pred.png,1dc494d91cf140dcd1ae1d6405845a659536d37ae14de4b8a424b59dcbe3e2db,analysis/ml/reconstruction_masks/136_IMG20260826124501_mask.png,1dc494d91cf140dcd1ae1d6405845a659536d37ae14de4b8a424b59dcbe3e2db,0.2970232396343954,0.2970232396343954
137,IMG20260826124504.jpg,3072,4080,analysis/ml/full_predictions/137_IMG20260826124504_pred.png,bef3a2655a5d5d977661c4b7129f8d024aeed0e20a8cdbe7d858366790f0756e,analysis/ml/reconstruction_masks/137_IMG20260826124504_mask.png,bef3a2655a5d5d977661c4b7129f8d024aeed0e20a8cdbe7d858366790f0756e,0.293521098217933,0.293521098217933
138,IMG20260826124507.jpg,3072,4080,analysis/ml/full_predictions/138_IMG20260826124507_pred.png,2ab119b9c47e2a52fea848bfd258dbb2d8b71e9f28305c7ba6c3251beb207328,analysis/ml/reconstruction_masks/138_IMG20260826124507_mask.png,2ab119b9c47e2a52fea848bfd258dbb2d8b71e9f28305c7ba6c3251beb207328,0.30101366230085785,0.30101366230085785
139,IMG20260826124510.jpg,3072,4080,analysis/ml/full_predictions/139_IMG20260826124510_pred.png,d0f00656e5d5720b9c311930d03abeda3497c52da17072c033af46689bb2db37,analysis/ml/reconstruction_masks/139_IMG20260826124510_mask.png,d0f00656e5d5720b9c311930d03abeda3497c52da17072c033af46689bb2db37,0.31359919130412583,0.31359919130412583
140,IMG20260826124745.jpg,3072,4080,analysis/ml/full_predictions/140_IMG20260826124745_pred.png,f974a1386c7fcacb4f40f7609ddb44a18be73f9ed0891537db1fb5e9c33ebce4,analysis/ml/reconstruction_masks/140_IMG20260826124745_mask.png,f974a1386c7fcacb4f40f7609ddb44a18be73f9ed0891537db1fb5e9c33ebce4,0.30537412556168303,0.30537412556168303
141,IMG20260826124750.jpg,3072,4080,analysis/ml/full_predictions/141_IMG20260826124750_pred.png,a4026501ef5025d17ede0916b44ca33e79bd2992593033838bfad004fd35805f,analysis/ml/reconstruction_masks/141_IMG20260826124750_mask.png,a4026501ef5025d17ede0916b44ca33e79bd2992593033838bfad004fd35805f,0.2990959616268382,0.2990959616268382
142,IMG20260826124754.jpg,3072,4080,analysis/ml/full_predictions/142_IMG20260826124754_pred.png,b8552679975b61fce7ad850695314fd8a9d50cfccbbb3b3c9cbf49e73ecda828,analysis/ml/reconstruction_masks/142_IMG20260826124754_mask.png,b8552679975b61fce7ad850695314fd8a9d50cfccbbb3b3c9cbf49e73ecda828,0.29875312755310457,0.29875312755310457
143,IMG20260826124757.jpg,3072,4080,analysis/ml/full_predictions/143_IMG20260826124757_pred.png,1ade4cb8aec1b098679234a8cecf14aa4c147d6e8a647afab459b13794ac2686,analysis/ml/reconstruction_masks/143_IMG20260826124757_mask.png,1ade4cb8aec1b098679234a8cecf14aa4c147d6e8a647afab459b13794ac2686,0.30457157309538396,0.30457157309538396
144,IMG20260826124801.jpg,3072,4080,analysis/ml/full_predictions/144_IMG20260826124801_pred.png,a31dd42d9b1192ca0f452a3f7a991f439aefba333a72ee3783bff5eae4588a85,analysis/ml/reconstruction_masks/144_IMG20260826124801_mask.png,a31dd42d9b1192ca0f452a3f7a991f439aefba333a72ee3783bff5eae4588a85,0.30310114442912583,0.30310114442912583
145,IMG20260826124806.jpg,3072,4080,analysis/ml/full_predictions/145_IMG20260826124806_pred.png,69dc983d2541bbfa55b25fe842bea3d891ae5e5d2638a01fde3864128acce543,analysis/ml/reconstruction_masks/145_IMG20260826124806_mask.png,69dc983d2541bbfa55b25fe842bea3d891ae5e5d2638a01fde3864128acce543,0.3050085529003268,0.3050085529003268
146,IMG20260826124902.jpg,3072,4080,analysis/ml/full_predictions/146_IMG20260826124902_pred.png,3765b8209b690815e79cc572c4f9659f04fd25b5e81b4adc03ffebd418364fe7,analysis/ml/reconstruction_masks/146_IMG20260826124902_mask.png,3765b8209b690815e79cc572c4f9659f04fd25b5e81b4adc03ffebd418364fe7,0.24209239685457518,0.24209239685457518
147,IMG20260826124905.jpg,3072,4080,analysis/ml/full_predictions/147_IMG20260826124905_pred.png,62b095322f5fdf579ba8fd0a962b02772448519c6b0eff28daeb1e7f47f36f72,analysis/ml/reconstruction_masks/147_IMG20260826124905_mask.png,62b095322f5fdf579ba8fd0a962b02772448519c6b0eff28daeb1e7f47f36f72,0.23090876161662582,0.23090876161662582
148,IMG20260826124908.jpg,3072,4080,analysis/ml/full_predictions/148_IMG20260826124908_pred.png,3ed71569777a2c42e49e77a9454e7d451790f505f06c54f8bd4f6a92cf5e5f94,analysis/ml/reconstruction_masks/148_IMG20260826124908_mask.png,3ed71569777a2c42e49e77a9454e7d451790f505f06c54f8bd4f6a92cf5e5f94,0.23192880667892157,0.23192880667892157
149,IMG20260826124910.jpg,3072,4080,analysis/ml/full_predictions/149_IMG20260826124910_pred.png,7a5dece843fd695f7c0e97666a70b5a93a6d293d4f3e9e2fe12fe6fe3242188e,analysis/ml/reconstruction_masks/149_IMG20260826124910_mask.png,7a5dece843fd695f7c0e97666a70b5a93a6d293d4f3e9e2fe12fe6fe3242188e,0.23855331520629086,0.23855331520629086
150,IMG20260826124913.jpg,3072,4080,analysis/ml/full_predictions/150_IMG20260826124913_pred.png,d78f9e0c38daef7e192d7847ff70a98f62690b590a74b0d13785adb7cd4a4757,analysis/ml/reconstruction_masks/150_IMG20260826124913_mask.png,d78f9e0c38daef7e192d7847ff70a98f62690b590a74b0d13785adb7cd4a4757,0.23224100349775326,0.23224100349775326
151,IMG20260826124916.jpg,3072,4080,analysis/ml/full_predictions/151_IMG20260826124916_pred.png,a0ef16c0f2368d4c54b173316132f518642745c466bbf33056899ae8cb00261d,analysis/ml/reconstruction_masks/151_IMG20260826124916_mask.png,a0ef16c0f2368d4c54b173316132f518642745c466bbf33056899ae8cb00261d,0.22909517973856208,0.22909517973856208
152,IMG20260826124921.jpg,3072,4080,analysis/ml/full_predictions/152_IMG20260826124921_pred.png,2a776fdccd9d30e13d09aeefc05e0e6bc94133bcc1871355c56d9d0631ffcb99,analysis/ml/reconstruction_masks/152_IMG20260826124921_mask.png,2a776fdccd9d30e13d09aeefc05e0e6bc94133bcc1871355c56d9d0631ffcb99,0.21856242659824346,0.21856242659824346
153,IMG20260826124924.jpg,3072,4080,analysis/ml/full_predictions/153_IMG20260826124924_pred.png,48a9209ef8322d48d79470b0a5ef0d5a050b243523e8d70eb4c625271c913eae,analysis/ml/reconstruction_masks/153_IMG20260826124924_mask.png,48a9209ef8322d48d79470b0a5ef0d5a050b243523e8d70eb4c625271c913eae,0.23206388186785132,0.23206388186785132
154,IMG20260826124927.jpg,3072,4080,analysis/ml/full_predictions/154_IMG20260826124927_pred.png,48d4b737dc3f134adf622890e563051305b21422673156bfc1609dc04de3b508,analysis/ml/reconstruction_masks/154_IMG20260826124927_mask.png,48d4b737dc3f134adf622890e563051305b21422673156bfc1609dc04de3b508,0.22989845026552289,0.22989845026552289
155,IMG20260826124930.jpg,3072,4080,analysis/ml/full_predictions/155_IMG20260826124930_pred.png,d474adc7772fe541370b377ee69ed0727498e29b7f1571a30bf65970bbc7e222,analysis/ml/reconstruction_masks/155_IMG20260826124930_mask.png,d474adc7772fe541370b377ee69ed0727498e29b7f1571a30bf65970bbc7e222,0.23702304815155228,0.23702304815155228
156,IMG20260826124933.jpg,3072,4080,analysis/ml/full_predictions/156_IMG20260826124933_pred.png,69a9df5ac6fd79a93478b917fcb0268ad1070cdd1ce40a8303ec54c3e9105ec0,analysis/ml/reconstruction_masks/156_IMG20260826124933_mask.png,69a9df5ac6fd79a93478b917fcb0268ad1070cdd1ce40a8303ec54c3e9105ec0,0.228073060278799,0.228073060278799
157,IMG20260826124936.jpg,3072,4080,analysis/ml/full_predictions/157_IMG20260826124936_pred.png,32fdc6ad332274fca341a065e2c44aad0dad1335bfc3e88bb8b543d70011e22a,analysis/ml/reconstruction_masks/157_IMG20260826124936_mask.png,32fdc6ad332274fca341a065e2c44aad0dad1335bfc3e88bb8b543d70011e22a,0.23961524714052287,0.23961524714052287
158,IMG20260826124945.jpg,3072,4080,analysis/ml/full_predictions/158_IMG20260826124945_pred.png,3c4d9913ecde09c329e03f03bfa804be80f3fb831b122dace5811be85f03ff12,analysis/ml/reconstruction_masks/158_IMG20260826124945_mask.png,3c4d9913ecde09c329e03f03bfa804be80f3fb831b122dace5811be85f03ff12,0.2184476166768791,0.2184476166768791
159,IMG20260826124948.jpg,3072,4080,analysis/ml/full_predictions/159_IMG20260826124948_pred.png,728e782cea5356d7254ae17c7fff229682a9c1eaa8ae04134af29f08552d283b,analysis/ml/reconstruction_masks/159_IMG20260826124948_mask.png,728e782cea5356d7254ae17c7fff229682a9c1eaa8ae04134af29f08552d283b,0.23872628804125817,0.23872628804125817
160,IMG20260826124951.jpg,3072,4080,analysis/ml/full_predictions/160_IMG20260826124951_pred.png,fde4dc01736f5c937c109f1d94dbe84a9b6c4763c6a826ae92957fc2dda78959,analysis/ml/reconstruction_masks/160_IMG20260826124951_mask.png,fde4dc01736f5c937c109f1d94dbe84a9b6c4763c6a826ae92957fc2dda78959,0.22088327844158498,0.22088327844158498
161,IMG20260826124954.jpg,3072,4080,analysis/ml/full_predictions/161_IMG20260826124954_pred.png,266c5d60979f3111450ec00bcf108b5d83d4a6a58460f68ca139bfbc252bdeb6,analysis/ml/reconstruction_masks/161_IMG20260826124954_mask.png,266c5d60979f3111450ec00bcf108b5d83d4a6a58460f68ca139bfbc252bdeb6,0.2327524222579657,0.2327524222579657
162,IMG20260826125001.jpg,3072,4080,analysis/ml/full_predictions/162_IMG20260826125001_pred.png,8cf326ba6dc0dbf2241b860321815adafb1e204fc3c79a4376126fad4148fd3c,analysis/ml/reconstruction_masks/162_IMG20260826125001_mask.png,8cf326ba6dc0dbf2241b860321815adafb1e204fc3c79a4376126fad4148fd3c,0.2373873442606209,0.2373873442606209
163,IMG20260826125004.jpg,3072,4080,analysis/ml/full_predictions/163_IMG20260826125004_pred.png,cc935b1292ba56b61a5e2a1e71968a8084b0b1f6aacc31dd92aaf4b9e7d5a8b3,analysis/ml/reconstruction_masks/163_IMG20260826125004_mask.png,cc935b1292ba56b61a5e2a1e71968a8084b0b1f6aacc31dd92aaf4b9e7d5a8b3,0.2502426247191585,0.2502426247191585
164,IMG20260826125007.jpg,3072,4080,analysis/ml/full_predictions/164_IMG20260826125007_pred.png,19ccd2ba0e43615e8d4b9726d925c271a520f0d0d4314eb33b5ee71c283814c6,analysis/ml/reconstruction_masks/164_IMG20260826125007_mask.png,19ccd2ba0e43615e8d4b9726d925c271a520f0d0d4314eb33b5ee71c283814c6,0.24244560291564543,0.24244560291564543
165,IMG20260826125013.jpg,3072,4080,analysis/ml/full_predictions/165_IMG20260826125013_pred.png,4285ed97f17dc83e032482c7d8d7fd0a8f81a3625e31ff9c44d71fa8a5e90121,analysis/ml/reconstruction_masks/165_IMG20260826125013_mask.png,4285ed97f17dc83e032482c7d8d7fd0a8f81a3625e31ff9c44d71fa8a5e90121,0.22432111353656045,0.22432111353656045
166,IMG20260826125016.jpg,3072,4080,analysis/ml/full_predictions/166_IMG20260826125016_pred.png,3b78021f27fc83f8329fd7ca3ca9c25f561c9f6946e5038036dd265a2b89216c,analysis/ml/reconstruction_masks/166_IMG20260826125016_mask.png,3b78021f27fc83f8329fd7ca3ca9c25f561c9f6946e5038036dd265a2b89216c,0.23084190219056372,0.23084190219056372
167,IMG20260826125018.jpg,3072,4080,analysis/ml/full_predictions/167_IMG20260826125018_pred.png,21fee224ff68c8762f78faf24f8bd2b9fb944bd9d55b90c7b381e3601f0881a0,analysis/ml/reconstruction_masks/167_IMG20260826125018_mask.png,21fee224ff68c8762f78faf24f8bd2b9fb944bd9d55b90c7b381e3601f0881a0,0.2335492302389706,0.2335492302389706
168,IMG20260826125103.jpg,3072,4080,analysis/ml/full_predictions/168_IMG20260826125103_pred.png,c249d7ad92ea70bd60faa018dfb243d7615e3acda694ecc258724c8881c59f2a,analysis/ml/reconstruction_masks/168_IMG20260826125103_mask.png,c249d7ad92ea70bd60faa018dfb243d7615e3acda694ecc258724c8881c59f2a,0.21242994919321895,0.21242994919321895
169,IMG20260826125108.jpg,3072,4080,analysis/ml/full_predictions/169_IMG20260826125108_pred.png,63462a3f576a51d2e35c63e4ad44deac5c1656cb4455adda67df3f97d2b3ad9b,analysis/ml/reconstruction_masks/169_IMG20260826125108_mask.png,63462a3f576a51d2e35c63e4ad44deac5c1656cb4455adda67df3f97d2b3ad9b,0.2169537313623366,0.2169537313623366
170,IMG20260826125111.jpg,3072,4080,analysis/ml/full_predictions/170_IMG20260826125111_pred.png,db13fa16608efea047b6603a60c02f128d381b0a2da79acc096bf6243068f270,analysis/ml/reconstruction_masks/170_IMG20260826125111_mask.png,db13fa16608efea047b6603a60c02f128d381b0a2da79acc096bf6243068f270,0.21303974226409314,0.21303974226409314
171,IMG20260826125124.jpg,3072,4080,analysis/ml/full_predictions/171_IMG20260826125124_pred.png,53b36d7c9561694380566213c1256a692d0093f3a3b58dd231bbbbad37eb87d9,analysis/ml/reconstruction_masks/171_IMG20260826125124_mask.png,53b36d7c9561694380566213c1256a692d0093f3a3b58dd231bbbbad37eb87d9,0.24412283305249183,0.24412283305249183
172,IMG20260826125127.jpg,3072,4080,analysis/ml/full_predictions/172_IMG20260826125127_pred.png,36ed43b23c9e2b94db4b867f5cdc97c8378c239b0faab9d29bc612c5f20640d6,analysis/ml/reconstruction_masks/172_IMG20260826125127_mask.png,36ed43b23c9e2b94db4b867f5cdc97c8378c239b0faab9d29bc612c5f20640d6,0.2486596200980392,0.2486596200980392
173,IMG20260826125130.jpg,3072,4080,analysis/ml/full_predictions/173_IMG20260826125130_pred.png,808b30a9030e41b74e74e1f7fe0249ab881d4cbb5e9d78e04ccaa61910a06b81,analysis/ml/reconstruction_masks/173_IMG20260826125130_mask.png,808b30a9030e41b74e74e1f7fe0249ab881d4cbb5e9d78e04ccaa61910a06b81,0.24987537658292483,0.24987537658292483
174,IMG20260826125133.jpg,3072,4080,analysis/ml/full_predictions/174_IMG20260826125133_pred.png,c6613e361c22e1d05707369435bfafbef60dd1b4a29ea7c7dbb4cdf3904ea6fa,analysis/ml/reconstruction_masks/174_IMG20260826125133_mask.png,5c71c56e277b600f36c7b200e340bcfd3521365fef23e28034dda8adce6c1934,0.25877366408803104,0.25741996017156865
175,IMG20260826125137.jpg,3072,4080,analysis/ml/full_predictions/175_IMG20260826125137_pred.png,7e9d347a364ca7055457cbbc68b88a292dcfb86e7cd8c360b3d752a4ca01f8db,analysis/ml/reconstruction_masks/175_IMG20260826125137_mask.png,7e9d347a364ca7055457cbbc68b88a292dcfb86e7cd8c360b3d752a4ca01f8db,0.2750924702563317,0.2750924702563317
176,IMG20260826125139.jpg,3072,4080,analysis/ml/full_predictions/176_IMG20260826125139_pred.png,2f58b165805529de80e2c5d515f940f9366ca4fa7798b4dfd3c2b90daabf31db,analysis/ml/reconstruction_masks/176_IMG20260826125139_mask.png,b1bca0199cc5c130d77aae80d7bcf8cd544a360b148204aa08e26c73c611bbe6,0.2695945989072712,0.2683284983915441
177,IMG20260826125146.jpg,3072,4080,analysis/ml/full_predictions/177_IMG20260826125146_pred.png,8314718ca26851b7797b482e96f07e14094459d7cca489992247f54df1c856fe,analysis/ml/reconstruction_masks/177_IMG20260826125146_mask.png,4def34beb9ce14a44940ff62f1a8c4a146aa6123c89d23ee5945447a38875ff8,0.2764259886897467,0.275167866625817
178,IMG20260826125151.jpg,3072,4080,analysis/ml/full_predictions/178_IMG20260826125151_pred.png,f1b8a6aca572c7459af65d92360270847f9ed53b4c23a02eb8a049a3c2a899e8,analysis/ml/reconstruction_masks/178_IMG20260826125151_mask.png,f1b8a6aca572c7459af65d92360270847f9ed53b4c23a02eb8a049a3c2a899e8,0.28400256587009803,0.28400256587009803
179,IMG20260826125156.jpg,3072,4080,analysis/ml/full_predictions/179_IMG20260826125156_pred.png,cb78a6e9e95503809d6e6e3ce8260a3e78a63dcfbdf8886c8db22fa58740982e,analysis/ml/reconstruction_masks/179_IMG20260826125156_mask.png,81405d1f17014f1fb3480eaef714eaccfe702de1b927adbb0f7ce0837e1192d3,0.2647170521854575,0.2646801917381536
180,IMG20260826125224.jpg,3072,4080,analysis/ml/full_predictions/180_IMG20260826125224_pred.png,24be24340c74324878335cf13f05a82fe36a3bd7d386627b836771a1a58f589d,analysis/ml/reconstruction_masks/180_IMG20260826125224_mask.png,92de6b89386051270e8aa017eb02608928ca17ae026a689e90a71cb902d69b0b,0.2870856789981618,0.2787759618821487
181,IMG20260826125228.jpg,3072,4080,analysis/ml/full_predictions/181_IMG20260826125228_pred.png,1b2fd1f51e97d387092dc089d09ea0338695303131c56baeba17e567fdca6215,analysis/ml/reconstruction_masks/181_IMG20260826125228_mask.png,7624f915b309a66ebbbbb0fb80dbfab17eb7834244b57479086b13ff38065e54,0.2847391365400327,0.250305255565768
182,IMG20260826125230.jpg,3072,4080,analysis/ml/full_predictions/182_IMG20260826125230_pred.png,b03ee8870d92d292fcc06463ce1d3c2435a96a117eeb8a636f83b2bbb0c775ca,analysis/ml/reconstruction_masks/182_IMG20260826125230_mask.png,b03ee8870d92d292fcc06463ce1d3c2435a96a117eeb8a636f83b2bbb0c775ca,0.29140034594566994,0.29140034594566994
183,IMG20260826125234.jpg,3072,4080,analysis/ml/full_predictions/183_IMG20260826125234_pred.png,1e41dfffd16a243ac9f979021ab4ce1fd2859e467076577ff8b21363fb0e1865,analysis/ml/reconstruction_masks/183_IMG20260826125234_mask.png,1e41dfffd16a243ac9f979021ab4ce1fd2859e467076577ff8b21363fb0e1865,0.2905033286100899,0.2905033286100899
184,IMG20260826125237.jpg,3072,4080,analysis/ml/full_predictions/184_IMG20260826125237_pred.png,4cd22ce5882c10e54e14eed9811e50bb163bd604daf7e01898d7e848eb9ecc84,analysis/ml/reconstruction_masks/184_IMG20260826125237_mask.png,4cd22ce5882c10e54e14eed9811e50bb163bd604daf7e01898d7e848eb9ecc84,0.2722079407935049,0.2722079407935049
185,IMG20260826125241.jpg,3072,4080,analysis/ml/full_predictions/185_IMG20260826125241_pred.png,4c21bc5e8fd8ffcfb5564a3dfc72df88436912d479147b5e8f5d94001e066692,analysis/ml/reconstruction_masks/185_IMG20260826125241_mask.png,4c21bc5e8fd8ffcfb5564a3dfc72df88436912d479147b5e8f5d94001e066692,0.2577139661203023,0.2577139661203023
186,IMG20260826125244.jpg,3072,4080,analysis/ml/full_predictions/186_IMG20260826125244_pred.png,098b1a691b4910abb3a0838d03bb315f4923cdba5fd237ea40bd2892fe8b6854,analysis/ml/reconstruction_masks/186_IMG20260826125244_mask.png,098b1a691b4910abb3a0838d03bb315f4923cdba5fd237ea40bd2892fe8b6854,0.26973222720077616,0.26973222720077616
187,IMG20260826125246.jpg,3072,4080,analysis/ml/full_predictions/187_IMG20260826125246_pred.png,b166912ad787ba3428e6271e9d0ebc0cd259654bce875faee9b8d13776b96c4d,analysis/ml/reconstruction_masks/187_IMG20260826125246_mask.png,3abb85c3a54c5a3714320179581e6f21f03ad327242bf48c537af6ac86bbf41a,0.24706895616319444,0.24449805964052287
188,IMG20260826125249.jpg,3072,4080,analysis/ml/full_predictions/188_IMG20260826125249_pred.png,de6c59de65996cd415adfdef768913d730bfe2b58800439a446c0e800ca105de,analysis/ml/reconstruction_masks/188_IMG20260826125249_mask.png,de6c59de65996cd415adfdef768913d730bfe2b58800439a446c0e800ca105de,0.23706916360294117,0.23706916360294117
189,IMG20260826125253.jpg,3072,4080,analysis/ml/full_predictions/189_IMG20260826125253_pred.png,b064c3dbb969d027e5f5905736b1793bdd964fbdf633576247cfe3c6c4d1fa01,analysis/ml/reconstruction_masks/189_IMG20260826125253_mask.png,b064c3dbb969d027e5f5905736b1793bdd964fbdf633576247cfe3c6c4d1fa01,0.2170895246119281,0.2170895246119281
190,IMG20260826125257.jpg,3072,4080,analysis/ml/full_predictions/190_IMG20260826125257_pred.png,11b240f3f9edc945037c7d904685ef2933610d8933db5441cc15f7f1cb4a2082,analysis/ml/reconstruction_masks/190_IMG20260826125257_mask.png,11b240f3f9edc945037c7d904685ef2933610d8933db5441cc15f7f1cb4a2082,0.22508273654513888,0.22508273654513888
191,IMG20260826125302.jpg,3072,4080,analysis/ml/full_predictions/191_IMG20260826125302_pred.png,863715bfdeb796f39f90044645bc10f460f48562ce64b84adb35851ddf9c49ad,analysis/ml/reconstruction_masks/191_IMG20260826125302_mask.png,863715bfdeb796f39f90044645bc10f460f48562ce64b84adb35851ddf9c49ad,0.22391317529616014,0.22391317529616014
192,IMG20260826125400.jpg,3072,4080,analysis/ml/full_predictions/192_IMG20260826125400_pred.png,d86d29f56d06ce44e9d2d005e435295379c249f9e730f13e0b06831c649a461f,analysis/ml/reconstruction_masks/192_IMG20260826125400_mask.png,d86d29f56d06ce44e9d2d005e435295379c249f9e730f13e0b06831c649a461f,0.23181623072406046,0.23181623072406046
193,IMG20260826125402.jpg,3072,4080,analysis/ml/full_predictions/193_IMG20260826125402_pred.png,454589f0239faf89a2be547d16cf8db2aaf2892cd73f429a6300369c1bcbeabc,analysis/ml/reconstruction_masks/193_IMG20260826125402_mask.png,454589f0239faf89a2be547d16cf8db2aaf2892cd73f429a6300369c1bcbeabc,0.2258053449244281,0.2258053449244281
194,IMG20260826125404.jpg,3072,4080,analysis/ml/full_predictions/194_IMG20260826125404_pred.png,806b5deb9b512f4c160384aef94609707676cec9ca0e6d98f73d41c0770799e0,analysis/ml/reconstruction_masks/194_IMG20260826125404_mask.png,806b5deb9b512f4c160384aef94609707676cec9ca0e6d98f73d41c0770799e0,0.22134347554125816,0.22134347554125816
195,IMG20260826125409.jpg,3072,4080,analysis/ml/full_predictions/195_IMG20260826125409_pred.png,09039b3cd2c86d93b1aa84ceacc2d3aacb38b2cc4f692ae147ead5b7c824da07,analysis/ml/reconstruction_masks/195_IMG20260826125409_mask.png,09039b3cd2c86d93b1aa84ceacc2d3aacb38b2cc4f692ae147ead5b7c824da07,0.21161510991115196,0.21161510991115196
196,IMG20260826125412.jpg,3072,4080,analysis/ml/full_predictions/196_IMG20260826125412_pred.png,56c2403549d3e855c23efb9d9f4cfa6ddb15e946113a885d8115123e3aa6c071,analysis/ml/reconstruction_masks/196_IMG20260826125412_mask.png,56c2403549d3e855c23efb9d9f4cfa6ddb15e946113a885d8115123e3aa6c071,0.2163436191533905,0.2163436191533905
197,IMG20260826125415.jpg,3072,4080,analysis/ml/full_predictions/197_IMG20260826125415_pred.png,7e25e9cfc5d5ccb98ca3205b8335bc3e81592f30b580b0efcc53f8398bd96bd0,analysis/ml/reconstruction_masks/197_IMG20260826125415_mask.png,7e25e9cfc5d5ccb98ca3205b8335bc3e81592f30b580b0efcc53f8398bd96bd0,0.23075693167892156,0.23075693167892156
198,IMG20260826125417.jpg,3072,4080,analysis/ml/full_predictions/198_IMG20260826125417_pred.png,c2b6bbd371d515c0c059fd59559af5df2218da1dae500fba026e9b7697376325,analysis/ml/reconstruction_masks/198_IMG20260826125417_mask.png,c2b6bbd371d515c0c059fd59559af5df2218da1dae500fba026e9b7697376325,0.2243322833690768,0.2243322833690768
199,IMG20260826125419.jpg,3072,4080,analysis/ml/full_predictions/199_IMG20260826125419_pred.png,d06211fbd5cd09a7b1dba9350f89cfeaba3eb013e4b38f3299100e4c404834f0,analysis/ml/reconstruction_masks/199_IMG20260826125419_mask.png,d06211fbd5cd09a7b1dba9350f89cfeaba3eb013e4b38f3299100e4c404834f0,0.2184643714256536,0.2184643714256536
200,IMG20260826125422.jpg,3072,4080,analysis/ml/full_predictions/200_IMG20260826125422_pred.png,3fce952feeb95b03af7da5c0abef04221cfcad110ffb1df84cbb3c9a1134d2ae,analysis/ml/reconstruction_masks/200_IMG20260826125422_mask.png,3fce952feeb95b03af7da5c0abef04221cfcad110ffb1df84cbb3c9a1134d2ae,0.210122660717933,0.210122660717933
201,IMG20260826125425.jpg,3072,4080,analysis/ml/full_predictions/201_IMG20260826125425_pred.png,889e91eec601833a6915b4b8b49f7dbb1194efbe180dc19c2c10a0d440f3521a,analysis/ml/reconstruction_masks/201_IMG20260826125425_mask.png,889e91eec601833a6915b4b8b49f7dbb1194efbe180dc19c2c10a0d440f3521a,0.19922385620915034,0.19922385620915034
202,IMG20260826125427.jpg,3072,4080,analysis/ml/full_predictions/202_IMG20260826125427_pred.png,dc837171c0b37d40102530fd9beb09e6e285ffc3880037136bf51ac7b9e8ed01,analysis/ml/reconstruction_masks/202_IMG20260826125427_mask.png,dc837171c0b37d40102530fd9beb09e6e285ffc3880037136bf51ac7b9e8ed01,0.1881658815870098,0.1881658815870098
203,IMG20260826125453.jpg,3072,4080,analysis/ml/full_predictions/203_IMG20260826125453_pred.png,53955c3184323ad640ac6b6d691363c942838ca62050287970122fc25d5f0623,analysis/ml/reconstruction_masks/203_IMG20260826125453_mask.png,53955c3184323ad640ac6b6d691363c942838ca62050287970122fc25d5f0623,0.21053379033905228,0.21053379033905228
204,IMG20260826125522.jpg,3072,4080,analysis/ml/full_predictions/204_IMG20260826125522_pred.png,76b7749a82e0399617488225204c927c6a8ad9b7256cdde520f78ea7170c7a7c,analysis/ml/reconstruction_masks/204_IMG20260826125522_mask.png,76b7749a82e0399617488225204c927c6a8ad9b7256cdde520f78ea7170c7a7c,0.21183355992136438,0.21183355992136438
205,IMG20260826125524.jpg,3072,4080,analysis/ml/full_predictions/205_IMG20260826125524_pred.png,82f2344536a2e707f775a998560fd85246992b0f60beed8b5d05f0cf07767a89,analysis/ml/reconstruction_masks/205_IMG20260826125524_mask.png,82f2344536a2e707f775a998560fd85246992b0f60beed8b5d05f0cf07767a89,0.216629008374183,0.216629008374183
206,IMG20260826125527.jpg,3072,4080,analysis/ml/full_predictions/206_IMG20260826125527_pred.png,cf7dd7c4f02d0e1c7d196e4f4771d33a73c4cfd7c9a497c225d804caa8be975f,analysis/ml/reconstruction_masks/206_IMG20260826125527_mask.png,cf7dd7c4f02d0e1c7d196e4f4771d33a73c4cfd7c9a497c225d804caa8be975f,0.23453385097528595,0.23453385097528595
207,IMG20260826125529.jpg,3072,4080,analysis/ml/full_predictions/207_IMG20260826125529_pred.png,6258bcb51724c225e1f31c13bb97edb89ce6fd17ed173922392365ac049ee61c,analysis/ml/reconstruction_masks/207_IMG20260826125529_mask.png,6258bcb51724c225e1f31c13bb97edb89ce6fd17ed173922392365ac049ee61c,0.22896369485294119,0.22896369485294119
208,IMG20260826125532.jpg,3072,4080,analysis/ml/full_predictions/208_IMG20260826125532_pred.png,da8d306059c077768cfd3ca3332945852a26b0c1a25f4dcfbff747ff989b11bf,analysis/ml/reconstruction_masks/208_IMG20260826125532_mask.png,da8d306059c077768cfd3ca3332945852a26b0c1a25f4dcfbff747ff989b11bf,0.24007759842218138,0.24007759842218138
209,IMG20260826125534.jpg,3072,4080,analysis/ml/full_predictions/209_IMG20260826125534_pred.png,74a6db1175fd3009ee072e1c0efbb9a83c12981581f33441af0c075042d49ed3,analysis/ml/reconstruction_masks/209_IMG20260826125534_mask.png,74a6db1175fd3009ee072e1c0efbb9a83c12981581f33441af0c075042d49ed3,0.23101096558415032,0.23101096558415032
210,IMG20260826125538.jpg,3072,4080,analysis/ml/full_predictions/210_IMG20260826125538_pred.png,48e5eb0442a67a506016ec039d308857b316d4cd9a5f1269eb1bf55f904bac5d,analysis/ml/reconstruction_masks/210_IMG20260826125538_mask.png,48e5eb0442a67a506016ec039d308857b316d4cd9a5f1269eb1bf55f904bac5d,0.2222921932444853,0.2222921932444853
211,IMG20260826125616.jpg,3072,4080,analysis/ml/full_predictions/211_IMG20260826125616_pred.png,4c3ec65a761170d4da2b5a77905f843812318d548991c9387791133fa000ca73,analysis/ml/reconstruction_masks/211_IMG20260826125616_mask.png,4c3ec65a761170d4da2b5a77905f843812318d548991c9387791133fa000ca73,0.23237177032271242,0.23237177032271242
212,IMG20260826125619.jpg,3072,4080,analysis/ml/full_predictions/212_IMG20260826125619_pred.png,fe94c2fc0fc808f427250e8d0029a8809cbcd62c8aac736063115a266b02273f,analysis/ml/reconstruction_masks/212_IMG20260826125619_mask.png,fe94c2fc0fc808f427250e8d0029a8809cbcd62c8aac736063115a266b02273f,0.22994241153492648,0.22994241153492648
213,IMG20260826125624.jpg,3072,4080,analysis/ml/full_predictions/213_IMG20260826125624_pred.png,9265486f0d26187a0fd93b84499c085fee061e2d6b609107d05d4618a00e6bc6,analysis/ml/reconstruction_masks/213_IMG20260826125624_mask.png,9265486f0d26187a0fd93b84499c085fee061e2d6b609107d05d4618a00e6bc6,0.21538612515318628,0.21538612515318628
214,IMG20260826125628.jpg,3072,4080,analysis/ml/full_predictions/214_IMG20260826125628_pred.png,9f1629baf1fd5ba94b6c2cc50517553afbb103863e70c8364d1533a7ed76eea4,analysis/ml/reconstruction_masks/214_IMG20260826125628_mask.png,9f1629baf1fd5ba94b6c2cc50517553afbb103863e70c8364d1533a7ed76eea4,0.21615397135416667,0.21615397135416667
215,IMG20260826125631.jpg,3072,4080,analysis/ml/full_predictions/215_IMG20260826125631_pred.png,45245b791ae015fa02cf0dd1d710c7b141e7488fe9774230d84b65088c6fa2e7,analysis/ml/reconstruction_masks/215_IMG20260826125631_mask.png,45245b791ae015fa02cf0dd1d710c7b141e7488fe9774230d84b65088c6fa2e7,0.2273288302951389,0.2273288302951389
216,IMG20260826125634.jpg,3072,4080,analysis/ml/full_predictions/216_IMG20260826125634_pred.png,a73ba09a4f7389e6d7dadb20c2cb3d4906b55029679c069019422af4b13d9144,analysis/ml/reconstruction_masks/216_IMG20260826125634_mask.png,a73ba09a4f7389e6d7dadb20c2cb3d4906b55029679c069019422af4b13d9144,0.20127336090686274,0.20127336090686274
217,IMG20260826125638.jpg,3072,4080,analysis/ml/full_predictions/217_IMG20260826125638_pred.png,7ecd4c7feff48bb41db226b8fd0665b585206fae5410faaf77012350f0af1d7a,analysis/ml/reconstruction_masks/217_IMG20260826125638_mask.png,7ecd4c7feff48bb41db226b8fd0665b585206fae5410faaf77012350f0af1d7a,0.19566817938112746,0.19566817938112746
218,IMG20260826125640.jpg,3072,4080,analysis/ml/full_predictions/218_IMG20260826125640_pred.png,85b1ea87ea86ab83b007bddffb887b8a036d7ce309fd897f58fb0c3d8a0073a7,analysis/ml/reconstruction_masks/218_IMG20260826125640_mask.png,85b1ea87ea86ab83b007bddffb887b8a036d7ce309fd897f58fb0c3d8a0073a7,0.19671040453941993,0.19671040453941993
219,IMG20260826125643.jpg,3072,4080,analysis/ml/full_predictions/219_IMG20260826125643_pred.png,a6a2738908fe4b48e489aef6d7cc0226244f8d9e2cd8d3e19c5d11b376ecc588,analysis/ml/reconstruction_masks/219_IMG20260826125643_mask.png,a6a2738908fe4b48e489aef6d7cc0226244f8d9e2cd8d3e19c5d11b376ecc588,0.20424613204656863,0.20424613204656863
220,IMG20260826125647.jpg,3072,4080,analysis/ml/full_predictions/220_IMG20260826125647_pred.png,9a392abdb51b583d77a21751f7a9074c830c1ef9d95b90898760970e4219e19b,analysis/ml/reconstruction_masks/220_IMG20260826125647_mask.png,9a392abdb51b583d77a21751f7a9074c830c1ef9d95b90898760970e4219e19b,0.204025208716299,0.204025208716299
221,IMG20260826125650.jpg,3072,4080,analysis/ml/full_predictions/221_IMG20260826125650_pred.png,cd18e39fa70d7a9d692ad829da3c4a1b1691e89b875676291a5135da2ff0d87d,analysis/ml/reconstruction_masks/221_IMG20260826125650_mask.png,cd18e39fa70d7a9d692ad829da3c4a1b1691e89b875676291a5135da2ff0d87d,0.19247671887765522,0.19247671887765522
222,IMG20260826125653.jpg,3072,4080,analysis/ml/full_predictions/222_IMG20260826125653_pred.png,e7e5dbf5ed6ea7a4582648827deef36d74297bfedb346d2ec2a177f85f67f99a,analysis/ml/reconstruction_masks/222_IMG20260826125653_mask.png,e7e5dbf5ed6ea7a4582648827deef36d74297bfedb346d2ec2a177f85f67f99a,0.1868573357077206,0.1868573357077206
223,IMG20260826125657.jpg,3072,4080,analysis/ml/full_predictions/223_IMG20260826125657_pred.png,03ed3efb304a688c5ac14c9672c8f564e54f108d70096931812e7cf894d7279c,analysis/ml/reconstruction_masks/223_IMG20260826125657_mask.png,03ed3efb304a688c5ac14c9672c8f564e54f108d70096931812e7cf894d7279c,0.17889172921772875,0.17889172921772875
224,IMG20260826125737.jpg,3072,4080,analysis/ml/full_predictions/224_IMG20260826125737_pred.png,8103378f1122670cf5638dcaaeccfd66871d193e21894e693bc828859ea76be7,analysis/ml/reconstruction_masks/224_IMG20260826125737_mask.png,8103378f1122670cf5638dcaaeccfd66871d193e21894e693bc828859ea76be7,0.19207739736519608,0.19207739736519608
225,IMG20260826125739.jpg,3072,4080,analysis/ml/full_predictions/225_IMG20260826125739_pred.png,afce2e80d592922736630e7744f43b8cb64d97ac4f0e7ed36548aaabc4726aa8,analysis/ml/reconstruction_masks/225_IMG20260826125739_mask.png,afce2e80d592922736630e7744f43b8cb64d97ac4f0e7ed36548aaabc4726aa8,0.18824502782883987,0.18824502782883987
226,IMG20260826125741.jpg,3072,4080,analysis/ml/full_predictions/226_IMG20260826125741_pred.png,0b1d519b9d1a253c6f2540097d5d1b47b4aa544d622f96d1bad293f96b326d93,analysis/ml/reconstruction_masks/226_IMG20260826125741_mask.png,0b1d519b9d1a253c6f2540097d5d1b47b4aa544d622f96d1bad293f96b326d93,0.18336325252757352,0.18336325252757352
227,IMG20260826125743.jpg,3072,4080,analysis/ml/full_predictions/227_IMG20260826125743_pred.png,a839d475a7e7150ff017645c5e70567ce3411415f6a21fc6404170488d906d12,analysis/ml/reconstruction_masks/227_IMG20260826125743_mask.png,a839d475a7e7150ff017645c5e70567ce3411415f6a21fc6404170488d906d12,0.19021570542279412,0.19021570542279412
228,IMG20260826125746.jpg,3072,4080,analysis/ml/full_predictions/228_IMG20260826125746_pred.png,8cd80e0b535a84e0506ca5e270cef4b6984d7cafb145075df8d17249e988bd87,analysis/ml/reconstruction_masks/228_IMG20260826125746_mask.png,8cd80e0b535a84e0506ca5e270cef4b6984d7cafb145075df8d17249e988bd87,0.18919023501327614,0.18919023501327614
229,IMG20260826125749.jpg,3072,4080,analysis/ml/full_predictions/229_IMG20260826125749_pred.png,87e302cfe1e03dfa92e6f76c4785062441c00264ee72335d8a28267ddc01d9f3,analysis/ml/reconstruction_masks/229_IMG20260826125749_mask.png,87e302cfe1e03dfa92e6f76c4785062441c00264ee72335d8a28267ddc01d9f3,0.18764329299428104,0.18764329299428104
230,IMG20260826125845.jpg,3072,4080,analysis/ml/full_predictions/230_IMG20260826125845_pred.png,c50fca454d4af2216e2f1ee529f2b2f94d08b2ad00472a7eb4d81458a64f6e22,analysis/ml/reconstruction_masks/230_IMG20260826125845_mask.png,c50fca454d4af2216e2f1ee529f2b2f94d08b2ad00472a7eb4d81458a64f6e22,0.21320736953635622,0.21320736953635622
231,IMG20260826125849.jpg,3072,4080,analysis/ml/full_predictions/231_IMG20260826125849_pred.png,f51db27b221c631d14171b19c0fdb7ece451170d3d2754ae0f856b41f04b3ca5,analysis/ml/reconstruction_masks/231_IMG20260826125849_mask.png,f51db27b221c631d14171b19c0fdb7ece451170d3d2754ae0f856b41f04b3ca5,0.19093671811172386,0.19093671811172386
232,IMG20260826125852.jpg,3072,4080,analysis/ml/full_predictions/232_IMG20260826125852_pred.png,babc658ae528b78c8d3fd9b51aa20bf5351216926b4deb5e1686d59de6b1d68d,analysis/ml/reconstruction_masks/232_IMG20260826125852_mask.png,babc658ae528b78c8d3fd9b51aa20bf5351216926b4deb5e1686d59de6b1d68d,0.2077044717626634,0.2077044717626634
233,IMG20260826125854.jpg,3072,4080,analysis/ml/full_predictions/233_IMG20260826125854_pred.png,262c55ca3d860d1149275a7759b9fd3003752a64f9c73084f9013dd1a5ac8a81,analysis/ml/reconstruction_masks/233_IMG20260826125854_mask.png,262c55ca3d860d1149275a7759b9fd3003752a64f9c73084f9013dd1a5ac8a81,0.21055868310866013,0.21055868310866013
234,IMG20260826125857.jpg,3072,4080,analysis/ml/full_predictions/234_IMG20260826125857_pred.png,963f7cf71a7a447e8cae4395a3e8de2feac82100c05389815f2df67195f0c7dc,analysis/ml/reconstruction_masks/234_IMG20260826125857_mask.png,963f7cf71a7a447e8cae4395a3e8de2feac82100c05389815f2df67195f0c7dc,0.2234371808619281,0.2234371808619281
235,IMG20260826125901.jpg,3072,4080,analysis/ml/full_predictions/235_IMG20260826125901_pred.png,06cde00010b4149926cc6405999baca13687890c7a744b0ad2f2fbeb178b82fa,analysis/ml/reconstruction_masks/235_IMG20260826125901_mask.png,06cde00010b4149926cc6405999baca13687890c7a744b0ad2f2fbeb178b82fa,0.2297775767207925,0.2297775767207925
236,IMG20260826125910.jpg,3072,4080,analysis/ml/full_predictions/236_IMG20260826125910_pred.png,b6cd144dc6ac4cf6e4432da53afd0806abd01ec5c872b9a0940151a9920f359d,analysis/ml/reconstruction_masks/236_IMG20260826125910_mask.png,b6cd144dc6ac4cf6e4432da53afd0806abd01ec5c872b9a0940151a9920f359d,0.20833820018892973,0.20833820018892973
237,IMG20260826125914.jpg,3072,4080,analysis/ml/full_predictions/237_IMG20260826125914_pred.png,2177ea540d0be3d5dd080eb7343f7ed9a51edc914218a6382404318385af2690,analysis/ml/reconstruction_masks/237_IMG20260826125914_mask.png,2177ea540d0be3d5dd080eb7343f7ed9a51edc914218a6382404318385af2690,0.2099423477073121,0.2099423477073121
238,IMG20260826125922.jpg,3072,4080,analysis/ml/full_predictions/238_IMG20260826125922_pred.png,de3c6ec81aa6a6714960d986fd71c5106819d82e9e15aeb7fbd9005b70eb73b5,analysis/ml/reconstruction_masks/238_IMG20260826125922_mask.png,de3c6ec81aa6a6714960d986fd71c5106819d82e9e15aeb7fbd9005b70eb73b5,0.1784566642412173,0.1784566642412173
239,IMG20260826125925.jpg,3072,4080,analysis/ml/full_predictions/239_IMG20260826125925_pred.png,c81d0d4b66b4a35d8cd40b2a4328ccb266c2b3ff2b424a159d7df4cf62023828,analysis/ml/reconstruction_masks/239_IMG20260826125925_mask.png,c81d0d4b66b4a35d8cd40b2a4328ccb266c2b3ff2b424a159d7df4cf62023828,0.1764315736060049,0.1764315736060049
240,IMG20260826125930.jpg,3072,4080,analysis/ml/full_predictions/240_IMG20260826125930_pred.png,af387107ee83e06c354c46a576c5291912256c73183aa851220002c7489ca754,analysis/ml/reconstruction_masks/240_IMG20260826125930_mask.png,af387107ee83e06c354c46a576c5291912256c73183aa851220002c7489ca754,0.18521050347222223,0.18521050347222223
241,IMG20260826125936.jpg,3072,4080,analysis/ml/full_predictions/241_IMG20260826125936_pred.png,42f82937c77c9517fe81117e83e85fb8b39a2a55dabecf565f347825c84bd6c1,analysis/ml/reconstruction_masks/241_IMG20260826125936_mask.png,42f82937c77c9517fe81117e83e85fb8b39a2a55dabecf565f347825c84bd6c1,0.19184330958946078,0.19184330958946078
242,IMG20260826125940.jpg,3072,4080,analysis/ml/full_predictions/242_IMG20260826125940_pred.png,f7f8f75ed631983222bee3ff1f7ba0a7fb520d92bd527e08d8ac1a310bd9bc20,analysis/ml/reconstruction_masks/242_IMG20260826125940_mask.png,f7f8f75ed631983222bee3ff1f7ba0a7fb520d92bd527e08d8ac1a310bd9bc20,0.19657979728349673,0.19657979728349673
243,IMG20260826125942.jpg,3072,4080,analysis/ml/full_predictions/243_IMG20260826125942_pred.png,da210092464023fa790c170436fd71f3c2642054809a6e62e1364e5313776cc7,analysis/ml/reconstruction_masks/243_IMG20260826125942_mask.png,da210092464023fa790c170436fd71f3c2642054809a6e62e1364e5313776cc7,0.19629712073631536,0.19629712073631536
244,IMG20260826125946.jpg,3072,4080,analysis/ml/full_predictions/244_IMG20260826125946_pred.png,7a00d2ef8d804f7aaf628f6b268ff3d1b2275e80347d06b2b6c3fcb89139e68c,analysis/ml/reconstruction_masks/244_IMG20260826125946_mask.png,7a00d2ef8d804f7aaf628f6b268ff3d1b2275e80347d06b2b6c3fcb89139e68c,0.19398568346609477,0.19398568346609477
245,IMG20260826130001.jpg,3072,4080,analysis/ml/full_predictions/245_IMG20260826130001_pred.png,a635f7bc1a3bcb66aac6522a348e073297c69026947acbb7f1aca679e5c840b3,analysis/ml/reconstruction_masks/245_IMG20260826130001_mask.png,a635f7bc1a3bcb66aac6522a348e073297c69026947acbb7f1aca679e5c840b3,0.17406843596813726,0.17406843596813726
246,IMG20260826130003.jpg,3072,4080,analysis/ml/full_predictions/246_IMG20260826130003_pred.png,f4cec40dcc54a74d627444aa9e94474f9520ab7f3f1c38a07b5196e23e9173de,analysis/ml/reconstruction_masks/246_IMG20260826130003_mask.png,f4cec40dcc54a74d627444aa9e94474f9520ab7f3f1c38a07b5196e23e9173de,0.18962912964665032,0.18962912964665032
247,IMG20260826130026.jpg,3072,4080,analysis/ml/full_predictions/247_IMG20260826130026_pred.png,020f2248d4996567c2d28dbd66cd76f67ec0c02048c64d5bb368af8ae46e562b,analysis/ml/reconstruction_masks/247_IMG20260826130026_mask.png,020f2248d4996567c2d28dbd66cd76f67ec0c02048c64d5bb368af8ae46e562b,0.1756863064236111,0.1756863064236111
248,IMG20260826130028.jpg,3072,4080,analysis/ml/full_predictions/248_IMG20260826130028_pred.png,f3ff30447824085002b0a7d94770bc4fa7ccb293daba47c29d712e26ccfd2882,analysis/ml/reconstruction_masks/248_IMG20260826130028_mask.png,f3ff30447824085002b0a7d94770bc4fa7ccb293daba47c29d712e26ccfd2882,0.15135952818627452,0.15135952818627452
249,IMG20260826130031.jpg,3072,4080,analysis/ml/full_predictions/249_IMG20260826130031_pred.png,23b2ce6bdb48d380319ccf75cfaf934839aa4af6e17d38029d0c7160ac172001,analysis/ml/reconstruction_masks/249_IMG20260826130031_mask.png,23b2ce6bdb48d380319ccf75cfaf934839aa4af6e17d38029d0c7160ac172001,0.15401627285028593,0.15401627285028593
250,IMG20260826130033.jpg,3072,4080,analysis/ml/full_predictions/250_IMG20260826130033_pred.png,d0e158e59ff05b32f146e66e9a98a6abea43c964c6b81cd2ae55fe78a7685269,analysis/ml/reconstruction_masks/250_IMG20260826130033_mask.png,d0e158e59ff05b32f146e66e9a98a6abea43c964c6b81cd2ae55fe78a7685269,0.16082324857026145,0.16082324857026145
251,IMG20260826130036.jpg,3072,4080,analysis/ml/full_predictions/251_IMG20260826130036_pred.png,5138015153919e59e8e48c80b09af7672f8fc52906afc537cca19e6ceff4bad0,analysis/ml/reconstruction_masks/251_IMG20260826130036_mask.png,5138015153919e59e8e48c80b09af7672f8fc52906afc537cca19e6ceff4bad0,0.15455593532986112,0.15455593532986112
252,IMG20260826130043.jpg,3072,4080,analysis/ml/full_predictions/252_IMG20260826130043_pred.png,ffeeb520b9cc179e5941662fff78ecdcf2e7826c4d1a5b29294f27c2801a0e96,analysis/ml/reconstruction_masks/252_IMG20260826130043_mask.png,ffeeb520b9cc179e5941662fff78ecdcf2e7826c4d1a5b29294f27c2801a0e96,0.1675131006178513,0.1675131006178513
253,IMG20260826130045.jpg,3072,4080,analysis/ml/full_predictions/253_IMG20260826130045_pred.png,a11cf08b33a5571de455de4c1ab8132a634a91c6ed41149f09989c917e46be36,analysis/ml/reconstruction_masks/253_IMG20260826130045_mask.png,a11cf08b33a5571de455de4c1ab8132a634a91c6ed41149f09989c917e46be36,0.1590970307393791,0.1590970307393791
254,IMG20260826130047.jpg,3072,4080,analysis/ml/full_predictions/254_IMG20260826130047_pred.png,b439c3ecf8022b689072fada872952a4df692753d66563dba5c960bb4922f8ff,analysis/ml/reconstruction_masks/254_IMG20260826130047_mask.png,b439c3ecf8022b689072fada872952a4df692753d66563dba5c960bb4922f8ff,0.16115794462316177,0.16115794462316177
255,IMG20260826130051.jpg,3072,4080,analysis/ml/full_predictions/255_IMG20260826130051_pred.png,2e965c0bdea0a872261e872d9e137cefe5a1e2265101541c909a7e06f2bae75c,analysis/ml/reconstruction_masks/255_IMG20260826130051_mask.png,2e965c0bdea0a872261e872d9e137cefe5a1e2265101541c909a7e06f2bae75c,0.15859047883476307,0.15859047883476307
256,IMG20260826130053.jpg,3072,4080,analysis/ml/full_predictions/256_IMG20260826130053_pred.png,e948d8e38eff0fc9da5b40eab02895986d8b95eb13b5a0aa243ad262f1fbf656,analysis/ml/reconstruction_masks/256_IMG20260826130053_mask.png,e948d8e38eff0fc9da5b40eab02895986d8b95eb13b5a0aa243ad262f1fbf656,0.17291826235702615,0.17291826235702615
257,IMG20260826130056.jpg,3072,4080,analysis/ml/full_predictions/257_IMG20260826130056_pred.png,e2e12f4ca62a42cc59dcad5a54973b8d668dec9e22c3df7a5c632e07464ed4f2,analysis/ml/reconstruction_masks/257_IMG20260826130056_mask.png,e2e12f4ca62a42cc59dcad5a54973b8d668dec9e22c3df7a5c632e07464ed4f2,0.158383198657067,0.158383198657067
258,IMG20260826130059.jpg,3072,4080,analysis/ml/full_predictions/258_IMG20260826130059_pred.png,4a85598b7d37d3d74057f86979a631262949d1df3da6e854726b5e0efbb3cbe9,analysis/ml/reconstruction_masks/258_IMG20260826130059_mask.png,4a85598b7d37d3d74057f86979a631262949d1df3da6e854726b5e0efbb3cbe9,0.14838420394199348,0.14838420394199348
259,IMG20260826130113.jpg,3072,4080,analysis/ml/full_predictions/259_IMG20260826130113_pred.png,eabd93b4cb18b0a21ace6e7a8dab3954be6cf8f90ce6d96baf4fc654f51a521b,analysis/ml/reconstruction_masks/259_IMG20260826130113_mask.png,eabd93b4cb18b0a21ace6e7a8dab3954be6cf8f90ce6d96baf4fc654f51a521b,0.1843249751072304,0.1843249751072304
260,IMG20260826130116.jpg,3072,4080,analysis/ml/full_predictions/260_IMG20260826130116_pred.png,e9ac75a832a0cb4a278a3ade20fd21e49a581b175410d0722eea790dfd76ac3f,analysis/ml/reconstruction_masks/260_IMG20260826130116_mask.png,e9ac75a832a0cb4a278a3ade20fd21e49a581b175410d0722eea790dfd76ac3f,0.1730374604268791,0.1730374604268791
261,IMG20260826130118.jpg,3072,4080,analysis/ml/full_predictions/261_IMG20260826130118_pred.png,266693b9e7e01c41aefc997b6d0339288a4eb5c733327a3bbe0dc738f601a04b,analysis/ml/reconstruction_masks/261_IMG20260826130118_mask.png,266693b9e7e01c41aefc997b6d0339288a4eb5c733327a3bbe0dc738f601a04b,0.1688244389552696,0.1688244389552696
262,IMG20260826130121.jpg,3072,4080,analysis/ml/full_predictions/262_IMG20260826130121_pred.png,253dbf89eae6cb26ad7a03e88bc88d1bbca29a5084b0b49f61c014487c44759e,analysis/ml/reconstruction_masks/262_IMG20260826130121_mask.png,253dbf89eae6cb26ad7a03e88bc88d1bbca29a5084b0b49f61c014487c44759e,0.17023909824346406,0.17023909824346406
263,IMG20260826130125.jpg,3072,4080,analysis/ml/full_predictions/263_IMG20260826130125_pred.png,910a314f47631d4d194f5a8e1c6fb74fa31728dfb299e29807f13b22d822b4e4,analysis/ml/reconstruction_masks/263_IMG20260826130125_mask.png,910a314f47631d4d194f5a8e1c6fb74fa31728dfb299e29807f13b22d822b4e4,0.16744847515829248,0.16744847515829248
264,IMG20260826130128.jpg,3072,4080,analysis/ml/full_predictions/264_IMG20260826130128_pred.png,23691a2a4181a0ce0f2b360e4f1ac5ffbe876c85cbc033fb05ac6f15d5fe4384,analysis/ml/reconstruction_masks/264_IMG20260826130128_mask.png,23691a2a4181a0ce0f2b360e4f1ac5ffbe876c85cbc033fb05ac6f15d5fe4384,0.1738388161254085,0.1738388161254085
265,IMG20260826130131.jpg,3072,4080,analysis/ml/full_predictions/265_IMG20260826130131_pred.png,020bcd4f0712c4fbea3d9a1464b47c133bdd5f135cadfab5f53b3a9e880b6668,analysis/ml/reconstruction_masks/265_IMG20260826130131_mask.png,020bcd4f0712c4fbea3d9a1464b47c133bdd5f135cadfab5f53b3a9e880b6668,0.1781960880055147,0.1781960880055147
266,IMG20260826130134.jpg,3072,4080,analysis/ml/full_predictions/266_IMG20260826130134_pred.png,ef650a4e1dc65cc1dcfecf43ae866476966ee16a15f72dacd3f96c1e42e8be5a,analysis/ml/reconstruction_masks/266_IMG20260826130134_mask.png,ef650a4e1dc65cc1dcfecf43ae866476966ee16a15f72dacd3f96c1e42e8be5a,0.16371120876736112,0.16371120876736112
267,IMG20260826130313.jpg,3072,4080,analysis/ml/full_predictions/267_IMG20260826130313_pred.png,07d9c01721c78a9472c0e7ca87b78866f597a70cd47bda5b30ddd43bf5e2ddd2,analysis/ml/reconstruction_masks/267_IMG20260826130313_mask.png,07d9c01721c78a9472c0e7ca87b78866f597a70cd47bda5b30ddd43bf5e2ddd2,0.5549856547436683,0.5549856547436683
268,IMG20260826130322.jpg,3072,4080,analysis/ml/full_predictions/268_IMG20260826130322_pred.png,f149e6feaa4d37c2a101c2d322e96cc4f55a247ed62a37bb532e5fb0077aed92,analysis/ml/reconstruction_masks/268_IMG20260826130322_mask.png,f149e6feaa4d37c2a101c2d322e96cc4f55a247ed62a37bb532e5fb0077aed92,0.5231765248417075,0.5231765248417075
269,IMG20260826130325.jpg,3072,4080,analysis/ml/full_predictions/269_IMG20260826130325_pred.png,870f43127d9828a19790553d6e65f70aa6185dcf16356b5b4067eb3dd2c50e9a,analysis/ml/reconstruction_masks/269_IMG20260826130325_mask.png,870f43127d9828a19790553d6e65f70aa6185dcf16356b5b4067eb3dd2c50e9a,0.5412481170853758,0.5412481170853758
270,IMG20260826130328.jpg,3072,4080,analysis/ml/full_predictions/270_IMG20260826130328_pred.png,0e8e2d8d81a1c8e49a8f90551d479fbbf089501d4f605ea9f76bc311f7b3ee6b,analysis/ml/reconstruction_masks/270_IMG20260826130328_mask.png,0e8e2d8d81a1c8e49a8f90551d479fbbf089501d4f605ea9f76bc311f7b3ee6b,0.5612465054381127,0.5612465054381127
271,IMG20260826130330.jpg,3072,4080,analysis/ml/full_predictions/271_IMG20260826130330_pred.png,52e4fc7b851af93fd428f7c3999b947b4af0a54e80c895e0b3601b9c395df339,analysis/ml/reconstruction_masks/271_IMG20260826130330_mask.png,52e4fc7b851af93fd428f7c3999b947b4af0a54e80c895e0b3601b9c395df339,0.5381279041564543,0.5381279041564543
272,IMG20260826130334.jpg,3072,4080,analysis/ml/full_predictions/272_IMG20260826130334_pred.png,08be12297c04d41d3370c9ae587c34bfae585bf6c2515bf53dfd4466f64aab06,analysis/ml/reconstruction_masks/272_IMG20260826130334_mask.png,08be12297c04d41d3370c9ae587c34bfae585bf6c2515bf53dfd4466f64aab06,0.47876590903288396,0.47876590903288396
273,IMG20260826130336.jpg,3072,4080,analysis/ml/full_predictions/273_IMG20260826130336_pred.png,c0fa2e318a1f42c32b2c28b1661aaa594064d534229b68d4cc0cc632f5206677,analysis/ml/reconstruction_masks/273_IMG20260826130336_mask.png,c0fa2e318a1f42c32b2c28b1661aaa594064d534229b68d4cc0cc632f5206677,0.41734619140625,0.41734619140625
274,IMG20260826130338.jpg,3072,4080,analysis/ml/full_predictions/274_IMG20260826130338_pred.png,fb1b5266f76f90af27d55ee170c14d47c69457f39bbdbd11f276368e843c2be2,analysis/ml/reconstruction_masks/274_IMG20260826130338_mask.png,fb1b5266f76f90af27d55ee170c14d47c69457f39bbdbd11f276368e843c2be2,0.44873238357843137,0.44873238357843137
275,IMG20260826130340.jpg,3072,4080,analysis/ml/full_predictions/275_IMG20260826130340_pred.png,f889ba7e93e0b2493c6ea3056ee8ca9854b854f318314adbd193ad3c19f89a7e,analysis/ml/reconstruction_masks/275_IMG20260826130340_mask.png,f889ba7e93e0b2493c6ea3056ee8ca9854b854f318314adbd193ad3c19f89a7e,0.4450137867647059,0.4450137867647059
276,IMG20260826130342.jpg,3072,4080,analysis/ml/full_predictions/276_IMG20260826130342_pred.png,120358be23de5a20ccd1cabe4cf4e2c5da3d6752ccc1829773a75ce3307ccc48,analysis/ml/reconstruction_masks/276_IMG20260826130342_mask.png,120358be23de5a20ccd1cabe4cf4e2c5da3d6752ccc1829773a75ce3307ccc48,0.4717554030075572,0.4717554030075572
277,IMG20260826130353.jpg,3072,4080,analysis/ml/full_predictions/277_IMG20260826130353_pred.png,e03c903356f02beb4c715025e9bd556c7ecc51ffbfdaf191104f0a183b8ff2e4,analysis/ml/reconstruction_masks/277_IMG20260826130353_mask.png,e03c903356f02beb4c715025e9bd556c7ecc51ffbfdaf191104f0a183b8ff2e4,0.5003062129799837,0.5003062129799837
278,IMG20260826130357.jpg,3072,4080,analysis/ml/full_predictions/278_IMG20260826130357_pred.png,7c08157054416842719dd86ba16d7d129a9d165a3e07c3866d71012aeb581789,analysis/ml/reconstruction_masks/278_IMG20260826130357_mask.png,7c08157054416842719dd86ba16d7d129a9d165a3e07c3866d71012aeb581789,0.5028510199652778,0.5028510199652778
279,IMG20260826130358.jpg,3072,4080,analysis/ml/full_predictions/279_IMG20260826130358_pred.png,7869738ab773139f424248afacb96c464d641395cf48aa09b939bb6fb94decc3,analysis/ml/reconstruction_masks/279_IMG20260826130358_mask.png,7869738ab773139f424248afacb96c464d641395cf48aa09b939bb6fb94decc3,0.48906880297691996,0.48906880297691996
280,IMG20260826130402.jpg,3072,4080,analysis/ml/full_predictions/280_IMG20260826130402_pred.png,7b3a74c01e18e310e3e17da45c635782024b91337c9b2d3cac4129064b4a1436,analysis/ml/reconstruction_masks/280_IMG20260826130402_mask.png,7b3a74c01e18e310e3e17da45c635782024b91337c9b2d3cac4129064b4a1436,0.5086772843903187,0.5086772843903187
281,IMG20260826130404.jpg,3072,4080,analysis/ml/full_predictions/281_IMG20260826130404_pred.png,0037e0ec4f639e9ae06141cc99bac4aae154499188846a8a7f5fad7244e528fc,analysis/ml/reconstruction_masks/281_IMG20260826130404_mask.png,0037e0ec4f639e9ae06141cc99bac4aae154499188846a8a7f5fad7244e528fc,0.49548387714460784,0.49548387714460784
282,IMG20260826130407.jpg,3072,4080,analysis/ml/full_predictions/282_IMG20260826130407_pred.png,f5280f8abfcaa24c8e1c95b528a8dfa3e8fab60dab51719d9b011cee05945581,analysis/ml/reconstruction_masks/282_IMG20260826130407_mask.png,f5280f8abfcaa24c8e1c95b528a8dfa3e8fab60dab51719d9b011cee05945581,0.5387405694699755,0.5387405694699755
283,IMG20260826130411.jpg,3072,4080,analysis/ml/full_predictions/283_IMG20260826130411_pred.png,654c18a768d39f00845247ad6db4a4b230434ca5295bfb5d3226d854521df359,analysis/ml/reconstruction_masks/283_IMG20260826130411_mask.png,654c18a768d39f00845247ad6db4a4b230434ca5295bfb5d3226d854521df359,0.5149132423151552,0.5149132423151552
284,IMG20260826130414.jpg,3072,4080,analysis/ml/full_predictions/284_IMG20260826130414_pred.png,0147e9cbeef13f5dd3f995934e74c82b56d6133996cf77d73e1295da0e3df878,analysis/ml/reconstruction_masks/284_IMG20260826130414_mask.png,0147e9cbeef13f5dd3f995934e74c82b56d6133996cf77d73e1295da0e3df878,0.5577214658649918,0.5577214658649918
285,IMG20260826130417.jpg,3072,4080,analysis/ml/full_predictions/285_IMG20260826130417_pred.png,28afe8b391a1a77e1e1353d30487abe7a42f7121c8edb019ba9ae45bc648d3a8,analysis/ml/reconstruction_masks/285_IMG20260826130417_mask.png,28afe8b391a1a77e1e1353d30487abe7a42f7121c8edb019ba9ae45bc648d3a8,0.5386312646803513,0.5386312646803513
286,IMG20260826130420.jpg,3072,4080,analysis/ml/full_predictions/286_IMG20260826130420_pred.png,643fe964984d0ad011ed5b59a0bcbb152200175ffe1fad7e349e19705cfe937a,analysis/ml/reconstruction_masks/286_IMG20260826130420_mask.png,643fe964984d0ad011ed5b59a0bcbb152200175ffe1fad7e349e19705cfe937a,0.5624538845486111,0.5624538845486111
287,IMG20260826130423.jpg,3072,4080,analysis/ml/full_predictions/287_IMG20260826130423_pred.png,c21995a7c63a0c66e43e17e52af32c7445a82f61cdd282e3f295aad4b6cd9dd6,analysis/ml/reconstruction_masks/287_IMG20260826130423_mask.png,c21995a7c63a0c66e43e17e52af32c7445a82f61cdd282e3f295aad4b6cd9dd6,0.5255087060866013,0.5255087060866013
288,IMG20260826130427.jpg,3072,4080,analysis/ml/full_predictions/288_IMG20260826130427_pred.png,bc05e48d9a80db9e5ce5fac296632f9d8675bdf63c025855bed9ea740beadef5,analysis/ml/reconstruction_masks/288_IMG20260826130427_mask.png,bc05e48d9a80db9e5ce5fac296632f9d8675bdf63c025855bed9ea740beadef5,0.4702224232792075,0.4702224232792075
