selected_index,filename,width,height,orientation,make,model,lens_model,focal_length_mm,focal_length_35mm,digital_zoom_ratio,datetime_original
1,IMG20260826122949.jpg,3072,4080,1,OPPO,OPPO Reno12 F,OPPO Reno12 F back camera 26mm f/1.8,3.98,26.0,1.0,2026:08:26 12:29:49
2,IMG20260826122953.jpg,3072,4080,1,OPPO,OPPO Reno12 F,OPPO Reno12 F back camera 26mm f/1.8,3.98,26.0,1.0,2026:08:26 12:29:53
3,IMG20260826122956.jpg,3072,4080,1,OPPO,OPPO Reno12 F,OPPO Reno12 F back camera 26mm f/1.8,3.98,26.0,1.0,2026:08:26 12:29:56
4,IMG20260826123000.jpg,3072,4080,1,OPPO,OPPO Reno12 F,OPPO Reno12 F back camera 26mm f/1.8,3.98,26.0,1.0,2026:08:26 12:30:00
5,IMG20260826123004.jpg,3072,4080,1,OPPO,OPPO Reno12 F,OPPO Reno12 F back camera 26mm f/1.8,3.98,26.0,1.0,2026:08:26 12:30:04
6,IMG20260826123008.jpg,3072,4080,1,OPPO,OPPO Reno12 F,OPPO Reno12 F back camera 26mm f/1.8,3.98,26.0,1.0,2026:08:26 12:30:08
7,IMG20260826123012.jpg,3072,4080,1,OPPO,OPPO Reno12 F,OPPO Reno12 F back camera 26mm f/1.8,3.98,26.0,1.0,2026:08:26 12:30:12
8,IMG20260826123017.jpg,3072,4080,1,OPPO,OPPO Reno12 F,OPPO Reno12 F back camera 26mm f/1.8,3.98,26.0,1.0,2026:08:26 12:30:17
9,IMG20260826123020.jpg,3072,4080,1,OPPO,OPPO Reno12 F,OPPO Reno12 F back camera 26mm f/1.8,3.98,26.0,1.0,2026:08:26 12:30:20
10,IMG20260826123023.jpg,3072,4080,1,OPPO,OPPO Reno12 F,OPPO Reno12 F back camera 26mm f/1.8,3.98,26.0,1.0,2026:08:26 12:30:23
11,IMG20260826123027.jpg,3072,4080,1,OPPO,OPPO Reno12 F,OPPO Reno12 F back camera 26mm f/1.8,3.98,26.0,1.0,2026:08:26 12:30:27
12,IMG20260826123038.jpg,3072,4080,1,OPPO,OPPO Reno12 F,OPPO Reno12 F back camera 26mm f/1.8,3.98,26.0,1.0,2026:08:26 12:30:38
13,IMG20260826123042.jpg,3072,4080,1,OPPO,OPPO Reno12 F,OPPO Reno12 F back camera 26mm f/1.8,3.98,26.0,1.0,2026:08:26 12:30:42
14,IMG20260826123046.jpg,3072,4080,1,OPPO,OPPO Reno12 F,OPPO Reno12 F back camera 26mm f/1.8,3.98,26.0,1.0,2026:08:26 12:30:46
15,IMG20260826123052.jpg,3072,4080,1,OPPO,OPPO Reno12 F,OPPO Reno12 F back camera 26mm f/1.8,3.98,26.0,1.0,2026:08:26 12:30:52
16,IMG20260826123056.jpg,3072,4080,1,OPPO,OPPO Reno12 F,OPPO Reno12 F back camera 26mm f/1.8,3.98,26.0,1.0,2026:08:26 12:30:56
17,IMG20260826123101.jpg,3072,4080,1,OPPO,OPPO Reno12 F,OPPO Reno12 F back camera 26mm f/1.8,3.98,26.0,1.0,2026:08:26 12:31:01
18,IMG20260826123106.jpg,3072,4080,1,OPPO,OPPO Reno12 F,OPPO Reno12 F back camera 26mm f/1.8,3.98,26.0,1.0,2026:08:26 12:31:06
19,IMG20260826123111.jpg,3072,4080,1,OPPO,OPPO Reno12 F,OPPO Reno12 F back camera 26mm f/1.8,3.98,26.0,1.0,2026:08:26 12:31:11
20,IMG20260826123115.jpg,3072,4080,1,OPPO,OPPO Reno12 F,OPPO Reno12 F back camera 26mm f/1.8,3.98,26.0,1.0,2026:08:26 12:31:15
21,IMG20260826123119.jpg,3072,4080,1,OPPO,OPPO Reno12 F,OPPO Reno12 F back camera 26mm f/1.8,3.98,26.0,1.0,2026:08:26 12:31:19
22,IMG20260826123123.jpg,3072,4080,1,OPPO,OPPO Reno12 F,OPPO Reno12 F back camera 26mm f/1.8,3.98,26.0,1.0,2026:08:26 12:31:23
23,IMG20260826123157.jpg,3072,4080,1,OPPO,OPPO Reno12 F,OPPO Reno12 F back camera 26mm f/1.8,3.98,26.0,1.0,2026:08:26 12:31:57
24,IMG20260826123204.jpg,3072,4080,1,OPPO,OPPO Reno12 F,OPPO Reno12 F back camera 26mm f/1.8,3.98,26.0,1.0,2026:08:26 12:32:04
25,IMG20260826123209.jpg,3072,4080,1,OPPO,OPPO Reno12 F,OPPO Reno12 F back camera 26mm f/1.8,3.98,26.0,1.0,2026:08:26 12:32:09
26,IMG20260826123213.jpg,3072,4080,1,OPPO,OPPO Reno12 F,OPPO Reno12 F back camera 26mm f/1.8,3.98,26.0,1.0,2026:08:26 12:32:13
27,IMG20260826123217.jpg,3072,4080,1,OPPO,OPPO Reno12 F,OPPO Reno12 F back camera 26mm f/1.8,3.98,26.0,1.0,2026:08:26 12:32:17
28,IMG20260826123223.jpg,3072,4080,1,OPPO,OPPO Reno12 F,OPPO Reno12 F back camera 26mm f/1.8,3.98,26.0,1.0,2026:08:26 12:32:23
29,IMG20260826123228.jpg,3072,4080,1,OPPO,OPPO Reno12 F,OPPO Reno12 F back camera 26mm f/1.8,3.98,26.0,1.0,2026:08:26 12:32:28
30,IMG20260826123233.jpg,3072,4080,1,OPPO,OPPO Reno12 F,OPPO Reno12 F back camera 26mm f/1.8,3.98,26.0,1.0,2026:08:26 12:32:33
31,IMG20260826123237.jpg,3072,4080,1,OPPO,OPPO Reno12 F,OPPO Reno12 F back camera 26mm f/1.8,3.98,26.0,1.0,2026:08:26 12:32:37
32,IMG20260826123246.jpg,3072,4080,1,OPPO,OPPO Reno12 F,OPPO Reno12 F back camera 26mm f/1.8,3.98,26.0,1.0,2026:08:26 12:32:46
33,IMG20260826123250.jpg,3072,4080,1,OPPO,OPPO Reno12 F,OPPO Reno12 F back camera 26mm f/1.8,3.98,26.0,1.0,2026:08:26 12:32:50
34,IMG20260826123308.jpg,3072,4080,1,OPPO,OPPO Reno12 F,OPPO Reno12 F back camera 26mm f/1.8,3.98,26.0,1.0,2026:08:26 12:33:08
35,IMG20260826123316.jpg,3072,4080,1,OPPO,OPPO Reno12 F,OPPO Reno12 F back camera 26mm f/1.8,3.98,26.0,1.0,2026:08:26 12:33:16
36,IMG20260826123320.jpg,3072,4080,1,OPPO,OPPO Reno12 F,OPPO Reno12 F back camera 26mm f/1.8,3.98,26.0,1.0,2026:08:26 12:33:20
37,IMG20260826123324.jpg,3072,4080,1,OPPO,OPPO Reno12 F,OPPO Reno12 F back camera 26mm f/1.8,3.98,26.0,1.0,2026:08:26 12:33:24
38,IMG20260826123329.jpg,3072,4080,1,OPPO,OPPO Reno12 F,OPPO Reno12 F back camera 26mm f/1.8,3.98,26.0,1.0,2026:08:26 12:33:29
39,IMG20260826123333.jpg,3072,4080,1,OPPO,OPPO Reno12 F,OPPO Reno12 F back camera 26mm f/1.8,3.98,26.0,1.0,2026:08:26 12:33:33
40,IMG20260826123344.jpg,3072,4080,1,OPPO,OPPO Reno12 F,OPPO Reno12 F back camera 26mm f/1.8,3.98,26.0,1.0,2026:08:26 12:33:44
41,IMG20260826123349.jpg,3072,4080,1,OPPO,OPPO Reno12 F,OPPO Reno12 F back camera 26mm f/1.8,3.98,26.0,1.0,2026:08:26 12:33:49
42,IMG20260826123353.jpg,3072,4080,1,OPPO,OPPO Reno12 F,OPPO Reno12 F back camera 26mm f/1.8,3.98,26.0,1.0,2026:08:26 12:33:53
43,IMG20260826123357.jpg,3072,4080,1,OPPO,OPPO Reno12 F,OPPO Reno12 F back camera 26mm f/1.8,3.98,26.0,1.0,2026:08:26 12:33:57
44,IMG20260826123403.jpg,3072,4080,1,OPPO,OPPO Reno12 F,OPPO Reno12 F back camera 26mm f/1.8,3.98,26.0,1.0,2026:08:26 12:34:03
45,IMG20260826123408.jpg,3072,4080,1,OPPO,OPPO Reno12 F,OPPO Reno12 F back camera 26mm f/1.8,3.98,26.0,1.0,2026:08:26 12:34:08
46,IMG20260826123414.jpg,3072,4080,1,OPPO,OPPO Reno12 F,OPPO Reno12 F back camera 26mm f/1.8,3.98,26.0,1.0,2026:08:26 12:34:14
47,IMG20260826123417.jpg,3072,4080,1,OPPO,OPPO Reno12 F,OPPO Reno12 F back camera 26mm f/1.8,3.98,26.0,1.0,2026:08:26 12:34:17
48,IMG20260826123422.jpg,3072,4080,1,OPPO,OPPO Reno12 F,OPPO Reno12 F back camera 26mm f/1.8,3.98,26.0,1.0,2026:08:26 12:34:22
49,IMG20260826123427.jpg,3072,4080,1,OPPO,OPPO Reno12 F,OPPO Reno12 F back camera 26mm f/1.8,3.98,26.0,1.0,2026:08:26 12:34:27
50,IMG20260826123434.jpg,3072,4080,1,OPPO,OPPO Reno12 F,OPPO Reno12 F back camera 26mm f/1.8,3.98,26.0,1.0,2026:08:26 12:34:34
51,IMG20260826123437.jpg,3072,4080,1,OPPO,OPPO Reno12 F,OPPO Reno12 F back camera 26mm f/1.8,3.98,26.0,1.0,2026:08:26 12:34:37
52,IMG20260826123441.jpg,3072,4080,1,OPPO,OPPO Reno12 F,OPPO Reno12 F back camera 26mm f/1.8,3.98,26.0,1.0,2026:08:26 12:34:41
53,IMG20260826123446.jpg,3072,4080,1,OPPO,OPPO Reno12 F,OPPO Reno12 F back camera 26mm f/1.8,3.98,26.0,1.0,2026:08:26 12:34:46
54,IMG20260826123450.jpg,3072,4080,1,OPPO,OPPO Reno12 F,OPPO Reno12 F back camera 26mm f/1.8,3.98,26.0,1.0,2026:08:26 12:34:50
55,IMG20260826123454.jpg,3072,4080,1,OPPO,OPPO Reno12 F,OPPO Reno12 F back camera 26mm f/1.8,3.98,26.0,1.0,2026:08:26 12:34:54
56,IMG20260826123708.jpg,3072,4080,1,OPPO,OPPO Reno12 F,OPPO Reno12 F back camera 26mm f/1.8,3.98,26.0,1.0,2026:08:26 12:37:08
57,IMG20260826123712.jpg,3072,4080,1,OPPO,OPPO Reno12 F,OPPO Reno12 F back camera 26mm f/1.8,3.98,26.0,1.0,2026:08:26 12:37:12
58,IMG20260826123719.jpg,3072,4080,1,OPPO,OPPO Reno12 F,OPPO Reno12 F back camera 26mm f/1.8,3.98,26.0,1.0,2026:08:26 12:37:19
59,IMG20260826123725.jpg,3072,4080,1,OPPO,OPPO Reno12 F,OPPO Reno12 F back camera 26mm f/1.8,3.98,26.0,1.0,2026:08:26 12:37:25
60,IMG20260826123730.jpg,3072,4080,1,OPPO,OPPO Reno12 F,OPPO Reno12 F back camera 26mm f/1.8,3.98,26.0,1.0,2026:08:26 12:37:30
61,IMG20260826123733.jpg,3072,4080,1,OPPO,OPPO Reno12 F,OPPO Reno12 F back camera 26mm f/1.8,3.98,26.0,1.0,2026:08:26 12:37:33
62,IMG20260826123740.jpg,3072,4080,1,OPPO,OPPO Reno12 F,OPPO Reno12 F back camera 26mm f/1.8,3.98,26.0,1.0,2026:08:26 12:37:40
63,IMG20260826123746.jpg,3072,4080,1,OPPO,OPPO Reno12 F,OPPO Reno12 F back camera 26mm f/1.8,3.98,26.0,1.0,2026:08:26 12:37:46
64,IMG20260826123749.jpg,3072,4080,1,OPPO,OPPO Reno12 F,OPPO Reno12 F back camera 26mm f/1.8,3.98,26.0,1.0,2026:08:26 12:37:49
65,IMG20260826123753.jpg,3072,4080,1,OPPO,OPPO Reno12 F,OPPO Reno12 F back camera 26mm f/1.8,3.98,26.0,1.0,2026:08:26 12:37:53
66,IMG20260826123759.jpg,3072,4080,1,OPPO,OPPO Reno12 F,OPPO Reno12 F back camera 26mm f/1.8,3.98,26.0,1.0,2026:08:26 12:37:59
67,IMG20260826123804.jpg,3072,4080,1,OPPO,OPPO Reno12 F,OPPO Reno12 F back camera 26mm f/1.8,3.98,26.0,1.0,2026:08:26 12:38:04
68,IMG20260826123807.jpg,3072,4080,1,OPPO,OPPO Reno12 F,OPPO Reno12 F back camera 26mm f/1.8,3.98,26.0,1.0,2026:08:26 12:38:07
69,IMG20260826123810.jpg,3072,4080,1,OPPO,OPPO Reno12 F,OPPO Reno12 F back camera 26mm f/1.8,3.98,26.0,1.0,2026:08:26 12:38:10
70,IMG20260826123813.jpg,3072,4080,1,OPPO,OPPO Reno12 F,OPPO Reno12 F back camera 26mm f/1.8,3.98,26.0,1.0,2026:08:26 12:38:13
71,IMG20260826123816.jpg,3072,4080,1,OPPO,OPPO Reno12 F,OPPO Reno12 F back camera 26mm f/1.8,3.98,26.0,1.0,2026:08:26 12:38:16
72,IMG20260826123820.jpg,3072,4080,1,OPPO,OPPO Reno12 F,OPPO Reno12 F back camera 26mm f/1.8,3.98,26.0,1.0,2026:08:26 12:38:20
73,IMG20260826123824.jpg,3072,4080,1,OPPO,OPPO Reno12 F,OPPO Reno12 F back camera 26mm f/1.8,3.98,26.0,1.0,2026:08:26 12:38:24
74,IMG20260826124015.jpg,3072,4080,1,OPPO,OPPO Reno12 F,OPPO Reno12 F back camera 26mm f/1.8,3.98,26.0,1.0,2026:08:26 12:40:15
75,IMG20260826124018.jpg,3072,4080,1,OPPO,OPPO Reno12 F,OPPO Reno12 F back camera 26mm f/1.8,3.98,26.0,1.0,2026:08:26 12:40:18
76,IMG20260826124024.jpg,3072,4080,1,OPPO,OPPO Reno12 F,OPPO Reno12 F back camera 26mm f/1.8,3.98,26.0,1.0,2026:08:26 12:40:24
77,IMG20260826124029.jpg,3072,4080,1,OPPO,OPPO Reno12 F,OPPO Reno12 F back camera 26mm f/1.8,3.98,26.0,1.0,2026:08:26 12:40:29
78,IMG20260826124032.jpg,3072,4080,1,OPPO,OPPO Reno12 F,OPPO Reno12 F back camera 26mm f/1.8,3.98,26.0,1.0,2026:08:26 12:40:32
79,IMG20260826124035.jpg,3072,4080,1,OPPO,OPPO Reno12 F,OPPO Reno12 F back camera 26mm f/1.8,3.98,26.0,1.0,2026:08:26 12:40:35
80,IMG20260826124041.jpg,3072,4080,1,OPPO,OPPO Reno12 F,OPPO Reno12 F back camera 26mm f/1.8,3.98,26.0,1.0,2026:08:26 12:40:41
81,IMG20260826124044.jpg,3072,4080,1,OPPO,OPPO Reno12 F,OPPO Reno12 F back camera 26mm f/1.8,3.98,26.0,1.0,2026:08:26 12:40:44
82,IMG20260826124048.jpg,3072,4080,1,OPPO,OPPO Reno12 F,OPPO Reno12 F back camera 26mm f/1.8,3.98,26.0,1.0,2026:08:26 12:40:48
83,IMG20260826124051.jpg,3072,4080,1,OPPO,OPPO Reno12 F,OPPO Reno12 F back camera 26mm f/1.8,3.98,26.0,1.0,2026:08:26 12:40:51
84,IMG20260826124054.jpg,3072,4080,1,OPPO,OPPO Reno12 F,OPPO Reno12 F back camera 26mm f/1.8,3.98,26.0,1.0,2026:08:26 12:40:54
85,IMG20260826124101.jpg,3072,4080,1,OPPO,OPPO Reno12 F,OPPO Reno12 F back camera 26mm f/1.8,3.98,26.0,1.0,2026:08:26 12:41:01
86,IMG20260826124104.jpg,3072,4080,1,OPPO,OPPO Reno12 F,OPPO Reno12 F back camera 26mm f/1.8,3.98,26.0,1.0,2026:08:26 12:41:04
87,IMG20260826124110.jpg,3072,4080,1,OPPO,OPPO Reno12 F,OPPO Reno12 F back camera 26mm f/1.8,3.98,26.0,1.0,2026:08:26 12:41:10
88,IMG20260826124113.jpg,3072,4080,1,OPPO,OPPO Reno12 F,OPPO Reno12 F back camera 26mm f/1.8,3.98,26.0,1.0,2026:08:26 12:41:13
89,IMG20260826124116.jpg,3072,4080,1,OPPO,OPPO Reno12 F,OPPO Reno12 F back camera 26mm f/1.8,3.98,26.0,1.0,2026:08:26 12:41:16
90,IMG20260826124123.jpg,3072,4080,1,OPPO,OPPO Reno12 F,OPPO Reno12 F back camera 26mm f/1.8,3.98,26.0,1.0,2026:08:26 12:41:23
91,IMG20260826124128.jpg,3072,4080,1,OPPO,OPPO Reno12 F,OPPO Reno12 F back camera 26mm f/1.8,3.98,26.0,1.0,2026:08:26 12:41:28
92,IMG20260826124132.jpg,3072,4080,1,OPPO,OPPO Reno12 F,OPPO Reno12 F back camera 26mm f/1.8,3.98,26.0,1.0,2026:08:26 12:41:32
93,IMG20260826124140.jpg,3072,4080,1,OPPO,OPPO Reno12 F,OPPO Reno12 F back camera 26mm f/1.8,3.98,26.0,1.0,2026:08:26 12:41:40
94,IMG20260826124143.jpg,3072,4080,1,OPPO,OPPO Reno12 F,OPPO Reno12 F back camera 26mm f/1.8,3.98,26.0,1.0,2026:08:26 12:41:43
95,IMG20260826124146.jpg,3072,4080,1,OPPO,OPPO Reno12 F,OPPO Reno12 F back camera 26mm f/1.8,3.98,26.0,1.0,2026:08:26 12:41:46
96,IMG20260826124148.jpg,3072,4080,1,OPPO,OPPO Reno12 F,OPPO Reno12 F back camera 26mm f/1.8,3.98,26.0,1.0,2026:08:26 12:41:48
97,IMG20260826124151.jpg,3072,4080,1,OPPO,OPPO Reno12 F,OPPO Reno12 F back camera 26mm f/1.8,3.98,26.0,1.0,2026:08:26 12:41:51
98,IMG20260826124156.jpg,3072,4080,1,OPPO,OPPO Reno12 F,OPPO Reno12 F back camera 26mm f/1.8,3.98,26.0,1.0,2026:08:26 12:41:56
99,IMG20260826124159.jpg,3072,4080,1,OPPO,OPPO Reno12 F,OPPO Reno12 F back camera 26mm f/1.8,3.98,26.0,1.0,2026:08:26 12:41:59
100,IMG20260826124201.jpg,3072,4080,1,OPPO,OPPO Reno12 F,OPPO Reno12 F back camera 26mm f/1.8,3.98,26.0,1.0,2026:08:26 12:42:01
101,IMG20260826124204.jpg,3072,4080,1,OPPO,OPPO Reno12 F,OPPO Reno12 F back camera 26mm f/1.8,3.98,26.0,1.0,2026:08:26 12:42:04
102,IMG20260826124210.jpg,3072,4080,1,OPPO,OPPO Reno12 F,OPPO Reno12 F back camera 26mm f/1.8,3.98,26.0,1.0,2026:08:26 12:42:10
103,IMG20260826124214.jpg,3072,4080,1,OPPO,OPPO Reno12 F,OPPO Reno12 F back camera 26mm f/1.8,3.98,26.0,1.0,2026:08:26 12:42:14
104,IMG20260826124218.jpg,3072,4080,1,OPPO,OPPO Reno12 F,OPPO Reno12 F back camera 26mm f/1.8,3.98,26.0,1.0,2026:08:26 12:42:18
105,IMG20260826124234.jpg,3072,4080,1,OPPO,OPPO Reno12 F,OPPO Reno12 F back camera 26mm f/1.8,3.98,26.0,1.0,2026:08:26 12:42:34
106,IMG20260826124237.jpg,3072,4080,1,OPPO,OPPO Reno12 F,OPPO Reno12 F back camera 26mm f/1.8,3.98,26.0,1.0,2026:08:26 12:42:37
107,IMG20260826124240.jpg,3072,4080,1,OPPO,OPPO Reno12 F,OPPO Reno12 F back camera 26mm f/1.8,3.98,26.0,1.0,2026:08:26 12:42:40
108,IMG20260826124243.jpg,3072,4080,1,OPPO,OPPO Reno12 F,OPPO Reno12 F back camera 26mm f/1.8,3.98,26.0,1.0,2026:08:26 12:42:43
109,IMG20260826124248.jpg,3072,4080,1,OPPO,OPPO Reno12 F,OPPO Reno12 F back camera 26mm f/1.8,3.98,26.0,1.0,2026:08:26 12:42:48
110,IMG20260826124305.jpg,3072,4080,1,OPPO,OPPO Reno12 F,OPPO Reno12 F back camera 26mm f/1.8,3.98,26.0,1.0,2026:08:26 12:43:05
111,IMG20260826124308.jpg,3072,4080,1,OPPO,OPPO Reno12 F,OPPO Reno12 F back camera 26mm f/1.8,3.98,26.0,1.0,2026:08:26 12:43:08
112,IMG20260826124313.jpg,3072,4080,1,OPPO,OPPO Reno12 F,OPPO Reno12 F back camera 26mm f/1.8,3.98,26.0,1.0,2026:08:26 12:43:13
113,IMG20260826124317.jpg,3072,4080,1,OPPO,OPPO Reno12 F,OPPO Reno12 F back camera 26mm f/1.8,3.98,26.0,1.0,2026:08:26 12:43:17
114,IMG20260826124323.jpg,3072,4080,1,OPPO,OPPO Reno12 F,OPPO Reno12 F back camera 26mm f/1.8,3.98,26.0,1.0,2026:08:26 12:43:23
115,IMG20260826124327.jpg,3072,4080,1,OPPO,OPPO Reno12 F,OPPO Reno12 F back camera 26mm f/1.8,3.98,26.0,1.0,2026:08:26 12:43:27
116,IMG20260826124331.jpg,3072,4080,1,OPPO,OPPO Reno12 F,OPPO Reno12 F back camera 26mm f/1.8,3.98,26.0,1.0,2026:08:26 12:43:31
117,IMG20260826124334.jpg,3072,4080,1,OPPO,OPPO Reno12 F,OPPO Reno12 F back camera 26mm f/1.8,3.98,26.0,1.0,2026:08:26 12:43:34
118,IMG20260826124338.jpg,3072,4080,1,OPPO,OPPO Reno12 F,OPPO Reno12 F back camera 26mm f/1.8,3.98,26.0,1.0,2026:08:26 12:43:38
119,IMG20260826124343.jpg,3072,4080,1,OPPO,OPPO Reno12 F,OPPO Reno12 F back camera 26mm f/1.8,3.98,26.0,1.0,2026:08:26 12:43:43
120,IMG20260826124347.jpg,3072,4080,1,OPPO,OPPO Reno12 F,OPPO Reno12 F back camera 26mm f/1.8,3.98,26.0,1.0,2026:08:26 12:43:47
121,IMG20260826124353.jpg,3072,4080,1,OPPO,OPPO Reno12 F,OPPO Reno12 F back camera 26mm f/1.8,3.98,26.0,1.0,2026:08:26 12:43:53
122,IMG20260826124356.jpg,3072,4080,1,OPPO,OPPO Reno12 F,OPPO Reno12 F back camera 26mm f/1.8,3.98,26.0,1.0,2026:08:26 12:43:56
123,IMG20260826124400.jpg,3072,4080,1,OPPO,OPPO Reno12 F,OPPO Reno12 F back camera 26mm f/1.8,3.98,26.0,1.0,2026:08:26 12:44:00
124,IMG20260826124404.jpg,3072,4080,1,OPPO,OPPO Reno12 F,OPPO Reno12 F back camera 26mm f/1.8,3.98,26.0,1.0,2026:08:26 12:44:04
125,IMG20260826124408.jpg,3072,4080,1,OPPO,OPPO Reno12 F,OPPO Reno12 F back camera 26mm f/1.8,3.98,26.0,1.0,2026:08:26 12:44:08
126,IMG20260826124412.jpg,3072,4080,1,OPPO,OPPO Reno12 F,OPPO Reno12 F back camera 26mm f/1.8,3.98,26.0,1.0,2026:08:26 12:44:12
127,IMG20260826124416.jpg,3072,4080,1,OPPO,OPPO Reno12 F,OPPO Reno12 F back camera 26mm f/1.8,3.98,26.0,1.0,2026:08:26 12:44:16
128,IMG20260826124422.jpg,3072,4080,1,OPPO,OPPO Reno12 F,OPPO Reno12 F back camera 26mm f/1.8,3.98,26.0,1.0,2026:08:26 12:44:22
129,IMG20260826124425.jpg,3072,4080,1,OPPO,OPPO Reno12 F,OPPO Reno12 F back camera 26mm f/1.8,3.98,26.0,1.0,2026:08:26 12:44:25
130,IMG20260826124428.jpg,3072,4080,1,OPPO,OPPO Reno12 F,OPPO Reno12 F back camera 26mm f/1.8,3.98,26.0,1.0,2026:08:26 12:44:28
131,IMG20260826124431.jpg,3072,4080,1,OPPO,OPPO Reno12 F,OPPO Reno12 F back camera 26mm f/1.8,3.98,26.0,1.0,2026:08:26 12:44:31
132,IMG20260826124434.jpg,3072,4080,1,OPPO,OPPO Reno12 F,OPPO Reno12 F back camera 26mm f/1.8,3.98,26.0,1.0,2026:08:26 12:44:34
133,IMG20260826124442.jpg,3072,4080,1,OPPO,OPPO Reno12 F,OPPO Reno12 F back camera 26mm f/1.8,3.98,26.0,1.0,2026:08:26 12:44:42
134,IMG20260826124455.jpg,3072,4080,1,OPPO,OPPO Reno12 F,OPPO Reno12 F back camera 26mm f/1.8,3.98,26.0,1.0,2026:08:26 12:44:55
135,IMG20260826124458.jpg,3072,4080,1,OPPO,OPPO Reno12 F,OPPO Reno12 F back camera 26mm f/1.8,3.98,26.0,1.0,2026:08:26 12:44:58
136,IMG20260826124501.jpg,3072,4080,1,OPPO,OPPO Reno12 F,OPPO Reno12 F back camera 26mm f/1.8,3.98,26.0,1.0,2026:08:26 12:45:01
137,IMG20260826124504.jpg,3072,4080,1,OPPO,OPPO Reno12 F,OPPO Reno12 F back camera 26mm f/1.8,3.98,26.0,1.0,2026:08:26 12:45:04
138,IMG20260826124507.jpg,3072,4080,1,OPPO,OPPO Reno12 F,OPPO Reno12 F back camera 26mm f/1.8,3.98,26.0,1.0,2026:08:26 12:45:07
139,IMG20260826124510.jpg,3072,4080,1,OPPO,OPPO Reno12 F,OPPO Reno12 F back camera 26mm f/1.8,3.98,26.0,1.0,2026:08:26 12:45:10
140,IMG20260826124745.jpg,3072,4080,1,OPPO,OPPO Reno12 F,OPPO Reno12 F back camera 26mm f/1.8,3.98,26.0,1.0,2026:08:26 12:47:45
141,IMG20260826124750.jpg,3072,4080,1,OPPO,OPPO Reno12 F,OPPO Reno12 F back camera 26mm f/1.8,3.98,26.0,1.0,2026:08:26 12:47:50
142,IMG20260826124754.jpg,3072,4080,1,OPPO,OPPO Reno12 F,OPPO Reno12 F back camera 26mm f/1.8,3.98,26.0,1.0,2026:08:26 12:47:54
143,IMG20260826124757.jpg,3072,4080,1,OPPO,OPPO Reno12 F,OPPO Reno12 F back camera 26mm f/1.8,3.98,26.0,1.0,2026:08:26 12:47:57
144,IMG20260826124801.jpg,3072,4080,1,OPPO,OPPO Reno12 F,OPPO Reno12 F back camera 26mm f/1.8,3.98,26.0,1.0,2026:08:26 12:48:01
145,IMG20260826124806.jpg,3072,4080,1,OPPO,OPPO Reno12 F,OPPO Reno12 F back camera 26mm f/1.8,3.98,26.0,1.0,2026:08:26 12:48:06
146,IMG20260826124902.jpg,3072,4080,1,OPPO,OPPO Reno12 F,OPPO Reno12 F back camera 26mm f/1.8,3.98,26.0,1.0,2026:08:26 12:49:02
147,IMG20260826124905.jpg,3072,4080,1,OPPO,OPPO Reno12 F,OPPO Reno12 F back camera 26mm f/1.8,3.98,26.0,1.0,2026:08:26 12:49:05
148,IMG20260826124908.jpg,3072,4080,1,OPPO,OPPO Reno12 F,OPPO Reno12 F back camera 26mm f/1.8,3.98,26.0,1.0,2026:08:26 12:49:08
149,IMG20260826124910.jpg,3072,4080,1,OPPO,OPPO Reno12 F,OPPO Reno12 F back camera 26mm f/1.8,3.98,26.0,1.0,2026:08:26 12:49:10
150,IMG20260826124913.jpg,3072,4080,1,OPPO,OPPO Reno12 F,OPPO Reno12 F back camera 26mm f/1.8,3.98,26.0,1.0,2026:08:26 12:49:13
151,IMG20260826124916.jpg,3072,4080,1,OPPO,OPPO Reno12 F,OPPO Reno12 F back camera 26mm f/1.8,3.98,26.0,1.0,2026:08:26 12:49:16
152,IMG20260826124921.jpg,3072,4080,1,OPPO,OPPO Reno12 F,OPPO Reno12 F back camera 26mm f/1.8,3.98,26.0,1.0,2026:08:26 12:49:21
153,IMG20260826124924.jpg,3072,4080,1,OPPO,OPPO Reno12 F,OPPO Reno12 F back camera 26mm f/1.8,3.98,26.0,1.0,2026:08:26 12:49:24
154,IMG20260826124927.jpg,3072,4080,1,OPPO,OPPO Reno12 F,OPPO Reno12 F back camera 26mm f/1.8,3.98,26.0,1.0,2026:08:26 12:49:27
155,IMG20260826124930.jpg,3072,4080,1,OPPO,OPPO Reno12 F,OPPO Reno12 F back camera 26mm f/1.8,3.98,26.0,1.0,2026:08:26 12:49:30
156,IMG20260826124933.jpg,3072,4080,1,OPPO,OPPO Reno12 F,OPPO Reno12 F back camera 26mm f/1.8,3.98,26.0,1.0,2026:08:26 12:49:33
157,IMG20260826124936.jpg,3072,4080,1,OPPO,OPPO Reno12 F,OPPO Reno12 F back camera 26mm f/1.8,3.98,26.0,1.0,2026:08:26 12:49:36
158,IMG20260826124945.jpg,3072,4080,1,OPPO,OPPO Reno12 F,OPPO Reno12 F back camera 26mm f/1.8,3.98,26.0,1.0,2026:08:26 12:49:45
159,IMG20260826124948.jpg,3072,4080,1,OPPO,OPPO Reno12 F,OPPO Reno12 F back camera 26mm f/1.8,3.98,26.0,1.0,2026:08:26 12:49:48
160,IMG20260826124951.jpg,3072,4080,1,OPPO,OPPO Reno12 F,OPPO Reno12 F back camera 26mm f/1.8,3.98,26.0,1.0,2026:08:26 12:49:51
161,IMG20260826124954.jpg,3072,4080,1,OPPO,OPPO Reno12 F,OPPO Reno12 F back camera 26mm f/1.8,3.98,26.0,1.0,2026:08:26 12:49:54
162,IMG20260826125001.jpg,3072,4080,1,OPPO,OPPO Reno12 F,OPPO Reno12 F back camera 26mm f/1.8,3.98,26.0,1.0,2026:08:26 12:50:01
163,IMG20260826125004.jpg,3072,4080,1,OPPO,OPPO Reno12 F,OPPO Reno12 F back camera 26mm f/1.8,3.98,26.0,1.0,2026:08:26 12:50:04
164,IMG20260826125007.jpg,3072,4080,1,OPPO,OPPO Reno12 F,OPPO Reno12 F back camera 26mm f/1.8,3.98,26.0,1.0,2026:08:26 12:50:07
165,IMG20260826125013.jpg,3072,4080,1,OPPO,OPPO Reno12 F,OPPO Reno12 F back camera 26mm f/1.8,3.98,26.0,1.0,2026:08:26 12:50:13
166,IMG20260826125016.jpg,3072,4080,1,OPPO,OPPO Reno12 F,OPPO Reno12 F back camera 26mm f/1.8,3.98,26.0,1.0,2026:08:26 12:50:16
167,IMG20260826125018.jpg,3072,4080,1,OPPO,OPPO Reno12 F,OPPO Reno12 F back camera 26mm f/1.8,3.98,26.0,1.0,2026:08:26 12:50:18
168,IMG20260826125103.jpg,3072,4080,1,OPPO,OPPO Reno12 F,OPPO Reno12 F back camera 26mm f/1.8,3.98,26.0,1.0,2026:08:26 12:51:03
169,IMG20260826125108.jpg,3072,4080,1,OPPO,OPPO Reno12 F,OPPO Reno12 F back camera 26mm f/1.8,3.98,26.0,1.0,2026:08:26 12:51:08
170,IMG20260826125111.jpg,3072,4080,1,OPPO,OPPO Reno12 F,OPPO Reno12 F back camera 26mm f/1.8,3.98,26.0,1.0,2026:08:26 12:51:11
171,IMG20260826125124.jpg,3072,4080,1,OPPO,OPPO Reno12 F,OPPO Reno12 F back camera 26mm f/1.8,3.98,26.0,1.0,2026:08:26 12:51:24
172,IMG20260826125127.jpg,3072,4080,1,OPPO,OPPO Reno12 F,OPPO Reno12 F back camera 26mm f/1.8,3.98,26.0,1.0,2026:08:26 12:51:27
173,IMG20260826125130.jpg,3072,4080,1,OPPO,OPPO Reno12 F,OPPO Reno12 F back camera 26mm f/1.8,3.98,26.0,1.0,2026:08:26 12:51:30
174,IMG20260826125133.jpg,3072,4080,1,OPPO,OPPO Reno12 F,OPPO Reno12 F back camera 26mm f/1.8,3.98,26.0,1.0,2026:08:26 12:51:33
175,IMG20260826125137.jpg,3072,4080,1,OPPO,OPPO Reno12 F,OPPO Reno12 F back camera 26mm f/1.8,3.98,26.0,1.0,2026:08:26 12:51:37
176,IMG20260826125139.jpg,3072,4080,1,OPPO,OPPO Reno12 F,OPPO Reno12 F back camera 26mm f/1.8,3.98,26.0,1.0,2026:08:26 12:51:39
177,IMG20260826125146.jpg,3072,4080,1,OPPO,OPPO Reno12 F,OPPO Reno12 F back camera 26mm f/1.8,3.98,26.0,1.0,2026:08:26 12:51:46
178,IMG20260826125151.jpg,3072,4080,1,OPPO,OPPO Reno12 F,OPPO Reno12 F back camera 26mm f/1.8,3.98,26.0,1.0,2026:08:26 12:51:51
179,IMG20260826125156.jpg,3072,4080,1,OPPO,OPPO Reno12 F,OPPO Reno12 F back camera 26mm f/1.8,3.98,26.0,1.0,2026:08:26 12:51:56
180,IMG20260826125224.jpg,3072,4080,1,OPPO,OPPO Reno12 F,OPPO Reno12 F back camera 26mm f/1.8,3.98,26.0,1.0,2026:08:26 12:52:24
181,IMG20260826125228.jpg,3072,4080,1,OPPO,OPPO Reno12 F,OPPO Reno12 F back camera 26mm f/1.8,3.98,26.0,1.0,2026:08:26 12:52:28
182,IMG20260826125230.jpg,3072,4080,1,OPPO,OPPO Reno12 F,OPPO Reno12 F back camera 26mm f/1.8,3.98,26.0,1.0,2026:08:26 12:52:30
183,IMG20260826125234.jpg,3072,4080,1,OPPO,OPPO Reno12 F,OPPO Reno12 F back camera 26mm f/1.8,3.98,26.0,1.0,2026:08:26 12:52:34
184,IMG20260826125237.jpg,3072,4080,1,OPPO,OPPO Reno12 F,OPPO Reno12 F back camera 26mm f/1.8,3.98,26.0,1.0,2026:08:26 12:52:37
185,IMG20260826125241.jpg,3072,4080,1,OPPO,OPPO Reno12 F,OPPO Reno12 F back camera 26mm f/1.8,3.98,26.0,1.0,2026:08:26 12:52:41
186,IMG20260826125244.jpg,3072,4080,1,OPPO,OPPO Reno12 F,OPPO Reno12 F back camera 26mm f/1.8,3.98,26.0,1.0,2026:08:26 12:52:44
187,IMG20260826125246.jpg,3072,4080,1,OPPO,OPPO Reno12 F,OPPO Reno12 F back camera 26mm f/1.8,3.98,26.0,1.0,2026:08:26 12:52:46
188,IMG20260826125249.jpg,3072,4080,1,OPPO,OPPO Reno12 F,OPPO Reno12 F back camera 26mm f/1.8,3.98,26.0,1.0,2026:08:26 12:52:49
189,IMG20260826125253.jpg,3072,4080,1,OPPO,OPPO Reno12 F,OPPO Reno12 F back camera 26mm f/1.8,3.98,26.0,1.0,2026:08:26 12:52:53
190,IMG20260826125257.jpg,3072,4080,1,OPPO,OPPO Reno12 F,OPPO Reno12 F back camera 26mm f/1.8,3.98,26.0,1.0,2026:08:26 12:52:57
191,IMG20260826125302.jpg,3072,4080,1,OPPO,OPPO Reno12 F,OPPO Reno12 F back camera 26mm f/1.8,3.98,26.0,1.0,2026:08:26 12:53:02
192,IMG20260826125400.jpg,3072,4080,1,OPPO,OPPO Reno12 F,OPPO Reno12 F back camera 26mm f/1.8,3.98,26.0,1.0,2026:08:26 12:54:00
193,IMG20260826125402.jpg,3072,4080,1,OPPO,OPPO Reno12 F,OPPO Reno12 F back camera 26mm f/1.8,3.98,26.0,1.0,2026:08:26 12:54:02
194,IMG20260826125404.jpg,3072,4080,1,OPPO,OPPO Reno12 F,OPPO Reno12 F back camera 26mm f/1.8,3.98,26.0,1.0,2026:08:26 12:54:04
195,IMG20260826125409.jpg,3072,4080,1,OPPO,OPPO Reno12 F,OPPO Reno12 F back camera 26mm f/1.8,3.98,26.0,1.0,2026:08:26 12:54:09
196,IMG20260826125412.jpg,3072,4080,1,OPPO,OPPO Reno12 F,OPPO Reno12 F back camera 26mm f/1.8,3.98,26.0,1.0,2026:08:26 12:54:12
197,IMG20260826125415.jpg,3072,4080,1,OPPO,OPPO Reno12 F,OPPO Reno12 F back camera 26mm f/1.8,3.98,26.0,1.0,2026:08:26 12:54:15
198,IMG20260826125417.jpg,3072,4080,1,OPPO,OPPO Reno12 F,OPPO Reno12 F back camera 26mm f/1.8,3.98,26.0,1.0,2026:08:26 12:54:17
199,IMG20260826125419.jpg,3072,4080,1,OPPO,OPPO Reno12 F,OPPO Reno12 F back camera 26mm f/1.8,3.98,26.0,1.0,2026:08:26 12:54:19
200,IMG20260826125422.jpg,3072,4080,1,OPPO,OPPO Reno12 F,OPPO Reno12 F back camera 26mm f/1.8,3.98,26.0,1.0,2026:08:26 12:54:22
201,IMG20260826125425.jpg,3072,4080,1,OPPO,OPPO Reno12 F,OPPO Reno12 F back camera 26mm f/1.8,3.98,26.0,1.0,2026:08:26 12:54:25
202,IMG20260826125427.jpg,3072,4080,1,OPPO,OPPO Reno12 F,OPPO Reno12 F back camera 26mm f/1.8,3.98,26.0,1.0,2026:08:26 12:54:27
203,IMG20260826125453.jpg,3072,4080,1,OPPO,OPPO Reno12 F,OPPO Reno12 F back camera 26mm f/1.8,3.98,26.0,1.0,2026:08:26 12:54:53
204,IMG20260826125522.jpg,3072,4080,1,OPPO,OPPO Reno12 F,OPPO Reno12 F back camera 26mm f/1.8,3.98,26.0,1.0,2026:08:26 12:55:22
205,IMG20260826125524.jpg,3072,4080,1,OPPO,OPPO Reno12 F,OPPO Reno12 F back camera 26mm f/1.8,3.98,26.0,1.0,2026:08:26 12:55:24
206,IMG20260826125527.jpg,3072,4080,1,OPPO,OPPO Reno12 F,OPPO Reno12 F back camera 26mm f/1.8,3.98,26.0,1.0,2026:08:26 12:55:27
207,IMG20260826125529.jpg,3072,4080,1,OPPO,OPPO Reno12 F,OPPO Reno12 F back camera 26mm f/1.8,3.98,26.0,1.0,2026:08:26 12:55:29
208,IMG20260826125532.jpg,3072,4080,1,OPPO,OPPO Reno12 F,OPPO Reno12 F back camera 26mm f/1.8,3.98,26.0,1.0,2026:08:26 12:55:32
209,IMG20260826125534.jpg,3072,4080,1,OPPO,OPPO Reno12 F,OPPO Reno12 F back camera 26mm f/1.8,3.98,26.0,1.0,2026:08:26 12:55:34
210,IMG20260826125538.jpg,3072,4080,1,OPPO,OPPO Reno12 F,OPPO Reno12 F back camera 26mm f/1.8,3.98,26.0,1.0,2026:08:26 12:55:38
211,IMG20260826125616.jpg,3072,4080,1,OPPO,OPPO Reno12 F,OPPO Reno12 F back camera 26mm f/1.8,3.98,26.0,1.0,2026:08:26 12:56:16
212,IMG20260826125619.jpg,3072,4080,1,OPPO,OPPO Reno12 F,OPPO Reno12 F back camera 26mm f/1.8,3.98,26.0,1.0,2026:08:26 12:56:19
213,IMG20260826125624.jpg,3072,4080,1,OPPO,OPPO Reno12 F,OPPO Reno12 F back camera 26mm f/1.8,3.98,26.0,1.0,2026:08:26 12:56:24
214,IMG20260826125628.jpg,3072,4080,1,OPPO,OPPO Reno12 F,OPPO Reno12 F back camera 26mm f/1.8,3.98,26.0,1.0,2026:08:26 12:56:28
215,IMG20260826125631.jpg,3072,4080,1,OPPO,OPPO Reno12 F,OPPO Reno12 F back camera 26mm f/1.8,3.98,26.0,1.0,2026:08:26 12:56:31
216,IMG20260826125634.jpg,3072,4080,1,OPPO,OPPO Reno12 F,OPPO Reno12 F back camera 26mm f/1.8,3.98,26.0,1.0,2026:08:26 12:56:34
217,IMG20260826125638.jpg,3072,4080,1,OPPO,OPPO Reno12 F,OPPO Reno12 F back camera 26mm f/1.8,3.98,26.0,1.0,2026:08:26 12:56:38
218,IMG20260826125640.jpg,3072,4080,1,OPPO,OPPO Reno12 F,OPPO Reno12 F back camera 26mm f/1.8,3.98,26.0,1.0,2026:08:26 12:56:40
219,IMG20260826125643.jpg,3072,4080,1,OPPO,OPPO Reno12 F,OPPO Reno12 F back camera 26mm f/1.8,3.98,26.0,1.0,2026:08:26 12:56:43
220,IMG20260826125647.jpg,3072,4080,1,OPPO,OPPO Reno12 F,OPPO Reno12 F back camera 26mm f/1.8,3.98,26.0,1.0,2026:08:26 12:56:47
221,IMG20260826125650.jpg,3072,4080,1,OPPO,OPPO Reno12 F,OPPO Reno12 F back camera 26mm f/1.8,3.98,26.0,1.0,2026:08:26 12:56:50
222,IMG20260826125653.jpg,3072,4080,1,OPPO,OPPO Reno12 F,OPPO Reno12 F back camera 26mm f/1.8,3.98,26.0,1.0,2026:08:26 12:56:53
223,IMG20260826125657.jpg,3072,4080,1,OPPO,OPPO Reno12 F,OPPO Reno12 F back camera 26mm f/1.8,3.98,26.0,1.0,2026:08:26 12:56:57
224,IMG20260826125737.jpg,3072,4080,1,OPPO,OPPO Reno12 F,OPPO Reno12 F back camera 26mm f/1.8,3.98,26.0,1.0,2026:08:26 12:57:37
225,IMG20260826125739.jpg,3072,4080,1,OPPO,OPPO Reno12 F,OPPO Reno12 F back camera 26mm f/1.8,3.98,26.0,1.0,2026:08:26 12:57:39
226,IMG20260826125741.jpg,3072,4080,1,OPPO,OPPO Reno12 F,OPPO Reno12 F back camera 26mm f/1.8,3.98,26.0,1.0,2026:08:26 12:57:41
227,IMG20260826125743.jpg,3072,4080,1,OPPO,OPPO Reno12 F,OPPO Reno12 F back camera 26mm f/1.8,3.98,26.0,1.0,2026:08:26 12:57:43
228,IMG20260826125746.jpg,3072,4080,1,OPPO,OPPO Reno12 F,OPPO Reno12 F back camera 26mm f/1.8,3.98,26.0,1.0,2026:08:26 12:57:46
229,IMG20260826125749.jpg,3072,4080,1,OPPO,OPPO Reno12 F,OPPO Reno12 F back camera 26mm f/1.8,3.98,26.0,1.0,2026:08:26 12:57:49
230,IMG20260826125845.jpg,3072,4080,1,OPPO,OPPO Reno12 F,OPPO Reno12 F back camera 26mm f/1.8,3.98,26.0,1.0,2026:08:26 12:58:45
231,IMG20260826125849.jpg,3072,4080,1,OPPO,OPPO Reno12 F,OPPO Reno12 F back camera 26mm f/1.8,3.98,26.0,1.0,2026:08:26 12:58:49
232,IMG20260826125852.jpg,3072,4080,1,OPPO,OPPO Reno12 F,OPPO Reno12 F back camera 26mm f/1.8,3.98,26.0,1.0,2026:08:26 12:58:52
233,IMG20260826125854.jpg,3072,4080,1,OPPO,OPPO Reno12 F,OPPO Reno12 F back camera 26mm f/1.8,3.98,26.0,1.0,2026:08:26 12:58:54
234,IMG20260826125857.jpg,3072,4080,1,OPPO,OPPO Reno12 F,OPPO Reno12 F back camera 26mm f/1.8,3.98,26.0,1.0,2026:08:26 12:58:57
235,IMG20260826125901.jpg,3072,4080,1,OPPO,OPPO Reno12 F,OPPO Reno12 F back camera 26mm f/1.8,3.98,26.0,1.0,2026:08:26 12:59:01
236,IMG20260826125910.jpg,3072,4080,1,OPPO,OPPO Reno12 F,OPPO Reno12 F back camera 26mm f/1.8,3.98,26.0,1.0,2026:08:26 12:59:10
237,IMG20260826125914.jpg,3072,4080,1,OPPO,OPPO Reno12 F,OPPO Reno12 F back camera 26mm f/1.8,3.98,26.0,1.0,2026:08:26 12:59:14
238,IMG20260826125922.jpg,3072,4080,1,OPPO,OPPO Reno12 F,OPPO Reno12 F back camera 26mm f/1.8,3.98,26.0,1.0,2026:08:26 12:59:22
239,IMG20260826125925.jpg,3072,4080,1,OPPO,OPPO Reno12 F,OPPO Reno12 F back camera 26mm f/1.8,3.98,26.0,1.0,2026:08:26 12:59:25
240,IMG20260826125930.jpg,3072,4080,1,OPPO,OPPO Reno12 F,OPPO Reno12 F back camera 26mm f/1.8,3.98,26.0,1.0,2026:08:26 12:59:30
241,IMG20260826125936.jpg,3072,4080,1,OPPO,OPPO Reno12 F,OPPO Reno12 F back camera 26mm f/1.8,3.98,26.0,1.0,2026:08:26 12:59:36
242,IMG20260826125940.jpg,3072,4080,1,OPPO,OPPO Reno12 F,OPPO Reno12 F back camera 26mm f/1.8,3.98,26.0,1.0,2026:08:26 12:59:40
243,IMG20260826125942.jpg,3072,4080,1,OPPO,OPPO Reno12 F,OPPO Reno12 F back camera 26mm f/1.8,3.98,26.0,1.0,2026:08:26 12:59:42
244,IMG20260826125946.jpg,3072,4080,1,OPPO,OPPO Reno12 F,OPPO Reno12 F back camera 26mm f/1.8,3.98,26.0,1.0,2026:08:26 12:59:46
245,IMG20260826130001.jpg,3072,4080,1,OPPO,OPPO Reno12 F,OPPO Reno12 F back camera 26mm f/1.8,3.98,26.0,1.0,2026:08:26 13:00:01
246,IMG20260826130003.jpg,3072,4080,1,OPPO,OPPO Reno12 F,OPPO Reno12 F back camera 26mm f/1.8,3.98,26.0,1.0,2026:08:26 13:00:03
247,IMG20260826130026.jpg,3072,4080,1,OPPO,OPPO Reno12 F,OPPO Reno12 F back camera 26mm f/1.8,3.98,26.0,1.0,2026:08:26 13:00:26
248,IMG20260826130028.jpg,3072,4080,1,OPPO,OPPO Reno12 F,OPPO Reno12 F back camera 26mm f/1.8,3.98,26.0,1.0,2026:08:26 13:00:28
249,IMG20260826130031.jpg,3072,4080,1,OPPO,OPPO Reno12 F,OPPO Reno12 F back camera 26mm f/1.8,3.98,26.0,1.0,2026:08:26 13:00:31
250,IMG20260826130033.jpg,3072,4080,1,OPPO,OPPO Reno12 F,OPPO Reno12 F back camera 26mm f/1.8,3.98,26.0,1.0,2026:08:26 13:00:33
251,IMG20260826130036.jpg,3072,4080,1,OPPO,OPPO Reno12 F,OPPO Reno12 F back camera 26mm f/1.8,3.98,26.0,1.0,2026:08:26 13:00:36
252,IMG20260826130043.jpg,3072,4080,1,OPPO,OPPO Reno12 F,OPPO Reno12 F back camera 26mm f/1.8,3.98,26.0,1.0,2026:08:26 13:00:43
253,IMG20260826130045.jpg,3072,4080,1,OPPO,OPPO Reno12 F,OPPO Reno12 F back camera 26mm f/1.8,3.98,26.0,1.0,2026:08:26 13:00:45
254,IMG20260826130047.jpg,3072,4080,1,OPPO,OPPO Reno12 F,OPPO Reno12 F back camera 26mm f/1.8,3.98,26.0,1.0,2026:08:26 13:00:47
255,IMG20260826130051.jpg,3072,4080,1,OPPO,OPPO Reno12 F,OPPO Reno12 F back camera 26mm f/1.8,3.98,26.0,1.0,2026:08:26 13:00:51
256,IMG20260826130053.jpg,3072,4080,1,OPPO,OPPO Reno12 F,OPPO Reno12 F back camera 26mm f/1.8,3.98,26.0,1.0,2026:08:26 13:00:53
257,IMG20260826130056.jpg,3072,4080,1,OPPO,OPPO Reno12 F,OPPO Reno12 F back camera 26mm f/1.8,3.98,26.0,1.0,2026:08:26 13:00:56
258,IMG20260826130059.jpg,3072,4080,1,OPPO,OPPO Reno12 F,OPPO Reno12 F back camera 26mm f/1.8,3.98,26.0,1.0,2026:08:26 13:00:59
259,IMG20260826130113.jpg,3072,4080,1,OPPO,OPPO Reno12 F,OPPO Reno12 F back camera 26mm f/1.8,3.98,26.0,1.0,2026:08:26 13:01:13
260,IMG20260826130116.jpg,3072,4080,1,OPPO,OPPO Reno12 F,OPPO Reno12 F back camera 26mm f/1.8,3.98,26.0,1.0,2026:08:26 13:01:16
261,IMG20260826130118.jpg,3072,4080,1,OPPO,OPPO Reno12 F,OPPO Reno12 F back camera 26mm f/1.8,3.98,26.0,1.0,2026:08:26 13:01:18
262,IMG20260826130121.jpg,3072,4080,1,OPPO,OPPO Reno12 F,OPPO Reno12 F back camera 26mm f/1.8,3.98,26.0,1.0,2026:08:26 13:01:21
263,IMG20260826130125.jpg,3072,4080,1,OPPO,OPPO Reno12 F,OPPO Reno12 F back camera 26mm f/1.8,3.98,26.0,1.0,2026:08:26 13:01:25
264,IMG20260826130128.jpg,3072,4080,1,OPPO,OPPO Reno12 F,OPPO Reno12 F back camera 26mm f/1.8,3.98,26.0,1.0,2026:08:26 13:01:28
265,IMG20260826130131.jpg,3072,4080,1,OPPO,OPPO Reno12 F,OPPO Reno12 F back camera 26mm f/1.8,3.98,26.0,1.0,2026:08:26 13:01:31
266,IMG20260826130134.jpg,3072,4080,1,OPPO,OPPO Reno12 F,OPPO Reno12 F back camera 26mm f/1.8,3.98,26.0,1.0,2026:08:26 13:01:34
267,IMG20260826130313.jpg,3072,4080,1,OPPO,OPPO Reno12 F,OPPO Reno12 F back camera 26mm f/1.8,3.98,26.0,1.0,2026:08:26 13:03:13
268,IMG20260826130322.jpg,3072,4080,1,OPPO,OPPO Reno12 F,OPPO Reno12 F back camera 26mm f/1.8,3.98,26.0,1.0,2026:08:26 13:03:22
269,IMG20260826130325.jpg,3072,4080,1,OPPO,OPPO Reno12 F,OPPO Reno12 F back camera 26mm f/1.8,3.98,26.0,1.0,2026:08:26 13:03:25
270,IMG20260826130328.jpg,3072,4080,1,OPPO,OPPO Reno12 F,OPPO Reno12 F back camera 26mm f/1.8,3.98,26.0,1.0,2026:08:26 13:03:28
271,IMG20260826130330.jpg,3072,4080,1,OPPO,OPPO Reno12 F,OPPO Reno12 F back camera 26mm f/1.8,3.98,26.0,1.0,2026:08:26 13:03:30
272,IMG20260826130334.jpg,3072,4080,1,OPPO,OPPO Reno12 F,OPPO Reno12 F back camera 26mm f/1.8,3.98,26.0,1.0,2026:08:26 13:03:34
273,IMG20260826130336.jpg,3072,4080,1,OPPO,OPPO Reno12 F,OPPO Reno12 F back camera 26mm f/1.8,3.98,26.0,1.0,2026:08:26 13:03:36
274,IMG20260826130338.jpg,3072,4080,1,OPPO,OPPO Reno12 F,OPPO Reno12 F back camera 26mm f/1.8,3.98,26.0,1.0,2026:08:26 13:03:38
275,IMG20260826130340.jpg,3072,4080,1,OPPO,OPPO Reno12 F,OPPO Reno12 F back camera 26mm f/1.8,3.98,26.0,1.0,2026:08:26 13:03:40
276,IMG20260826130342.jpg,3072,4080,1,OPPO,OPPO Reno12 F,OPPO Reno12 F back camera 26mm f/1.8,3.98,26.0,1.0,2026:08:26 13:03:42
277,IMG20260826130353.jpg,3072,4080,1,OPPO,OPPO Reno12 F,OPPO Reno12 F back camera 26mm f/1.8,3.98,26.0,1.0,2026:08:26 13:03:53
278,IMG20260826130357.jpg,3072,4080,1,OPPO,OPPO Reno12 F,OPPO Reno12 F back camera 26mm f/1.8,3.98,26.0,1.0,2026:08:26 13:03:57
279,IMG20260826130358.jpg,3072,4080,1,OPPO,OPPO Reno12 F,OPPO Reno12 F back camera 26mm f/1.8,3.98,26.0,1.0,2026:08:26 13:03:58
280,IMG20260826130402.jpg,3072,4080,1,OPPO,OPPO Reno12 F,OPPO Reno12 F back camera 26mm f/1.8,3.98,26.0,1.0,2026:08:26 13:04:02
281,IMG20260826130404.jpg,3072,4080,1,OPPO,OPPO Reno12 F,OPPO Reno12 F back camera 26mm f/1.8,3.98,26.0,1.0,2026:08:26 13:04:04
282,IMG20260826130407.jpg,3072,4080,1,OPPO,OPPO Reno12 F,OPPO Reno12 F back camera 26mm f/1.8,3.98,26.0,1.0,2026:08:26 13:04:07
283,IMG20260826130411.jpg,3072,4080,1,OPPO,OPPO Reno12 F,OPPO Reno12 F back camera 26mm f/1.8,3.98,26.0,1.0,2026:08:26 13:04:11
284,IMG20260826130414.jpg,3072,4080,1,OPPO,OPPO Reno12 F,OPPO Reno12 F back camera 26mm f/1.8,3.98,26.0,1.0,2026:08:26 13:04:14
285,IMG20260826130417.jpg,3072,4080,1,OPPO,OPPO Reno12 F,OPPO Reno12 F back camera 26mm f/1.8,3.98,26.0,1.0,2026:08:26 13:04:17
286,IMG20260826130420.jpg,3072,4080,1,OPPO,OPPO Reno12 F,OPPO Reno12 F back camera 26mm f/1.8,3.98,26.0,1.0,2026:08:26 13:04:20
287,IMG20260826130423.jpg,3072,4080,1,OPPO,OPPO Reno12 F,OPPO Reno12 F back camera 26mm f/1.8,3.98,26.0,1.0,2026:08:26 13:04:23
288,IMG20260826130427.jpg,3072,4080,1,OPPO,OPPO Reno12 F,OPPO Reno12 F back camera 26mm f/1.8,3.98,26.0,1.0,2026:08:26 13:04:27
