pair_a,pair_b,mode,keypoints_a,keypoints_b,candidate_matches,inliers,inlier_ratio,median_sampson_error,p90_sampson_error,grid_coverage,status,edge_type,strong
1,2,unmasked,5402,5386,325,216,0.6646153846153846,0.16852975158206607,0.757811153474601,0.6875,ok,adjacent,1
2,3,unmasked,5386,5796,298,173,0.5805369127516778,0.15236553013155124,0.7144405930051028,0.71875,ok,adjacent,1
3,4,unmasked,5796,5705,329,180,0.547112462006079,0.0946189276196703,0.7214849562995561,0.6875,ok,adjacent,1
4,5,unmasked,5705,5957,242,129,0.5330578512396694,0.11782869256251198,0.7007915831632557,0.625,ok,adjacent,1
5,6,unmasked,5957,6118,329,216,0.6565349544072948,0.11247978207517029,0.6403988320302604,0.75,ok,adjacent,1
6,7,unmasked,6118,6275,399,259,0.6491228070175439,0.17100278167344032,0.7017313180871999,0.75,ok,adjacent,1
7,8,unmasked,6275,6053,379,245,0.6464379947229552,0.1415495070065006,0.6616390519141157,0.8125,ok,adjacent,1
8,9,unmasked,6053,5943,603,428,0.7097844112769486,0.08814590289989258,0.5517372240287733,0.75,ok,adjacent,1
9,10,unmasked,5943,6077,444,296,0.6666666666666666,0.22283266533563828,0.8091514536772475,0.75,ok,adjacent,1
10,11,unmasked,6077,6045,454,323,0.711453744493392,0.12148308912744184,0.6201812333484884,0.8125,ok,adjacent,1
11,12,unmasked,6045,6117,643,500,0.7776049766718507,0.09465592784935767,0.6125745299410381,0.875,ok,adjacent,1
12,13,unmasked,6117,5997,640,448,0.7,0.36968124245590456,0.9225677162205581,0.6875,ok,adjacent,1
13,14,unmasked,5997,6514,394,283,0.7182741116751269,0.18798136232096427,0.8399723557027055,0.625,ok,adjacent,1
14,15,unmasked,6514,6839,986,809,0.8204868154158215,0.06095201846060953,0.43591484281229853,0.625,ok,adjacent,1
15,16,unmasked,6839,6375,958,704,0.7348643006263048,0.11258115546945023,0.6598042775042725,0.65625,ok,adjacent,1
16,17,unmasked,6375,6285,375,263,0.7013333333333334,0.12306038822400461,0.6949416221633418,0.78125,ok,adjacent,1
17,18,unmasked,6285,6245,504,344,0.6825396825396826,0.07811362347001236,0.562142657352779,0.6875,ok,adjacent,1
18,19,unmasked,6245,6113,1028,923,0.8978599221789884,0.06892616574773534,0.4251466937963775,0.875,ok,adjacent,1
19,20,unmasked,6113,5874,523,372,0.7112810707456979,0.13806121708671926,0.6407135358891348,0.65625,ok,adjacent,1
20,21,unmasked,5874,6039,279,173,0.6200716845878136,0.16842395921532913,0.8974013176898609,0.6875,ok,adjacent,1
21,22,unmasked,6039,6069,309,218,0.7055016181229773,0.13871955531875646,0.6740577240620529,0.625,ok,adjacent,1
22,23,unmasked,6069,5591,318,199,0.6257861635220126,0.15024004689830192,0.721385062963969,0.59375,ok,adjacent,1
23,24,unmasked,5591,5648,770,582,0.7558441558441559,0.10828973630145367,0.6033289021405723,0.6875,ok,adjacent,1
24,25,unmasked,5648,5927,507,383,0.7554240631163708,0.15654501740979979,0.7727916839055899,0.625,ok,adjacent,1
25,26,unmasked,5927,6153,425,291,0.6847058823529412,0.11415523092399082,0.6969749153866555,0.5,ok,adjacent,1
26,27,unmasked,6153,6757,462,315,0.6818181818181818,0.11633906017344674,0.6626202300312858,0.625,ok,adjacent,1
27,28,unmasked,6757,6618,413,290,0.7021791767554479,0.11910080356079641,0.7520453064041398,0.5,ok,adjacent,1
28,29,unmasked,6618,6386,334,241,0.7215568862275449,0.07281049249250304,0.6040093245253089,0.6875,ok,adjacent,1
29,30,unmasked,6386,7040,300,182,0.6066666666666667,0.12058080747386465,0.6855207009839804,0.6875,ok,adjacent,1
30,31,unmasked,7040,7182,494,344,0.6963562753036437,0.11957427573095551,0.6912712787795434,0.65625,ok,adjacent,1
31,32,unmasked,7182,5470,190,86,0.45263157894736844,0.0965000832989475,0.6981285238888877,0.625,ok,adjacent,1
32,33,unmasked,5470,5966,361,246,0.6814404432132964,0.09903269527355747,0.6666598034600757,0.6875,ok,adjacent,1
33,34,unmasked,5966,4290,909,661,0.7271727172717272,0.18635660165237797,0.5610837215980402,0.5,ok,adjacent,1
34,35,unmasked,4290,5931,302,174,0.5761589403973509,0.16458224130228735,0.7212277100638391,0.65625,ok,adjacent,1
35,36,unmasked,5931,5747,387,268,0.6925064599483204,0.06547831418107655,0.5339110038785257,0.6875,ok,adjacent,1
36,37,unmasked,5747,5680,658,475,0.7218844984802432,0.07409528568104115,0.6453744835759708,0.5625,ok,adjacent,1
37,38,unmasked,5680,5458,288,174,0.6041666666666666,0.09759471080029146,0.6202188559110711,0.625,ok,adjacent,1
38,39,unmasked,5458,5480,373,250,0.6702412868632708,0.19013161243674065,0.7004489709177452,0.875,ok,adjacent,1
39,40,unmasked,5480,4908,240,153,0.6375,0.14176379594079103,0.6326973844506336,0.625,ok,adjacent,1
40,41,unmasked,4908,4750,380,242,0.6368421052631579,0.12983964340313714,0.6427925060038202,0.6875,ok,adjacent,1
41,42,unmasked,4750,4667,300,207,0.69,0.137607707597357,0.6640530053008512,0.5625,ok,adjacent,1
42,43,unmasked,4667,4894,376,247,0.6569148936170213,0.11447748259809,0.6990075567739267,0.5625,ok,adjacent,1
43,44,unmasked,4894,4510,571,399,0.6987740805604203,0.1453675307001626,0.6717274318929662,0.65625,ok,adjacent,1
44,45,unmasked,4510,4612,347,222,0.6397694524495677,0.17861029562004954,0.7905949379912073,0.6875,ok,adjacent,1
45,46,unmasked,4612,4842,505,335,0.6633663366336634,0.08792840922371385,0.6482420469352077,0.78125,ok,adjacent,1
46,47,unmasked,4842,5015,612,425,0.6944444444444444,0.1159375795832219,0.7064368381373097,0.65625,ok,adjacent,1
47,48,unmasked,5015,5002,453,329,0.7262693156732892,0.1119255808044751,0.638826642898269,0.625,ok,adjacent,1
48,49,unmasked,5002,5029,517,367,0.7098646034816247,0.06696440075828,0.6309235674106104,0.6875,ok,adjacent,1
49,50,unmasked,5029,4909,494,310,0.6275303643724697,0.07066334699001875,0.5784395179453787,0.6875,ok,adjacent,1
50,51,unmasked,4909,4559,641,486,0.7581903276131046,0.06554689112834122,0.6362265938255207,0.8125,ok,adjacent,1
51,52,unmasked,4559,4181,590,410,0.6949152542372882,0.12144350916794627,0.651583748025293,0.8125,ok,adjacent,1
52,53,unmasked,4181,4150,446,318,0.7130044843049327,0.06469453928372315,0.6426187094786643,0.59375,ok,adjacent,1
53,54,unmasked,4150,3985,681,524,0.7694566813509545,0.0911193244151903,0.5671661973550672,0.6875,ok,adjacent,1
54,55,unmasked,3985,3890,648,519,0.8009259259259259,0.12014496126601062,0.723006057063461,0.8125,ok,adjacent,1
55,56,unmasked,3890,4731,581,432,0.7435456110154905,0.06206263961497091,0.5677923211710174,0.59375,ok,adjacent,1
56,57,unmasked,4731,4802,585,453,0.7743589743589744,0.07167115082338422,0.6159446875025331,0.8125,ok,adjacent,1
57,58,unmasked,4802,4850,931,735,0.7894736842105263,0.0517601251131255,0.46857097499018535,0.6875,ok,adjacent,1
58,59,unmasked,4850,5328,458,303,0.6615720524017468,0.06484280555982051,0.5174509895945552,0.78125,ok,adjacent,1
59,60,unmasked,5328,5184,295,165,0.559322033898305,0.12376415757478886,0.6813272872733968,0.71875,ok,adjacent,1
60,61,unmasked,5184,5934,505,337,0.6673267326732674,0.04353346703853548,0.5637106277121544,0.75,ok,adjacent,1
61,62,unmasked,5934,5508,283,158,0.558303886925795,0.14591381055690783,0.6851354738177611,0.625,ok,adjacent,1
62,63,unmasked,5508,5855,488,322,0.6598360655737705,0.10005700826237147,0.6410487045722252,0.75,ok,adjacent,1
63,64,unmasked,5855,6023,361,222,0.6149584487534626,0.09062852406657615,0.7748337939306539,0.84375,ok,adjacent,1
64,65,unmasked,6023,5466,375,217,0.5786666666666667,0.11009720007625211,0.8204722059368361,0.78125,ok,adjacent,1
65,66,unmasked,5466,5451,245,129,0.5265306122448979,0.10437955183307648,0.7081325753233559,0.6875,ok,adjacent,1
66,67,unmasked,5451,5517,343,193,0.5626822157434402,0.11497645263208917,0.7643309039400021,0.8125,ok,adjacent,1
67,68,unmasked,5517,5991,316,201,0.6360759493670886,0.15646897651350736,0.7080925857206783,0.6875,ok,adjacent,1
68,69,unmasked,5991,5746,482,346,0.7178423236514523,0.1212837543609653,0.7221982365407569,0.75,ok,adjacent,1
69,70,unmasked,5746,6246,655,504,0.7694656488549618,0.11897301739691865,0.821684233587132,0.8125,ok,adjacent,1
70,71,unmasked,6246,5743,527,362,0.6869070208728653,0.13417740137455764,0.5203920410339744,0.71875,ok,adjacent,1
71,72,unmasked,5743,5824,302,180,0.5960264900662252,0.21837240473464883,0.8855107772013053,0.8125,ok,adjacent,1
72,73,unmasked,5824,5564,485,351,0.7237113402061855,0.10807005132859566,0.5999444961223974,0.75,ok,adjacent,1
73,74,unmasked,5564,4010,26,11,0.4230769230769231,1.7622680304230519e-25,0.2288058366714237,0.34375,ok,adjacent,0
74,75,unmasked,4010,4055,306,153,0.5,0.19882499630907996,0.8806600618524878,0.59375,ok,adjacent,1
75,76,unmasked,4055,4149,362,211,0.5828729281767956,0.26843902135611425,0.8394370900603423,0.75,ok,adjacent,1
76,77,unmasked,4149,4419,193,98,0.5077720207253886,0.15828199669170517,0.809660695895001,0.6875,ok,adjacent,1
77,78,unmasked,4419,4628,411,241,0.5863746958637469,0.13861638084877823,0.7170260006960001,0.71875,ok,adjacent,1
78,79,unmasked,4628,4457,358,224,0.6256983240223464,0.13644582030488417,0.767236845792884,0.6875,ok,adjacent,1
79,80,unmasked,4457,4645,334,183,0.5479041916167665,0.16607428680547343,0.7661105487254848,0.6875,ok,adjacent,1
80,81,unmasked,4645,4911,321,170,0.5295950155763239,0.22666258742482917,0.7607169841769114,0.71875,ok,adjacent,1
81,82,unmasked,4911,5022,448,284,0.6339285714285714,0.1645294364446744,0.8033341966830612,0.84375,ok,adjacent,1
82,83,unmasked,5022,5158,557,360,0.6463195691202872,0.13057029837699863,0.7140488547316471,0.84375,ok,adjacent,1
83,84,unmasked,5158,5511,469,318,0.6780383795309168,0.16484428382121596,0.765917955140477,0.84375,ok,adjacent,1
84,85,unmasked,5511,5731,317,165,0.5205047318611987,0.1467273454834885,0.8275567651343351,0.8125,ok,adjacent,1
85,86,unmasked,5731,5867,341,200,0.5865102639296188,0.12141384034664734,0.7323681101117872,0.6875,ok,adjacent,1
86,87,unmasked,5867,5699,295,176,0.5966101694915255,0.1178730113732164,0.6636471800252792,0.71875,ok,adjacent,1
87,88,unmasked,5699,6157,367,198,0.5395095367847411,0.15316736806799702,0.8065931590567793,0.625,ok,adjacent,1
88,89,unmasked,6157,6343,394,230,0.583756345177665,0.21668250357068736,0.8520741188008608,0.78125,ok,adjacent,1
89,90,unmasked,6343,6415,324,162,0.5,0.19355041225647962,0.8396298587191882,0.65625,ok,adjacent,1
90,91,unmasked,6415,5887,282,138,0.48936170212765956,0.11096737666232007,0.8233173596982529,0.65625,ok,adjacent,1
91,92,unmasked,5887,5990,298,164,0.5503355704697986,0.1315922892583277,0.8349393242758625,0.625,ok,adjacent,1
92,93,unmasked,5990,6028,217,101,0.46543778801843316,0.1958120840303164,0.769475013147771,0.65625,ok,adjacent,1
93,94,unmasked,6028,5738,312,175,0.5608974358974359,0.16303126120013098,0.7588161986294168,0.65625,ok,adjacent,1
94,95,unmasked,5738,5777,353,205,0.5807365439093485,0.12819150925626369,0.872704650613123,0.625,ok,adjacent,1
95,96,unmasked,5777,5405,349,205,0.5873925501432665,0.17198095262853158,0.8563601135453944,0.78125,ok,adjacent,1
96,97,unmasked,5405,5309,330,190,0.5757575757575758,0.12094950202335408,0.734273164372567,0.75,ok,adjacent,1
97,98,unmasked,5309,5760,224,114,0.5089285714285714,0.12078746646954527,0.7856787115848017,0.625,ok,adjacent,1
98,99,unmasked,5760,5714,298,166,0.5570469798657718,0.16948512168050744,0.7764817101286147,0.59375,ok,adjacent,1
99,100,unmasked,5714,5625,454,317,0.698237885462555,0.12446232460056113,0.6152669933675977,0.75,ok,adjacent,1
100,101,unmasked,5625,5672,427,279,0.6533957845433255,0.14511514634452538,0.7206721625955099,0.78125,ok,adjacent,1
101,102,unmasked,5672,5859,373,228,0.6112600536193029,0.14885435880098385,0.7166961028813273,0.6875,ok,adjacent,1
102,103,unmasked,5859,5976,360,212,0.5888888888888889,0.2102146072139545,0.8427319446991384,0.625,ok,adjacent,1
103,104,unmasked,5976,5944,283,152,0.5371024734982333,0.1344545718856226,0.775081657637939,0.6875,ok,adjacent,1
104,105,unmasked,5944,5515,220,95,0.4318181818181818,0.1365457526816762,0.8028840708766056,0.5625,ok,adjacent,1
105,106,unmasked,5515,5494,497,350,0.704225352112676,0.11257967909019857,0.6439359716495793,0.65625,ok,adjacent,1
106,107,unmasked,5494,5780,397,271,0.6826196473551638,0.19418255253104463,0.7473846876624385,0.6875,ok,adjacent,1
107,108,unmasked,5780,5882,299,158,0.5284280936454849,0.14648000003772277,0.7856660578218088,0.53125,ok,adjacent,1
108,109,unmasked,5882,6728,276,145,0.5253623188405797,0.17217860951176497,0.857124280175384,0.65625,ok,adjacent,1
109,110,unmasked,6728,6362,924,679,0.7348484848484849,0.1549703067805202,0.6432918210207236,0.6875,ok,adjacent,1
110,111,unmasked,6362,6662,332,184,0.5542168674698795,0.14681019986791333,0.8122871932965521,0.84375,ok,adjacent,1
111,112,unmasked,6662,6443,294,152,0.5170068027210885,0.18376641909610375,0.7413648907644973,0.71875,ok,adjacent,1
112,113,unmasked,6443,6386,295,163,0.5525423728813559,0.208173511939165,0.7007551250284215,0.75,ok,adjacent,1
113,114,unmasked,6386,6559,149,64,0.42953020134228187,0.12111182021440145,0.645674009042712,0.59375,ok,adjacent,1
114,115,unmasked,6559,6668,359,215,0.5988857938718662,0.2520518523260866,0.7969236252450855,0.6875,ok,adjacent,1
115,116,unmasked,6668,5700,264,125,0.4734848484848485,0.1085184148984411,0.7349312353084508,0.5,ok,adjacent,1
116,117,unmasked,5700,6187,354,212,0.5988700564971752,0.2095278411106664,0.8050110906172041,0.6875,ok,adjacent,1
117,118,unmasked,6187,5936,408,266,0.6519607843137255,0.15304632621574293,0.7794899447249555,0.71875,ok,adjacent,1
118,119,unmasked,5936,6135,301,144,0.47840531561461797,0.20651833134180747,0.8559308784652911,0.6875,ok,adjacent,1
119,120,unmasked,6135,5971,309,175,0.5663430420711975,0.16217333257385566,0.8107405928195376,0.75,ok,adjacent,1
120,121,unmasked,5971,5490,340,180,0.5294117647058824,0.19373435836680247,0.8115733603133299,0.6875,ok,adjacent,1
121,122,unmasked,5490,5243,230,106,0.4608695652173913,0.15100811205294612,0.7688979815368147,0.59375,ok,adjacent,1
122,123,unmasked,5243,4872,324,188,0.5802469135802469,0.21141737891732065,0.8318636775774296,0.65625,ok,adjacent,1
123,124,unmasked,4872,4527,278,157,0.564748201438849,0.13157527089272134,0.7817480765054408,0.75,ok,adjacent,1
124,125,unmasked,4527,5416,190,98,0.5157894736842106,0.11170138523088152,0.7164695844165822,0.5625,ok,adjacent,1
125,126,unmasked,5416,5139,312,184,0.5897435897435898,0.17211912550362102,0.7256027030145049,0.71875,ok,adjacent,1
126,127,unmasked,5139,4920,259,139,0.5366795366795367,0.12709867547113715,0.7248654732284856,0.59375,ok,adjacent,1
127,128,unmasked,4920,4670,335,191,0.5701492537313433,0.24673168816414245,0.7646128803154487,0.75,ok,adjacent,1
128,129,unmasked,4670,4701,340,198,0.5823529411764706,0.1442827209584747,0.5948420173249409,0.6875,ok,adjacent,1
129,130,unmasked,4701,4559,447,261,0.5838926174496645,0.1667984337500119,0.7960745758451843,0.625,ok,adjacent,1
130,131,unmasked,4559,4800,328,180,0.5487804878048781,0.1524766051908233,0.8832746111847048,0.78125,ok,adjacent,1
131,132,unmasked,4800,4958,380,228,0.6,0.15319077371345818,0.6546104778845282,0.6875,ok,adjacent,1
132,133,unmasked,4958,4715,306,171,0.5588235294117647,0.22929352810989964,0.8795084835672519,0.75,ok,adjacent,1
133,134,unmasked,4715,4335,212,84,0.39622641509433965,0.09941208026717752,0.8170193619225352,0.5625,ok,adjacent,1
134,135,unmasked,4335,4618,414,233,0.5628019323671497,0.14919905383276946,0.6732458172633506,0.5625,ok,adjacent,1
135,136,unmasked,4618,4235,483,297,0.6149068322981367,0.13792455537790005,0.7311142599137244,0.8125,ok,adjacent,1
136,137,unmasked,4235,4701,274,139,0.5072992700729927,0.13839568465320745,0.7588330474439887,0.59375,ok,adjacent,1
137,138,unmasked,4701,4729,382,215,0.56282722513089,0.20004167219331495,0.7667467778935596,0.6875,ok,adjacent,1
138,139,unmasked,4729,4873,488,333,0.6823770491803278,0.13811618769843553,0.6766400613988683,0.78125,ok,adjacent,1
139,140,unmasked,4873,4050,676,494,0.7307692307692307,0.1060465453385113,0.6189732851963853,0.6875,ok,adjacent,1
140,141,unmasked,4050,4298,829,665,0.8021712907117008,0.10257100462262415,0.5937485967416105,0.875,ok,adjacent,1
141,142,unmasked,4298,4359,812,617,0.7598522167487685,0.20883623265694914,0.8774739360539339,0.78125,ok,adjacent,1
142,143,unmasked,4359,4644,843,674,0.7995255041518387,0.08075666909773174,0.5666725434936489,0.90625,ok,adjacent,1
143,144,unmasked,4644,4593,817,682,0.8347613219094248,0.0636525170937183,0.5907990643628107,0.875,ok,adjacent,1
144,145,unmasked,4593,4693,615,482,0.7837398373983739,0.07844473423449015,0.6271344634394103,0.9375,ok,adjacent,1
145,146,unmasked,4693,5458,24,8,0.3333333333333333,6.2719490442079485e-25,0.11634038999513749,0.28125,ok,adjacent,0
146,147,unmasked,5458,5256,295,160,0.5423728813559322,0.15834126463428821,0.7320829063163751,0.75,ok,adjacent,1
147,148,unmasked,5256,4929,395,267,0.6759493670886076,0.14115168077081683,0.655045057787258,0.75,ok,adjacent,1
148,149,unmasked,4929,5052,451,288,0.6385809312638581,0.07682569624671845,0.6636975523358569,0.625,ok,adjacent,1
149,150,unmasked,5052,5142,469,295,0.6289978678038379,0.11759665056259304,0.8145952225084085,0.625,ok,adjacent,1
150,151,unmasked,5142,4991,492,303,0.6158536585365854,0.10112757373669004,0.5886599646204738,0.625,ok,adjacent,1
151,152,unmasked,4991,5431,291,149,0.5120274914089347,0.20521268410613827,0.8650288553900163,0.625,ok,adjacent,1
152,153,unmasked,5431,5195,299,152,0.5083612040133779,0.2009387705395855,0.7211708525579534,0.71875,ok,adjacent,1
153,154,unmasked,5195,5048,382,231,0.6047120418848168,0.12007895477436722,0.7096890222528361,0.625,ok,adjacent,1
154,155,unmasked,5048,5101,225,108,0.48,0.17462216567874295,0.7348374495293012,0.625,ok,adjacent,1
155,156,unmasked,5101,5185,354,212,0.5988700564971752,0.16099408154063077,0.7361905543695144,0.75,ok,adjacent,1
156,157,unmasked,5185,5461,424,273,0.6438679245283019,0.19945590092176044,0.748783305711081,0.75,ok,adjacent,1
157,158,unmasked,5461,4832,421,246,0.5843230403800475,0.12397547196418751,0.7109224813519871,0.71875,ok,adjacent,1
158,159,unmasked,4832,5587,253,123,0.48616600790513836,0.11077568883241665,0.8090163365265401,0.625,ok,adjacent,1
159,160,unmasked,5587,5003,516,330,0.6395348837209303,0.16351371712359958,0.7312026268420293,0.75,ok,adjacent,1
160,161,unmasked,5003,5464,420,265,0.6309523809523809,0.10224359019415226,0.6668349221873165,0.71875,ok,adjacent,1
161,162,unmasked,5464,5750,566,362,0.6395759717314488,0.12517886476218215,0.7978338131878999,0.71875,ok,adjacent,1
162,163,unmasked,5750,6256,677,459,0.6779911373707533,0.22474188064471898,0.8247620879042594,0.8125,ok,adjacent,1
163,164,unmasked,6256,5888,443,278,0.6275395033860045,0.13348048330867895,0.748799625553806,0.6875,ok,adjacent,1
164,165,unmasked,5888,4653,201,84,0.417910447761194,0.17532409987635722,0.6078947834583692,0.5625,ok,adjacent,1
165,166,unmasked,4653,4643,478,300,0.6276150627615062,0.14314949483481546,0.7593906938141327,0.625,ok,adjacent,1
166,167,unmasked,4643,4865,544,362,0.6654411764705882,0.12187066487908223,0.7600294271276404,0.6875,ok,adjacent,1
167,168,unmasked,4865,4404,256,133,0.51953125,0.1631333534986592,0.7688515316086845,0.71875,ok,adjacent,1
168,169,unmasked,4404,4770,515,375,0.7281553398058253,0.11728085978589446,0.6702336660452797,0.75,ok,adjacent,1
169,170,unmasked,4770,4370,346,210,0.6069364161849711,0.10574982295487544,0.744654321705373,0.65625,ok,adjacent,1
170,171,unmasked,4370,5601,229,99,0.43231441048034935,0.12545805855458775,0.7420587750051105,0.71875,ok,adjacent,1
171,172,unmasked,5601,5608,418,266,0.6363636363636364,0.14100740665784273,0.7229816164700638,0.8125,ok,adjacent,1
172,173,unmasked,5608,5552,439,265,0.6036446469248291,0.12028891814923673,0.8285398033344438,0.75,ok,adjacent,1
173,174,unmasked,5552,5925,327,166,0.5076452599388379,0.09346252783715822,0.7382661057393797,0.6875,ok,adjacent,1
174,175,unmasked,5925,5492,202,110,0.5445544554455446,0.08705017621471967,0.6105101980621866,0.625,ok,adjacent,1
175,176,unmasked,5492,5709,215,105,0.4883720930232558,0.15159279702468276,0.830034295635591,0.75,ok,adjacent,1
176,177,unmasked,5709,5203,202,109,0.5396039603960396,0.15468273157313414,0.8370012845305973,0.71875,ok,adjacent,1
177,178,unmasked,5203,5659,308,190,0.6168831168831169,0.11545673922295213,0.6716426328495952,0.71875,ok,adjacent,1
178,179,unmasked,5659,5572,248,131,0.5282258064516129,0.16149141716227366,0.6224170976091574,0.6875,ok,adjacent,1
179,180,unmasked,5572,5862,454,256,0.5638766519823789,0.1934687569120225,0.8710887156782575,0.625,ok,adjacent,1
180,181,unmasked,5862,5878,687,398,0.5793304221251819,0.1477518579668045,0.7726338741616778,0.71875,ok,adjacent,1
181,182,unmasked,5878,6034,273,149,0.5457875457875457,0.10109359783931778,0.629655415644859,0.71875,ok,adjacent,1
182,183,unmasked,6034,5945,205,100,0.4878048780487805,0.2184768381338962,0.9504423488075738,0.5625,ok,adjacent,1
183,184,unmasked,5945,5756,343,204,0.5947521865889213,0.12641614461778977,0.6706518812767172,0.65625,ok,adjacent,1
184,185,unmasked,5756,5514,256,139,0.54296875,0.1785295640449027,0.6593228117449379,0.6875,ok,adjacent,1
185,186,unmasked,5514,6043,401,255,0.6359102244389028,0.11372856402890615,0.6073032023286341,0.75,ok,adjacent,1
186,187,unmasked,6043,5818,398,229,0.5753768844221105,0.1663932008667185,0.7947376513426291,0.6875,ok,adjacent,1
187,188,unmasked,5818,5542,457,284,0.6214442013129103,0.13658430921743014,0.8248705003826854,0.6875,ok,adjacent,1
188,189,unmasked,5542,5381,204,99,0.4852941176470588,0.13089569078135227,0.7810498677438817,0.75,ok,adjacent,1
189,190,unmasked,5381,5404,477,316,0.6624737945492662,0.1086971692860216,0.6651569153674077,0.6875,ok,adjacent,1
190,191,unmasked,5404,5088,153,97,0.6339869281045751,0.16229577570694823,0.7404617698340002,0.5,ok,adjacent,1
191,192,unmasked,5088,5128,184,103,0.5597826086956522,0.14035548269086204,0.6707841076047707,0.5625,ok,adjacent,1
192,193,unmasked,5128,5048,554,438,0.7906137184115524,0.11151622768917574,0.6772372762455215,0.75,ok,adjacent,1
193,194,unmasked,5048,4837,630,464,0.7365079365079366,0.13525892959279218,0.6555167050574129,0.75,ok,adjacent,1
194,195,unmasked,4837,4768,296,178,0.6013513513513513,0.10051913654867345,0.7886520979955391,0.6875,ok,adjacent,1
195,196,unmasked,4768,4855,290,158,0.5448275862068965,0.16043851929467268,0.7763739352917578,0.65625,ok,adjacent,1
196,197,unmasked,4855,5711,277,144,0.51985559566787,0.14585273498319024,0.7767256233501458,0.625,ok,adjacent,1
197,198,unmasked,5711,5180,377,224,0.5941644562334217,0.13930033330406416,0.7216607761356023,0.6875,ok,adjacent,1
198,199,unmasked,5180,5097,250,135,0.54,0.14103516806671892,0.8067365080158416,0.6875,ok,adjacent,1
199,200,unmasked,5097,4704,311,159,0.5112540192926045,0.32154532661341656,0.859757062704704,0.65625,ok,adjacent,1
200,201,unmasked,4704,4423,438,243,0.5547945205479452,0.129785446776738,0.7582904771485265,0.78125,ok,adjacent,1
201,202,unmasked,4423,4135,276,149,0.5398550724637681,0.1436792732437898,0.6574304736998227,0.8125,ok,adjacent,1
202,203,unmasked,4135,4627,226,104,0.46017699115044247,0.1753287803814077,0.8586981233851794,0.6875,ok,adjacent,1
203,204,unmasked,4627,4529,20,8,0.4,1.4960841890340389e-25,0.02740250567883383,0.15625,ok,adjacent,0
204,205,unmasked,4529,4443,101,31,0.3069306930693069,0.15351134736492797,0.9861793584683103,0.46875,ok,adjacent,1
205,206,unmasked,4443,4238,122,54,0.4426229508196721,0.14767848088063276,0.7705554345275696,0.46875,ok,adjacent,1
206,207,unmasked,4238,4830,123,41,0.3333333333333333,0.1409079624970458,0.6324345629243739,0.46875,ok,adjacent,1
207,208,unmasked,4830,3536,116,34,0.29310344827586204,0.06184029941132855,0.7716906261699567,0.5,ok,adjacent,1
208,209,unmasked,3536,4455,135,52,0.3851851851851852,0.24061388259126731,0.8739987416167009,0.5625,ok,adjacent,1
209,210,unmasked,4455,4580,283,148,0.5229681978798587,0.060795965660168996,0.5150484048893216,0.625,ok,adjacent,1
210,211,unmasked,4580,4615,121,52,0.4297520661157025,0.043671759799518206,0.7770709021863744,0.46875,ok,adjacent,1
211,212,unmasked,4615,4927,199,77,0.3869346733668342,0.11178527010724491,0.7886380555405891,0.59375,ok,adjacent,1
212,213,unmasked,4927,4682,143,50,0.34965034965034963,0.12528890054286768,0.6286995141056684,0.40625,ok,adjacent,1
213,214,unmasked,4682,4774,322,155,0.4813664596273292,0.17764343389133622,0.7755869274642052,0.59375,ok,adjacent,1
214,215,unmasked,4774,4474,158,42,0.26582278481012656,0.11536562883781881,0.7719866142968055,0.5,ok,adjacent,1
215,216,unmasked,4474,4711,57,18,0.3157894736842105,0.003940029271478504,0.3885264817282894,0.3125,ok,adjacent,1
216,217,unmasked,4711,5139,128,38,0.296875,0.027301810088939667,0.7813680473064164,0.4375,ok,adjacent,1
217,218,unmasked,5139,4640,81,18,0.2222222222222222,0.08781224554321654,0.4436406307560576,0.5,ok,adjacent,1
218,219,unmasked,4640,4996,244,116,0.47540983606557374,0.17047605422081977,0.793193455263902,0.5,ok,adjacent,1
219,220,unmasked,4996,5081,158,70,0.4430379746835443,0.1239949323704396,0.6341038516346073,0.53125,ok,adjacent,1
220,221,unmasked,5081,4696,535,343,0.6411214953271028,0.12538646224216218,0.6018387780551216,0.5625,ok,adjacent,1
221,222,unmasked,4696,4552,381,229,0.6010498687664042,0.08447948076355921,0.5615598347375829,0.5,ok,adjacent,1
222,223,unmasked,4552,4379,186,74,0.3978494623655914,0.10760339661080487,0.7025560867933639,0.53125,ok,adjacent,1
223,224,unmasked,4379,4120,228,126,0.5526315789473685,0.14130487444158552,0.7609407249568155,0.53125,ok,adjacent,1
224,225,unmasked,4120,4663,123,40,0.3252032520325203,0.050642078773560806,0.6287616964419214,0.46875,ok,adjacent,1
225,226,unmasked,4663,4097,238,93,0.3907563025210084,0.25850839895350197,0.7131994982441218,0.5,ok,adjacent,1
226,227,unmasked,4097,3915,255,120,0.47058823529411764,0.14612182704539325,0.8090687864879087,0.59375,ok,adjacent,1
227,228,unmasked,3915,4834,177,68,0.384180790960452,0.22680555910464414,0.7678507677683032,0.5625,ok,adjacent,1
228,229,unmasked,4834,4681,402,251,0.6243781094527363,0.1133825180881679,0.7479389725094624,0.5625,ok,adjacent,1
229,230,unmasked,4681,5104,947,801,0.8458289334741288,0.051194665928611806,0.45609267826516847,0.625,ok,adjacent,1
230,231,unmasked,5104,4824,134,47,0.35074626865671643,0.1688960014218707,0.67342133826346,0.46875,ok,adjacent,1
231,232,unmasked,4824,4804,180,84,0.4666666666666667,0.1342656690660246,0.6947343020298862,0.5,ok,adjacent,1
232,233,unmasked,4804,5075,218,106,0.48623853211009177,0.10130815641744247,0.8192904700177502,0.625,ok,adjacent,1
233,234,unmasked,5075,5123,233,125,0.5364806866952789,0.15968872432692677,0.8794058399819372,0.71875,ok,adjacent,1
234,235,unmasked,5123,5649,368,194,0.5271739130434783,0.0757241282686347,0.8108456656466864,0.625,ok,adjacent,1
235,236,unmasked,5649,5099,109,48,0.44036697247706424,0.12837785156638676,0.6941946003956188,0.40625,ok,adjacent,1
236,237,unmasked,5099,4424,289,155,0.5363321799307958,0.08372284700744208,0.5757570710857781,0.625,ok,adjacent,1
237,238,unmasked,4424,4369,137,64,0.46715328467153283,0.0602518151430332,0.6026216168702668,0.34375,ok,adjacent,1
238,239,unmasked,4369,4034,428,274,0.6401869158878505,0.16902147971153894,0.7401965231189952,0.53125,ok,adjacent,1
239,240,unmasked,4034,4349,139,56,0.4028776978417266,0.09197168236759037,0.7268784033856501,0.46875,ok,adjacent,1
240,241,unmasked,4349,4148,195,69,0.35384615384615387,0.09463971676267031,0.8338379218578678,0.46875,ok,adjacent,1
241,242,unmasked,4148,4283,233,106,0.45493562231759654,0.07033508176439014,0.7392880909560103,0.4375,ok,adjacent,1
242,243,unmasked,4283,4286,205,92,0.44878048780487806,0.12352676869018814,0.7460136336535694,0.5,ok,adjacent,1
243,244,unmasked,4286,4222,404,251,0.6212871287128713,0.13128430298182536,0.6315065443171834,0.5625,ok,adjacent,1
244,245,unmasked,4222,4102,298,188,0.6308724832214765,0.15814772199247823,0.731806444856891,0.53125,ok,adjacent,1
245,246,unmasked,4102,4503,158,58,0.3670886075949367,0.19330852312047675,0.6827481266885876,0.5,ok,adjacent,1
246,247,unmasked,4503,3487,25,9,0.36,2.540675809135602e-25,0.047520543284884455,0.3125,ok,adjacent,0
247,248,unmasked,3487,3274,92,33,0.358695652173913,0.21667455496425864,0.7063813906981713,0.3125,ok,adjacent,1
248,249,unmasked,3274,2866,54,16,0.2962962962962963,2.6373822969547673e-24,0.4973912026588837,0.21875,ok,adjacent,1
249,250,unmasked,2866,2600,101,32,0.31683168316831684,0.4345276183165433,0.949154371370344,0.25,ok,adjacent,1
250,251,unmasked,2600,2217,76,18,0.23684210526315788,0.028709424953169804,0.7784959848033634,0.28125,ok,adjacent,1
251,252,unmasked,2217,1798,69,21,0.30434782608695654,0.04856229634154978,0.7428322725221859,0.25,ok,adjacent,1
252,253,unmasked,1798,2186,101,34,0.33663366336633666,0.04629843048452768,0.6334885415544481,0.34375,ok,adjacent,1
253,254,unmasked,2186,1706,97,43,0.44329896907216493,0.14297812268518817,0.5753597021727855,0.5,ok,adjacent,1
254,255,unmasked,1706,1233,67,17,0.2537313432835821,0.01904181891644194,0.44319767842829483,0.21875,ok,adjacent,1
255,256,unmasked,1233,2289,57,18,0.3157894736842105,0.08111871233624517,0.9010828241543595,0.34375,ok,adjacent,1
256,257,unmasked,2289,2744,79,21,0.26582278481012656,0.15896492507953267,0.87029359143873,0.375,ok,adjacent,1
257,258,unmasked,2744,3337,126,52,0.4126984126984127,0.1317349252141343,0.7679341533344008,0.46875,ok,adjacent,1
258,259,unmasked,3337,2292,24,11,0.4583333333333333,5.476215642550999e-26,0.002625872665203241,0.15625,ok,adjacent,0
259,260,unmasked,2292,2169,244,142,0.5819672131147541,0.14115700404153286,0.6929773895483947,0.375,ok,adjacent,1
260,261,unmasked,2169,2142,174,86,0.4942528735632184,0.16732353474258133,0.9195963832948733,0.3125,ok,adjacent,1
261,262,unmasked,2142,1952,290,211,0.7275862068965517,0.10217965621488431,0.763335942731935,0.375,ok,adjacent,1
262,263,unmasked,1952,2112,289,169,0.5847750865051903,0.17377956618448231,0.78251088895129,0.40625,ok,adjacent,1
263,264,unmasked,2112,2787,80,37,0.4625,0.11714179229090634,0.6259384846341505,0.3125,ok,adjacent,1
264,265,unmasked,2787,2641,70,19,0.2714285714285714,0.003017549830375167,0.7422729736872062,0.25,ok,adjacent,1
265,266,unmasked,2641,2664,627,538,0.8580542264752791,0.04972366071539242,0.4902274190445981,0.375,ok,adjacent,1
266,267,unmasked,2664,8000,19,8,0.42105263157894735,6.594930903958191e-26,0.04280467409788303,0.28125,ok,adjacent,0
267,268,unmasked,8000,8001,23,9,0.391304347826087,3.559300737490948e-26,0.1628396769275655,0.375,ok,adjacent,0
268,269,unmasked,8001,8000,54,15,0.2777777777777778,0.0017499925034803955,0.3348276587430667,0.34375,ok,adjacent,1
269,270,unmasked,8000,8000,82,21,0.25609756097560976,0.10787556027603037,0.46590775090447584,0.53125,ok,adjacent,1
270,271,unmasked,8000,8001,57,16,0.2807017543859649,8.844101934038205e-27,0.9167326761753685,0.40625,ok,adjacent,1
271,272,unmasked,8001,8000,51,11,0.21568627450980393,6.082903561198532e-25,0.42032366222375317,0.3125,ok,adjacent,0
272,273,unmasked,8000,7649,47,13,0.2765957446808511,6.201365262418902e-26,0.14320460938815285,0.34375,ok,adjacent,0
273,274,unmasked,7649,5439,63,12,0.19047619047619047,4.1982122592848995e-26,0.44883032172631665,0.375,ok,adjacent,0
274,275,unmasked,5439,8000,58,15,0.25862068965517243,7.520976047502282e-05,0.8045843762588148,0.4375,ok,adjacent,1
275,276,unmasked,8000,8000,85,27,0.3176470588235294,0.09038458934614507,0.7197740790719169,0.4375,ok,adjacent,1
276,277,unmasked,8000,7953,32,9,0.28125,6.894716387805617e-26,0.00819080826533286,0.34375,ok,adjacent,0
277,278,unmasked,7953,7222,64,15,0.234375,1.003075576056205e-24,0.4286793034827661,0.28125,ok,adjacent,1
278,279,unmasked,7222,7100,78,17,0.21794871794871795,0.005315840332749101,0.831375300452316,0.40625,ok,adjacent,1
279,280,unmasked,7100,4741,45,10,0.2222222222222222,2.5853477382507106e-26,0.055571639711796295,0.34375,ok,adjacent,0
280,281,unmasked,4741,7034,67,17,0.2537313432835821,0.12458146601563949,0.8761230127028227,0.53125,ok,adjacent,1
281,282,unmasked,7034,8000,57,15,0.2631578947368421,0.003005004596607765,0.6912142942703419,0.28125,ok,adjacent,1
282,283,unmasked,8000,7054,169,76,0.44970414201183434,0.051133069532031936,0.747389385075774,0.53125,ok,adjacent,1
283,284,unmasked,7054,7287,61,12,0.19672131147540983,6.384943658667075e-25,0.40596453286305134,0.40625,ok,adjacent,0
284,285,unmasked,7287,5937,80,19,0.2375,0.03651193600872638,0.9429853081694549,0.375,ok,adjacent,1
285,286,unmasked,5937,8000,39,10,0.2564102564102564,6.560721354837517e-26,0.047773817101256576,0.28125,ok,adjacent,0
286,287,unmasked,8000,8000,165,77,0.4666666666666667,0.09841135887728122,0.681121655835144,0.5625,ok,adjacent,1
287,288,unmasked,8000,7900,102,39,0.38235294117647056,0.08100512016714043,0.6548146039992523,0.5625,ok,adjacent,1
72,74,unmasked,5824,4010,25,9,0.36,1.1697687986500673e-25,0.08434183638300727,0.375,ok,bridge,0
144,146,unmasked,4593,5458,39,11,0.28205128205128205,4.944907618067934e-25,1.6122124593874544e-05,0.34375,ok,bridge,0
202,204,unmasked,4135,4529,26,10,0.38461538461538464,1.666264849325101e-24,0.17604156309186966,0.21875,ok,bridge,0
245,247,unmasked,4102,3487,21,9,0.42857142857142855,2.393833303462522e-25,0.31792100592444894,0.3125,ok,bridge,0
257,259,unmasked,2744,2292,26,9,0.34615384615384615,3.330141446401983e-26,0.3967072110196891,0.28125,ok,bridge,0
265,267,unmasked,2641,8000,17,8,0.47058823529411764,5.950219226012799e-27,0.07821653310917605,0.28125,ok,bridge,0
266,268,unmasked,2664,8001,17,9,0.5294117647058824,2.6605587231947055e-26,0.3120260285777528,0.34375,ok,bridge,0
270,272,unmasked,8000,8000,31,9,0.2903225806451613,3.350647983106305e-25,0.04114396332574967,0.4375,ok,bridge,0
271,273,unmasked,8001,7649,43,10,0.23255813953488372,8.516442119941338e-26,0.10520308585338968,0.28125,ok,bridge,0
272,274,unmasked,8000,5439,43,11,0.2558139534883721,1.6982965194295337e-25,0.07316038409880872,0.34375,ok,bridge,0
275,277,unmasked,8000,7953,39,9,0.23076923076923078,6.137663693240897e-26,0.01965968773641821,0.34375,ok,bridge,0
278,280,unmasked,7222,4741,44,10,0.22727272727272727,1.3923636875018295e-25,0.05287411315703922,0.25,ok,bridge,0
282,284,unmasked,8000,7287,47,10,0.2127659574468085,8.103170148031426e-26,0.04331356357335118,0.375,ok,bridge,0
284,286,unmasked,7287,8000,53,12,0.22641509433962265,2.616037661143673e-25,0.5622776946676115,0.40625,ok,bridge,0
