blur_score,bright_percent,brightness,contrast,dark_percent,datetime_original,dhash,feature_count,filename,focal_length,height,index,make,mean_b,mean_g,mean_r,model,orientation,readable,sha256,size_bytes,width
488.8648013190735,0.5925829875518672,138.04192842323653,51.77938980726119,0.2975622406639004,,d153281c36f0f0f0,5001,IMG20260826122949.jpg,,4080,1,OPPO,108.97232728215768,130.5673241701245,137.76045902489628,OPPO Reno12 F,1,True,14a5d53d9e9cf9b2d3ecee7093ef6287f09073429b199106bd7ed93664aac076,2882482,3072
513.129289798686,0.5768672199170125,137.511622406639,51.79529723985062,0.02079875518672199,,48b01c9c9670f0f0,5000,IMG20260826122953.jpg,,4080,2,OPPO,108.43994553941909,129.8853236514523,137.8547007261411,OPPO Reno12 F,1,True,1cacad0f113783d4c7e23b1e83eabac20a3e404ec6b29ebd3b5f89a7b895702e,3003179,3072
576.5237597595317,0.5844398340248963,136.1126244813278,51.40341288458031,0.02883817427385892,,b2161ec751707272,5000,IMG20260826122956.jpg,,4080,3,OPPO,108.1780674273859,128.1683687759336,137.1074429460581,OPPO Reno12 F,1,True,dd08374c78367655a55feee3b8485aeded514b00b18ccc2f38f9071c2bfc1485,3075536,3072
613.1650303022328,0.5490663900414938,135.21690560165976,49.337296873140005,0.099948132780083,,511716477171b3b3,5000,IMG20260826123000.jpg,,4080,4,OPPO,105.2818179460581,126.96910217842324,136.71033454356848,OPPO Reno12 F,1,True,7e5108534ca816fd8e8feb71d5c207371ba313c34f6e2915c9cca392d889458c,3024236,3072
618.0342354754569,0.5615663900414938,138.49403578838175,47.33438996928427,0.15648340248962656,,a593939dd1f1f1f1,5000,IMG20260826123004.jpg,,4080,5,OPPO,109.51228838174274,130.0806239626556,139.3565689834025,OPPO Reno12 F,1,True,f863516a8b6d3b57f33d49c2ca02e51570596a737b23095c2d6dc57319ba1f46,3294840,3072
599.7141602180749,0.5100622406639005,141.84291597510372,46.14462496091388,0.3672717842323652,,53d151ccd4707070,5001,IMG20260826123008.jpg,,4080,6,OPPO,110.0128174273859,133.11715508298755,143.36957831950207,OPPO Reno12 F,1,True,bacf45d454e9f50d275dbd29f76468b51612acde93c51513a61b3ac58eb3b97c,3248062,3072
507.35700357203484,0.5595435684647303,142.30277385892117,46.23475006161559,0.12313278008298754,,29f1304454f0b2b0,5000,IMG20260826123012.jpg,,4080,7,OPPO,109.80029668049792,133.06702904564315,145.05702385892116,OPPO Reno12 F,1,True,e890b7ace66463b29847e656aa11e29c76ba2ac8e469a49687aa09de5cf6c6de,3135982,3072
566.7684755900141,0.5224585062240663,139.12389885892117,47.479208577037205,0.15103734439834024,,05f2101ed6f1b3f2,5000,IMG20260826123017.jpg,,4080,8,OPPO,107.43915975103735,129.70072147302903,142.1962997925311,OPPO Reno12 F,1,True,4526ab41e807d6ae4084a6100d65c740fa95d4ae7d2d4427b0a1d759db6f9f2f,3243509,3072
524.723766078825,0.4870850622406639,138.28326452282158,47.9069217467748,0.166753112033195,,04f1d19cd6f1f3f3,5001,IMG20260826123020.jpg,,4080,9,OPPO,107.57726141078838,128.9828018672199,140.92744813278009,OPPO Reno12 F,1,True,26ae2c832b89ec3c44ebcca8733a933cee8fad10139dbf4e84761b8c73c69a0c,3130662,3072
548.4709604468231,0.46312240663900417,138.33929253112032,47.41491192986564,0.2558091286307054,,2a7030d6d770f171,5000,IMG20260826123023.jpg,,4080,10,OPPO,107.70748340248963,128.95259491701245,140.99799221991702,OPPO Reno12 F,1,True,405c1149a6bcc8de6073c44bd11a0699a3270aefaf7ad4dc51529c452b6cabf7,3229085,3072
573.0516120226483,0.554253112033195,139.38871524896265,46.04379379044531,0.4533195020746888,,0534145555603030,5001,IMG20260826123027.jpg,,4080,11,OPPO,112.17940197095436,129.95313174273858,141.1808770746888,OPPO Reno12 F,1,True,e191e2590633cdfd4d88fed9a9a234ec117d1ec8415f2c705d716e852275d4c5,3202792,3072
542.8116780711592,0.5178941908713693,139.18413226141078,44.123277761684804,0.42256224066390036,,0892b215747032b2,5000,IMG20260826123038.jpg,,4080,12,OPPO,112.39908143153527,129.65915871369293,140.64823651452284,OPPO Reno12 F,1,True,097c14d468c6e1a67005759a033fdddbafd208fd6416ed7acfc3bc8a05ebf047,3180630,3072
595.2957048058206,0.4868775933609958,138.65767686721992,43.68807108374083,0.37909751037344397,,005793967470b2f2,5000,IMG20260826123042.jpg,,4080,13,OPPO,111.83316234439835,129.08084543568464,139.9880612033195,OPPO Reno12 F,1,True,db841edb9b5be7cc4053810ac58a6b90b9951289da044be00f87dc64aa6bfabc,3264244,3072
554.9268945326029,0.5388485477178424,139.2148713692946,43.53303659653671,0.3801867219917013,,0093d5c6d5f1f1f1,5000,IMG20260826123046.jpg,,4080,14,OPPO,111.61269917012449,129.61167064315353,140.65695902489625,OPPO Reno12 F,1,True,629f543011185c8f3402b4fd0e2bca0dca36c8538213073951a75066548ae523,3246904,3072
556.7900937549066,0.5068464730290456,139.88280705394192,43.19792938267208,0.34050829875518673,,8093d0cff5f0f1f1,5001,IMG20260826123052.jpg,,4080,15,OPPO,111.87120850622406,130.20233298755187,141.47861514522822,OPPO Reno12 F,1,True,3eabb917ca86c7952f62580d3a9826f4ddfc150bd031702250ddaf5ecbef8964,3281110,3072
598.4123541766862,0.5330394190871369,141.90997717842325,43.45904106930317,0.2879668049792531,,88d3524555707070,5002,IMG20260826123056.jpg,,4080,16,OPPO,114.02571576763485,132.27598599585062,143.5177479253112,OPPO Reno12 F,1,True,ab3d5a934bc91d2dde23d5ae9099cc95289b44f0e2d58950b2fc3779a85a2680,3309340,3072
588.5498049783481,0.4476659751037344,141.28702956431536,43.03042362429715,0.32261410788381745,,4873b19454707270,5001,IMG20260826123101.jpg,,4080,17,OPPO,113.66632572614108,131.60079460580914,142.7790539419087,OPPO Reno12 F,1,True,0ea18c707ab1f3d5f061a3048fa54ecf01c2f6a2372a85e53dad0aba302ba45a,3296888,3072
593.132146973993,0.48791493775933614,140.85776815352696,42.393530035581875,0.20347510373443983,,2cb0d05655713331,5000,IMG20260826123106.jpg,,4080,18,OPPO,113.8135684647303,131.16589885892117,142.2066903526971,OPPO Reno12 F,1,True,57f330e8f231ee27424502c3f40951955aaef463ccef4af5d0c9ac800287eeba,3290029,3072
575.3556353336287,0.42899377593361,140.83838433609958,41.987834846378135,0.21229253112033195,,89d1511571f1b131,5000,IMG20260826123111.jpg,,4080,19,OPPO,113.8257468879668,131.10313485477178,142.17414885892117,OPPO Reno12 F,1,True,89646e56b9141cde2df95cb85d840bf9fabc8ed1f5fb42c9e3a4790668bb8b20,3316437,3072
564.0247859570015,0.4775933609958506,141.26790093360995,41.27905611062803,0.345954356846473,,c8d0309d71f0b1f0,5000,IMG20260826123115.jpg,,4080,20,OPPO,114.30721369294606,131.52442116182573,142.3930757261411,OPPO Reno12 F,1,True,d0f01e4ca01ef4112d7335c39c94e8627d4ffbe2c1acbff3d885afe8de4c5456,3003513,3072
557.4631985184998,0.4983402489626556,142.8436265560166,39.48420462116382,0.28153526970954357,,6831f48e6170f0e0,5000,IMG20260826123119.jpg,,4080,21,OPPO,115.39430290456431,133.0208661825726,143.96353475103734,OPPO Reno12 F,1,True,f8c3d00629d730f3b3ecb7d129e28990d56de6cdc221d0441c92e4224e131462,3062037,3072
512.4416459667005,0.45181535269709544,140.4888713692946,39.94608624948762,0.34180497925311204,,ac96f21f60f27262,5000,IMG20260826123123.jpg,,4080,22,OPPO,113.57311981327801,130.76446939834025,141.33590404564316,OPPO Reno12 F,1,True,38b247d2af469e4dee965736fbf80877bddf7c26c10366146d1f85f2a81e46b0,3008797,3072
493.7252821572879,0.47059128630705394,141.47314834024897,40.65540296687708,0.20041493775933608,,5b61b5c50579b9b1,5000,IMG20260826123157.jpg,,4080,23,OPPO,116.20954771784233,131.82979460580913,142.22384180497926,OPPO Reno12 F,1,True,85f277170834af941317cb8c987c333d0b870fb5efc1aae026173affec2501df,3165861,3072
509.98582032919114,0.4608402489626556,140.82758350622407,40.74405762289233,0.22219917012448132,,6da9b2570579b9b1,5000,IMG20260826123204.jpg,,4080,24,OPPO,115.30267894190871,131.14308921161825,141.6639393153527,OPPO Reno12 F,1,True,0219f391c4c6463b9d111af53d490f00ffef3259de13a5e482d27c75de8b0c90,3285646,3072
471.13251140148134,0.5294605809128631,141.16041649377593,41.88884253712905,0.18568464730290457,,be5052058478f8f8,5002,IMG20260826123209.jpg,,4080,25,OPPO,114.86250778008299,131.33046939834026,142.71160632780084,OPPO Reno12 F,1,True,a28dd76f448cdd8405b861fbd7771f3f8cf64db1dbb7efe4b1d3098e1d600fe6,3113489,3072
509.05222747087873,0.5477178423236515,138.97913796680498,41.79583438866187,0.12323651452282158,,5782b18484787870,5000,IMG20260826123213.jpg,,4080,26,OPPO,112.5604989626556,129.2493910788382,140.16983609958507,OPPO Reno12 F,1,True,d5006ec7583f833a7ce9e5f22811d2d6f7ba2ec5e295a069bcc6ad78be72e8e9,3163867,3072
421.68755634268416,0.5737551867219917,140.96860788381744,41.602561426336926,0.05321576763485477,,af51d0c48438bab0,5001,IMG20260826123217.jpg,,4080,27,OPPO,113.4895653526971,131.05347354771783,142.73523340248963,OPPO Reno12 F,1,True,3214187a2a08b897dadc4d77245845d289ebf6e4b1b1777a07567e5745316b30,3313666,3072
520.8592378856572,0.5585062240663901,140.8663884854772,42.20311172349451,0.091701244813278,,b7d4d0ce8479b3b2,5000,IMG20260826123223.jpg,,4080,28,OPPO,113.77716078838175,131.04752697095435,142.44655082987552,OPPO Reno12 F,1,True,8fbf061fb441b4646e5d8953c671788fabfaaf9704c6f4ca21ffac22f885c99f,3215779,3072
478.99167305474145,0.558246887966805,141.94471732365145,42.518414308864095,0.12105809128630704,,5752f2c5c4f8f879,5000,IMG20260826123228.jpg,,4080,29,OPPO,114.71291390041493,132.16720591286307,143.5165046680498,OPPO Reno12 F,1,True,8ce135ca5287d9d3b4da72d0bbf53a8f7ad0572bbadba56efd31b0737a2e1850,3166715,3072
470.43049523798635,0.5392116182572614,141.75846109958505,43.28998066615148,0.1321058091286307,,23b5f0ce84f93931,5000,IMG20260826123233.jpg,,4080,30,OPPO,113.46915612033195,132.02415975103733,143.62348029045643,OPPO Reno12 F,1,True,0eb29f944db77b42d0aecc4a7859230a4cd72e7ffad1cddd68058cc5c710f31f,3165797,3072
388.93569022646585,0.5662344398340249,139.7719372406639,44.16314130739728,0.10389004149377594,,15f2f24c847830b0,5000,IMG20260826123237.jpg,,4080,31,OPPO,111.35800881742739,129.97289522821578,141.9685674273859,OPPO Reno12 F,1,True,eca478714c16227d1ecb4e70ceb5d066cb408514855a453e765a8332314939a0,3120823,3072
516.0256206994101,0.4589211618257262,140.5625710580913,44.26785787074352,0.08013485477178424,,2b753494d4b8b3f2,5000,IMG20260826123246.jpg,,4080,32,OPPO,114.29654668049793,131.07411255186722,141.7958106846473,OPPO Reno12 F,1,True,5e9263eb843301f072682944899ac0911c3691e0955e5365a7677e8cb5c750ef,3115915,3072
429.8665427940546,0.5061203319502074,140.7193080912863,45.09978972932298,0.18786307053941909,,05b696d6f4f9f1f1,5000,IMG20260826123250.jpg,,4080,33,OPPO,114.20165560165975,131.27273288381744,142.1283220954357,OPPO Reno12 F,1,True,7455be61a627432a058384ace392be4079b2011dab51a202ca77b8c7ff9a1b8d,3032185,3072
493.3940943289157,0.5550311203319502,136.77291753112033,44.521502386317785,0.3108921161825726,,ecc9d5d7cef0f1f0,4996,IMG20260826123308.jpg,,4080,34,OPPO,114.57348807053943,127.83773340248963,136.2772453319502,OPPO Reno12 F,1,True,0b5be109d270f937e204a9df613ed9d206215149f9fe749253822784ee55581e,2896382,3072
476.7609527770485,0.43905601659751037,135.9735606846473,46.59561005255831,0.23770746887966807,,4a52d65776707270,5000,IMG20260826123316.jpg,,4080,35,OPPO,110.80339107883817,126.82634802904565,136.88242894190873,OPPO Reno12 F,1,True,aa9f6b358601f3dc22638ff690c9550f5ca3790b897ed10d2c7fdfaa698c1e60,2926600,3072
499.8502902346335,0.4479253112033195,134.40595643153526,47.800551614446924,0.13817427385892114,,2531731737313232,5000,IMG20260826123320.jpg,,4080,36,OPPO,109.73896473029046,125.35103008298755,135.46801400414938,OPPO Reno12 F,1,True,5920343c781510d4631c5d09bb1fefbd17606d0564da1a5831b4f32083de2703,3041821,3072
478.7129413782904,0.44128630705394195,134.21234491701244,48.51703850504603,0.15067427385892115,,22b5b595b7b1b131,5000,IMG20260826123324.jpg,,4080,37,OPPO,109.55721161825726,125.18040145228215,135.41815508298754,OPPO Reno12 F,1,True,8bed8ef345d947b518bc286fc9a9f87de53bb7adac2a9295e73beb63c29d1a41,3032123,3072
464.152839650105,0.4242219917012448,133.07982053941907,49.24996143445794,0.25975103734439836,,c95a5356d7f1f0d0,5000,IMG20260826123329.jpg,,4080,38,OPPO,108.37284491701244,124.21489107883818,134.0450010373444,OPPO Reno12 F,1,True,ffeaf9c2b4b679dfe50c122fe2369a84522a1cc92e94dce9a3f95f8dbe96ebbe,2873587,3072
475.58033764537214,0.4358921161825726,132.92922873443985,48.99262580251727,0.3467323651452282,,6ca5b51556f0f0d0,5000,IMG20260826123333.jpg,,4080,39,OPPO,108.2554413900415,124.04982468879668,133.7805062240664,OPPO Reno12 F,1,True,f678227676427893202f76b1a48107854630711a0ae4f5c10c067162a235c6e1,2938216,3072
555.7952113405588,0.38931535269709544,133.46590352697095,47.60614025002674,0.3244294605809129,,5b5256571370f2f2,5000,IMG20260826123344.jpg,,4080,40,OPPO,109.31813226141078,124.49686514522821,134.13172147302905,OPPO Reno12 F,1,True,c8cf9027abb4c48f2bfd53fc5a89812fbe79eac27a37f14bb5be56a340f62afd,2918359,3072
557.5565694369544,0.39273858921161825,134.42545072614107,46.837139155071085,0.329201244813278,,0da9331519f1b1f1,5000,IMG20260826123349.jpg,,4080,41,OPPO,110.52619865145228,125.43230394190871,134.8298112033195,OPPO Reno12 F,1,True,ecdbc4f376ea57dd7ddc4f16b085b230896b2af0501b81d0b6195b28e5bce449,2948313,3072
539.1557731122386,0.5233402489626556,134.36427593360995,47.363361335821544,0.18293568464730292,,865415149df1f1f1,5001,IMG20260826123353.jpg,,4080,42,OPPO,110.53564834024897,125.38317997925311,135.04590404564314,OPPO Reno12 F,1,True,a253c5ee4e9bffde568292e82bdce8370f07151cfd3883f6484fa3fb4536034b,2977032,3072
443.2671544113727,0.6453838174273859,135.7039377593361,47.94665808399488,0.13641078838174275,,430a9096d6f07070,5000,IMG20260826123357.jpg,,4080,43,OPPO,111.75899585062241,126.69206898340249,136.55908973029045,OPPO Reno12 F,1,True,a288592d700391cda9f75a45a3ed13b935e45e65ea3dda670d299782ac46ad06,2862239,3072
433.38616864499477,0.720954356846473,134.5556815352697,47.75672477881859,0.20819502074688798,,a38dd0d55ef0b0b0,5000,IMG20260826123403.jpg,,4080,44,OPPO,111.32196680497925,125.58970695020747,135.17339937759337,OPPO Reno12 F,1,True,2ab4bc2f39b060cd36474d1064258710989d7c65c0b5d32dbfec3758ede84f55,2962459,3072
468.47531845074553,0.7561721991701245,135.31357883817427,47.106590642978986,0.2450726141078838,,514a72445f7170f0,5000,IMG20260826123408.jpg,,4080,45,OPPO,111.44594657676349,126.26714626556017,136.03204408713694,OPPO Reno12 F,1,True,39f5c0cbf814278120048b3bffad08010221d447f805a93ab8aa33972a3d032d,3087935,3072
430.11184802042595,0.7587655601659751,136.5176986514523,44.969477800455984,0.04574688796680498,,28a9b0a555303071,5000,IMG20260826123414.jpg,,4080,46,OPPO,112.02914315352697,127.30330549792531,137.1808044605809,OPPO Reno12 F,1,True,f7e55d808d9d164d18727b7c9ffe7a1558a466d7fd5ada20d01e7f0e927512ff,3081286,3072
442.830760018814,0.6786825726141078,138.43429823651454,44.29818557818072,0.21390041493775935,,0d59101c15713071,5000,IMG20260826123417.jpg,,4080,47,OPPO,113.05795746887966,129.1188236514523,139.2491213692946,OPPO Reno12 F,1,True,a3e03b94984ff8aa68010e6135c85726eeb428dc9b8bd5bc6d6d86e8de6dfcc6,3135588,3072
434.41351594951874,0.6587655601659751,138.33682053941908,43.83715312190037,0.35928423236514523,,84a8900c5670b2b2,5000,IMG20260826123422.jpg,,4080,48,OPPO,112.9268755186722,128.92279201244813,139.359492219917,OPPO Reno12 F,1,True,5fcda33e53294433f256476b22a47b7824b76bd9de06e09f96d98790f7facc77,3206491,3072
417.271422480641,0.8564834024896266,142.4250705394191,44.53231078712026,0.13962655601659751,,8a8cc48c16f0b2f2,5000,IMG20260826123427.jpg,,4080,49,OPPO,116.44026919087138,133.00615819502076,143.62314211618258,OPPO Reno12 F,1,True,fc472033cff6c16f4058952db76ec87ac34237b199f97f11cd7fedcc3268c289,3248817,3072
450.63062259563986,1.0096991701244813,133.94221887966805,47.48311065246515,0.20778008298755188,,c1ced6c696f1f1f1,5000,IMG20260826123434.jpg,,4080,50,OPPO,109.9914387966805,124.82488900414938,134.91265041493776,OPPO Reno12 F,1,True,4fb76b18867d144deee48df8b8c2b20460a8e208371806461166af571c7af8c0,3222566,3072
404.87303716439004,1.079097510373444,135.49835943983402,48.051538207138044,0.07925311203319502,,ea6b6b4ed671f070,5001,IMG20260826123437.jpg,,4080,51,OPPO,111.93269813278009,126.47591753112033,136.2583796680498,OPPO Reno12 F,1,True,378407ca78edfca03d29b6d6e1dd3b837d697bd21d2eeca56ef755ef6ef9c7dd,3142503,3072
400.6869132690165,1.0476659751037345,137.47490508298756,45.56967420754805,0.05632780082987552,,696d396d57717070,5001,IMG20260826123441.jpg,,4080,52,OPPO,114.60581690871369,128.36842168049793,137.67888900414937,OPPO Reno12 F,1,True,d3bcc947c84bf472c8f2e2e3ca42b0bc576b8a3e73b97fa163c42b020efd7cce,3089437,3072
386.35543124068516,0.8814315352697095,138.82111203319502,42.78768782472113,0.002230290456431535,,2c3ababcf7b03030,5000,IMG20260826123446.jpg,,4080,53,OPPO,116.18970539419087,129.57984647302905,138.612015560166,OPPO Reno12 F,1,True,9519e22c137235448588fea2403af86ac49ef1159d9313c3b20b061cea915e6d,3164252,3072
347.18609486978295,0.8507261410788381,137.67647199170125,41.95691909468929,0.0033713692946058093,,9a8c9e9c9db0b0b1,4914,IMG20260826123450.jpg,,4080,54,OPPO,115.75560684647303,128.49370383817427,137.03248236514523,OPPO Reno12 F,1,True,607d6116720ee4e3c43dc52bf12b740e30a0825c1035b318fe7c3ba902921cd8,3034255,3072
306.6689485549448,0.8852697095435685,142.88855497925312,42.21577342730371,0.02432572614107884,,dc4dcdd4dff0f0f0,4650,IMG20260826123454.jpg,,4080,55,OPPO,120.70898755186722,133.71054875518672,142.28570695020747,OPPO Reno12 F,1,True,647a872f11dfb789df49e05cdebaac9670a9b82b30f90c77acaaafbd63e00e62,2974339,3072
476.91106221345945,1.0943983402489625,138.75651815352697,43.36876987547145,0.06810165975103734,,cf4e5646e6f8f0f4,5000,IMG20260826123708.jpg,,4080,56,OPPO,115.27748236514523,129.33967271784232,139.19029927385893,OPPO Reno12 F,1,True,1e69f53ea3f752d951f3896b1952403d1fbf77e6ebdd5a667c9371a9e8c471a8,3547945,3072
438.9325632134164,1.0511929460580913,132.14469398340248,47.05197960347178,0.08926348547717843,,efa7b727717870ec,5000,IMG20260826123712.jpg,,4080,57,OPPO,110.0074330912863,123.064382780083,132.35532468879668,OPPO Reno12 F,1,True,df2425524ff9b962490e504ed5a8dae8bcc27f7139c0f23d1a49b5052f35a81f,3139516,3072
456.1956796709596,1.045591286307054,131.3396089211618,47.79165590651669,0.07422199170124481,,ad73732773787268,5000,IMG20260826123719.jpg,,4080,58,OPPO,109.88803630705394,122.46044657676349,131.149,OPPO Reno12 F,1,True,ff08cc384627051112b570224bba8cadf3547e6d91ac6344df7e76efe68d0937,3212416,3072
479.82927987936574,1.0271265560165974,129.0257645228216,48.976095130998864,0.11680497925311203,,cb5b531b73313373,5000,IMG20260826123725.jpg,,4080,59,OPPO,106.73236877593361,120.17950570539419,129.24952956431537,OPPO Reno12 F,1,True,5d1fb637e329da83d553066ccb6784e3b9be36a3fa3aa9e6c809637c6d9361ba,3260843,3072
529.3595629405461,0.875051867219917,134.52389263485477,48.666292275360334,0.24180497925311203,,ed54140435f1b1f1,5000,IMG20260826123730.jpg,,4080,60,OPPO,110.34145435684647,125.4329356846473,135.4817531120332,OPPO Reno12 F,1,True,e7133dfeb0eaa3666573dec5db674ac83849856cf7c54b4c8e41756decabd189,3217121,3072
401.7133476329566,0.9716804979253112,133.86481327800828,48.39422062287423,0.2670124481327801,,ac94949434f0f0f1,5000,IMG20260826123733.jpg,,4080,61,OPPO,108.83858817427385,124.6004984439834,135.3203677385892,OPPO Reno12 F,1,True,42a5cb518ea1ab7da71f540ff9b56f7565f5f601fbc8c5504ebad658a8ffda7e,3095096,3072
516.1876474907133,1.046628630705394,119.59176867219917,49.040658576899546,0.33630705394190874,,eb575743317032b0,5000,IMG20260826123740.jpg,,4080,62,OPPO,97.77305705394191,110.55483143153526,120.96895176348548,OPPO Reno12 F,1,True,0654f96f4e2958ba0decdf392c9d93bf49d17c5fff75fbc95bf67d34529cbb64,3162816,3072
449.21748694363015,1.0318464730290455,120.50269502074688,50.40243227721113,0.44839211618257263,,adb3b3051571b3b0,5000,IMG20260826123746.jpg,,4080,63,OPPO,97.86444968879668,111.58784284232365,121.9796265560166,OPPO Reno12 F,1,True,dc6d0776031b780b8be355c104818fd79f8fc83077ab61cd4cabce37e9ab47e1,3012652,3072
357.1302847465605,1.0091804979253112,122.78007365145228,50.86265502281295,0.8333506224066389,,5dd1d1941171f171,5000,IMG20260826123749.jpg,,4080,64,OPPO,98.57978060165975,113.8891924273859,124.47290923236514,OPPO Reno12 F,1,True,343ecd52031bdf1e0a703387113419e39e6a8eccb4493c04a0f33eec30b761c9,2945107,3072
474.52382446933996,0.8050311203319502,136.8221208506224,49.65629458479593,0.33428423236514526,,bff030cc10707071,5000,IMG20260826123753.jpg,,4080,65,OPPO,107.26670331950207,127.6133755186722,139.5366229253112,OPPO Reno12 F,1,True,06bcf8fe2dd276dafe1bbdde6f793fed212941a481fb90942c4ecb9caceff37f,3017162,3072
399.84770536739643,1.1411307053941908,130.4852992738589,49.58306150537195,0.14216804979253111,,663232c6d830b2b0,5000,IMG20260826123759.jpg,,4080,66,OPPO,100.00519605809129,121.43934232365146,133.38278008298755,OPPO Reno12 F,1,True,68aca409c8086e3a557ed62fc6f0de8849a3bdf0b43b657f57b2d018594a8b03,3033553,3072
534.3774753560692,1.1802904564315353,130.26790560165975,50.11086647868106,0.1716286307053942,,3711938fd1b1b3f1,5000,IMG20260826123804.jpg,,4080,67,OPPO,97.70601244813278,121.10654668049793,134.0941747925311,OPPO Reno12 F,1,True,9aa28e571188c1d7b1c41ba2aa10b051fe7b0f0988575613a47a1818018286a5,3208846,3072
450.0455177148269,1.2489107883817427,128.47333350622407,51.13541096603942,0.2590767634854772,,93b695d5d0f1f1f1,5000,IMG20260826123807.jpg,,4080,68,OPPO,97.08135995850623,119.37232468879668,132.3396338174274,OPPO Reno12 F,1,True,f64564495f47db978632d86453d10240d9ff3169abf3cc0b9a7f4d65ed5fedaf,3031712,3072
498.8348504935822,1.1937240663900415,130.62777022821578,51.164464097526114,0.2657676348547718,,5ad6c2c4f0707270,5001,IMG20260826123810.jpg,,4080,69,OPPO,96.84569035269709,121.41623288381743,135.1939382780083,OPPO Reno12 F,1,True,030a7dcd076e30fa966810b25a1d638d8721a356ba86bc6f646628599c81452f,3118993,3072
450.3032707275658,0.8174792531120332,139.36316701244814,50.531014733231245,0.15181535269709545,,75d5e14470703230,5000,IMG20260826123813.jpg,,4080,70,OPPO,102.39257313278009,130.41196213692945,143.62803941908714,OPPO Reno12 F,1,True,979d557ddb3ad4ab2e7daeff690381c1ccc041369dfe5b5ba20ad5f6e8049f33,2947079,3072
550.6201592951181,0.6224066390041494,139.4666825726141,48.63580997943461,0.04273858921161826,,b4f3c54674f03330,5000,IMG20260826123816.jpg,,4080,71,OPPO,109.80458713692946,131.60729927385893,139.4938189834025,OPPO Reno12 F,1,True,ae0bfe6b4f8e83c5b219d56f5f268626b8602364a9431928afb640bc74d421cf,2939986,3072
422.58847920244034,0.6155082987551868,138.38780394190871,50.93967398905237,0.11867219917012448,,d2516a1e36f0b1f1,5000,IMG20260826123820.jpg,,4080,72,OPPO,109.03301659751037,130.75492323651451,138.37588900414937,OPPO Reno12 F,1,True,e0cd79ed2b96ffefc05aebf33bf2a7f0317093f59c3bd22bc480746769c2445f,2842632,3072
504.0427711722312,0.6036307053941908,137.39396732365145,51.710764355451886,0.3382780082987552,,49b0b99e96f0f0f0,5000,IMG20260826123824.jpg,,4080,73,OPPO,106.09501141078839,129.93878215767634,137.51507417012448,OPPO Reno12 F,1,True,ede425c2e2e5351ad82ecee8fcdea8e4a1dcc5251c6f7b830c2f74f6097af3c5,2926817,3072
303.6458557122811,1.5969398340248964,136.9666960580913,44.95477098613581,0.10108921161825726,,7b9856f0f0b2f2d2,5000,IMG20260826124015.jpg,,4080,74,OPPO,112.9835684647303,127.87753060165976,137.43023443983404,OPPO Reno12 F,1,True,2c081721e249f08da4d24e8daffab205767ac49a68c6223ba2553d36fb9fd44a,3053770,3072
282.1953391981199,1.6799273858921164,133.09817064315354,46.889702617858575,0.11089211618257261,,30ced6f173d35353,5000,IMG20260826124018.jpg,,4080,75,OPPO,110.63357520746888,124.29996265560166,133.11219917012448,OPPO Reno12 F,1,True,85fb1bcb892af3cb6da933a6b843e6aa5b703d18aaebbc83df79dfa2378002d6,2853726,3072
298.4793577957981,1.2874999999999999,132.52803008298756,47.61292805146466,0.14439834024896264,,b0d6b7f1f1517171,5001,IMG20260826124024.jpg,,4080,76,OPPO,109.71549533195021,123.78386670124482,132.69597977178424,OPPO Reno12 F,1,True,992a0f976fab04d8369b7ebfcd7e988d157978812d3a8e3d1db53cbca7e58022,2916921,3072
311.24558910619544,0.7960062240663901,141.58823599585062,46.83387577174483,0.14221991701244815,,c86b32f07130f1f0,5000,IMG20260826124029.jpg,,4080,77,OPPO,114.11040300829876,132.5867531120332,143.23034180497925,OPPO Reno12 F,1,True,34432bb8e4a94c0b70dd5d0afe16fc6978398f0889fcc3eb11c10c379e38b0dc,3148285,3072
297.65678161745853,0.8627593360995851,143.02584647302905,47.18646508864053,0.13163900414937757,,e869b3f17111f0f0,5000,IMG20260826124032.jpg,,4080,78,OPPO,115.47103838174274,134.51639470954356,143.80152800829876,OPPO Reno12 F,1,True,bb3eace0d15949a571d8c03a34678b8142b07fc155b209d42a1cee1ec2360448,3127408,3072
357.899301539333,0.887811203319502,140.6313163900415,47.553060174286536,0.11965767634854771,,eea9d370f0d0f0f4,5000,IMG20260826124035.jpg,,4080,79,OPPO,115.5230015560166,132.64003786307055,139.79516597510374,OPPO Reno12 F,1,True,3ced856cc40a6b684e6aaa81ac0c5c9b8e00da7b8f5b584cd30e39b8d0d497a2,3029027,3072
340.1032152387332,0.9637966804979253,143.38154512448133,49.468598359254,0.10248962655601661,,e7dc517170707270,5000,IMG20260826124041.jpg,,4080,80,OPPO,120.05140715767635,135.62371991701244,142.24933558091286,OPPO Reno12 F,1,True,835ec1aaa6093a4f2a1ef409f3e9ee90b604b71f2b8ad37fa8092d674029ef2c,2840154,3072
370.8583318660015,1.1196576763485477,133.34020798755188,50.780177164532475,0.14932572614107884,,e3dcb27030121371,5000,IMG20260826124044.jpg,,4080,81,OPPO,110.2666317427386,125.44150622406639,132.87805705394192,OPPO Reno12 F,1,True,470c89e05cb71a9dc029b90c8fc6c4768174651fc34bc4630f0844fd0e691352,3057324,3072
390.29011408941716,1.5235995850622406,131.09454823651453,51.19618710019113,0.1800311203319502,,e3cab1f1319191f1,5000,IMG20260826124048.jpg,,4080,82,OPPO,108.64090248962655,123.47014626556016,129.94785477178422,OPPO Reno12 F,1,True,3793462097c4a1ff6411690723b3ba74adc9a5f7bd2e3e2706690ef882a34120,3075592,3072
377.5902095230756,1.6922717842323651,132.72988796680497,51.16846388283048,0.14538381742738588,,694ab1f1319191f1,5000,IMG20260826124051.jpg,,4080,83,OPPO,111.4523169087137,125.18543049792531,131.20977645228217,OPPO Reno12 F,1,True,6f032d861f5579a125fad592c2eb132bef97f7a08e6a5f3ce6aa488a5ab0d9bb,2997295,3072
353.25378501028626,1.767168049792531,135.2564429460581,50.3199560167727,0.15300829875518673,,715774e1b0a0e0e0,5000,IMG20260826124054.jpg,,4080,84,OPPO,112.53963485477179,127.55422925311203,134.1175580912863,OPPO Reno12 F,1,True,d05bb1074656367e4c00c760ee0336193190f923d9faded6152b0a3f28d42b65,3199299,3072
420.8870035361045,1.0574688796680498,142.16660788381742,47.01556096805451,0.4565871369294606,,a82b32f1f1f070f0,5000,IMG20260826124101.jpg,,4080,85,OPPO,118.67594865145229,134.3061317427386,140.64351711618258,OPPO Reno12 F,1,True,b3fc6749a5239aaf5b2482978b9eb11c5ce3e1f22044c45f755cf877453dd6bf,3092979,3072
381.9954014471589,0.9137448132780083,146.25746836099586,46.02436454448431,0.11742738589211618,,281ab6f0f17072f1,5000,IMG20260826124104.jpg,,4080,86,OPPO,127.22940663900415,139.4947536307054,139.7406099585062,OPPO Reno12 F,1,True,25098aaef7f486aa2423dbaa5d53de96ebfe2885c7bf428601045c7e229a208a,2744131,3072
420.1219673215205,0.9788900414937759,143.60744553941907,46.824585897370284,0.09828838174273859,,88897271717134f0,5000,IMG20260826124110.jpg,,4080,87,OPPO,129.83181898340248,137.515367219917,133.4033137966805,OPPO Reno12 F,1,True,d979f8c7c755851f1ac0876bb012ed3f02c3439d27221cfa0087e1475d48e041,2797349,3072
423.66301338602983,1.0927385892116181,144.1233215767635,48.04327001634458,0.0687759336099585,,8cc871f0f5b5f4d4,5000,IMG20260826124113.jpg,,4080,88,OPPO,137.34130446058091,137.95026348547717,132.3525679460581,OPPO Reno12 F,1,True,be2d7fc8b1f4fe8e0ec55c3c59ddf679dbad06f5c44b352ab7712388043cfd33,2884477,3072
453.0398090842864,1.1800829875518672,143.9344528008299,48.5507155672463,0.07038381742738589,,4c4c21f1f45474f4,5000,IMG20260826124116.jpg,,4080,89,OPPO,139.27566390041494,137.96641545643155,130.754247406639,OPPO Reno12 F,1,True,db1b640c6b0acb0fb43777ae59e339e3addd36ff802f4e40b132e14c6f71c7fb,2918491,3072
386.5575103295355,0.949740663900415,146.20261462655603,49.1906500632072,0.09735477178423237,,f322727073d33371,5000,IMG20260826124123.jpg,,4080,90,OPPO,124.90582002074689,139.03852541493777,142.7024901452282,OPPO Reno12 F,1,True,1f760563384f5fc9c95cd6e40ed1bdfe61c0d67c792b6bae2ab9321ad9acc981,2938739,3072
393.06386462655576,1.0561203319502075,144.60532261410788,48.1229112548782,0.06395228215767634,,e91bb171f353f3d1,5000,IMG20260826124128.jpg,,4080,91,OPPO,128.94888122406638,138.60557624481328,135.08154460580914,OPPO Reno12 F,1,True,3a324460a8a87bcecdb159d801047c35329be86e8f56fe5f1db48e9179d0f28e,2886523,3072
353.82480235885845,1.0295124481327802,145.15814937759336,46.85832289422034,0.06607883817427386,,681974d0f191d1d0,5000,IMG20260826124132.jpg,,4080,92,OPPO,129.27092738589212,139.22896473029044,135.12297458506225,OPPO Reno12 F,1,True,1cc377b2f74e32a0be14b6da8e7a44c74393ab6e25a721e4b72045224b1c4c3c,2757393,3072
347.34850876652195,0.954564315352697,145.97811929460582,47.54357213677984,0.0928941908713693,,38cc92d170f474f0,5000,IMG20260826124140.jpg,,4080,93,OPPO,121.17609543568464,138.1833667012448,144.80740612033196,OPPO Reno12 F,1,True,bc8c04b1f0e6bdcf5660f39d5f28cda64f7d4f9452f9fb423d0bca4463782162,2901804,3072
364.87813888482356,0.9732365145228217,145.10248910788383,47.83741465960212,0.12831950207468878,,18e271d07074f4d1,5000,IMG20260826124143.jpg,,4080,94,OPPO,118.98120072614108,137.34465041493775,144.21386514522823,OPPO Reno12 F,1,True,5ac24cb7f6363a57cfd5cd2153eb52f2b8bd760e027d3b4418b478d769ca5707,2944430,3072
342.0286208275273,0.9158195020746888,147.27379097510374,46.90917267368225,0.13900414937759337,,486b267071b0f4f0,5000,IMG20260826124146.jpg,,4080,95,OPPO,119.12185217842324,139.2675487551867,147.34828371369295,OPPO Reno12 F,1,True,dec99e3403f0f2dbe9eca2c68b6b25fa74f8bb48592f27de1c62e23d6a06914b,2924180,3072
421.63644440490407,0.8086618257261411,146.85454149377594,45.2706641283254,0.11239626556016598,,ec21947170717474,5000,IMG20260826124148.jpg,,4080,96,OPPO,119.58751452282158,138.8053174273859,146.3126156639004,OPPO Reno12 F,1,True,8f6e671e47ef53bd60413a629ebf090a792834a624fd6bc0c721fcc06aace029,2856196,3072
325.4852676062643,0.9599066390041494,149.64747717842323,43.4312369835068,0.12448132780082986,,a42848b170715774,5000,IMG20260826124151.jpg,,4080,97,OPPO,124.4926192946058,140.927505186722,149.8998791493776,OPPO Reno12 F,1,True,47d5d22c990a86b96462131d62ebe7ad0e04ebe686187d5b504e5dc56ca3eb32,2712753,3072
212.86576029787605,0.8866182572614107,148.40770331950208,43.18037772810535,0.11405601659751037,,e3d4147171b25371,5000,IMG20260826124156.jpg,,4080,98,OPPO,123.26219605809129,139.65034958506223,148.60923236514523,OPPO Reno12 F,1,True,cf5fab7eebbc63203b4d481fb884799d9441209957e89568b315a31a831b6712,2777221,3072
337.1538492782106,0.9019190871369295,148.97911151452283,43.83898611047017,0.1120850622406639,,2bf695f1f1f3d3d4,5000,IMG20260826124159.jpg,,4080,99,OPPO,121.46613692946057,140.29139730290456,149.5706799792531,OPPO Reno12 F,1,True,4312a0e8aea38e8390a3c3eb88c8fd0914f2034f381a00ca8a73dc32336c8d9f,2766380,3072
350.1702370329021,0.9473029045643153,149.7665072614108,43.85771334124442,0.09579875518672198,,297654f17171d1d4,5000,IMG20260826124201.jpg,,4080,100,OPPO,122.75192738589212,140.79146524896265,150.91184543568465,OPPO Reno12 F,1,True,06ee197624b247358b5085a20d70e80f6de797b6578650a41e2116c1c3714a51,2756457,3072
331.52615289428746,0.7727697095435685,148.03829719917013,42.9166903283498,0.09776970954356845,,08375475f1705175,5000,IMG20260826124204.jpg,,4080,101,OPPO,122.53661307053942,138.9966820539419,148.82309024896264,OPPO Reno12 F,1,True,29baf7f78424ec555ab9c432967a50c8b476bddaa76f721eef98ee26f927b8f6,3035403,3072
375.4508996660846,0.7228734439834025,148.44395020746887,42.37769396224489,0.07847510373443983,,b0a314f5f1327071,5000,IMG20260826124210.jpg,,4080,102,OPPO,120.85279356846473,139.2760700207469,149.66065923236513,OPPO Reno12 F,1,True,080d9056a8d743ec4cb03f6e57be42414c1005a91dcf4eb0924bb8874df2cdd2,2904611,3072
393.2343220815733,0.7599585062240664,148.95594605809129,42.332946790165686,0.07152489626556016,,889196b57133d1d0,5000,IMG20260826124214.jpg,,4080,103,OPPO,121.6960658713693,139.79514056016598,149.99608506224067,OPPO Reno12 F,1,True,69f9007cbc17ca73c5a2dfc171edce559f702ce8c95b62f2075b47f53aab5b8a,2803392,3072
396.39965490952045,0.69600622406639,147.1112427385892,41.19402338704545,0.1683609958506224,,48c855747071d0d4,5000,IMG20260826124218.jpg,,4080,104,OPPO,119.23721317427386,137.73640923236513,148.40902593360997,OPPO Reno12 F,1,True,3c256ba5f230b14fd06e427365fdf4c6df3ef54c467b365d63d3b0d2b5c8adb6,2989787,3072
267.9309252487033,0.6497925311203319,150.13154668049793,40.47678703691594,0.10798755186721992,,286494b4f1f250f4,5000,IMG20260826124234.jpg,,4080,105,OPPO,119.54848703319502,140.60463537344398,152.4325477178423,OPPO Reno12 F,1,True,e5d03260cedd71b67c02dd0934a117878ef3ebc5715bebf0837dba03b6b09466,2961033,3072
264.4856949411339,0.7463174273858921,150.0229325726141,40.58931891762534,0.091701244813278,,a86494a4f0f172f4,5000,IMG20260826124237.jpg,,4080,106,OPPO,120.56923651452283,140.60653786307054,151.95061047717843,OPPO Reno12 F,1,True,d75055e19325392e5d221b9a81f389b443e615c9349da0c44079a08e09f31893,3059235,3072
283.1462168041948,0.7531639004149377,148.35977489626555,41.18088512375474,0.055238589211618255,,e9229624707173f1,5000,IMG20260826124240.jpg,,4080,107,OPPO,120.73241026970955,138.99485632780082,149.96645850622406,OPPO Reno12 F,1,True,7ec1fb35cbd638adb34b36b060a741fa2475dcc0d3696febd25ad44baa30995f,2915439,3072
265.703274255746,0.9450207468879668,149.34503163900416,42.325500996439736,0.0037863070539419087,,ed3b9765e1713161,5000,IMG20260826124243.jpg,,4080,108,OPPO,122.00132157676349,140.51706431535268,149.87107417012447,OPPO Reno12 F,1,True,cabe9716ff30b7de416d3db7f87755487005387b26143b0ed61a175f04c9c239,3005536,3072
249.68812344355297,0.9915456431535269,147.1933112033195,43.17973455470003,0.022302904564315353,,68d98d61606028e8,5000,IMG20260826124248.jpg,,4080,109,OPPO,120.9311887966805,138.4063153526971,147.52801556016598,OPPO Reno12 F,1,True,81a94eea73d4956d2b4e2a95229e1db2ca9ea4ba89bbfa35f369b7121188bd61,2689247,3072
386.03804616023075,1.008143153526971,145.37630082987553,44.01459663779176,0.01654564315352697,,666c4c3a79b810f8,5000,IMG20260826124305.jpg,,4080,110,OPPO,119.112752593361,136.5974289419087,145.68042116182573,OPPO Reno12 F,1,True,740988a0ea8a9cebdd7d85c7efd88bbda04efb2fcb2082a0286d8bdfd4ec1ec8,3014833,3072
392.5051810007121,0.9058609958506224,147.42177437759335,43.41154628286133,0.010736514522821577,,26741672f9f010f8,5001,IMG20260826124308.jpg,,4080,111,OPPO,119.66977645228216,138.0876872406639,149.4062557053942,OPPO Reno12 F,1,True,b5ed7ee938c477435fe88bc002c4f039bb7a4aa737da5aef81b17e5d3b2e546a,2932984,3072
355.58548338874914,0.9394190871369295,146.38914834024897,43.39536307715753,0.00741701244813278,,bba2b633f1f151f1,5000,IMG20260826124313.jpg,,4080,112,OPPO,118.87229356846473,136.99338744813278,148.34777126556017,OPPO Reno12 F,1,True,19c5a85cd7f281d5cefcc18f3b0c3614a932ddd43056d41f1c94d85fa450c01e,2975384,3072
424.08234594789366,0.891649377593361,147.23451659751038,43.88630348648916,0.013018672199170125,,19f1d33af0f090f8,5000,IMG20260826124317.jpg,,4080,113,OPPO,120.16443153526971,138.17728941908715,148.41841441908713,OPPO Reno12 F,1,True,3be44f1ef76c1957983b5f84aaadf422d1f7934440e4de7387105dd842e33bb5,2891880,3072
292.3100979981295,0.7314834024896266,147.31034854771784,43.889587775538864,0.050414937759336094,,e8f1a493f17050f0,5000,IMG20260826124323.jpg,,4080,114,OPPO,119.03880809128631,137.99444865145227,149.36210269709542,OPPO Reno12 F,1,True,a8f81b58ba17c2b9ab9b9fb2d4a74e9b2205689f637bb4ca448099f4c03178ab,2722650,3072
287.63491585070847,0.8951763485477179,148.72607987551868,44.882544638211954,0.028475103734439833,,e4f0b451f0f17070,5000,IMG20260826124327.jpg,,4080,115,OPPO,120.72876919087138,139.74632883817426,150.13773755186722,OPPO Reno12 F,1,True,651645f3ac45786fef987794b72ad80491f01a5d19b620b1e8549ac0519028dc,2674646,3072
296.64974321225935,0.9265041493775933,145.02911566390043,45.40982872587134,0.00254149377593361,,e6f0da1150701470,5000,IMG20260826124331.jpg,,4080,116,OPPO,118.61122977178424,136.0650093360996,146.29291960580912,OPPO Reno12 F,1,True,83432968e5f65f3b262fa6bc65f8933689ecbbba9d6b5341f31afef233d826e7,2692771,3072
245.8822328835912,0.8924273858921161,145.56634802904566,45.61620698436342,0.010269709543568465,,eaf0d191d0f094f0,5000,IMG20260826124334.jpg,,4080,117,OPPO,118.07566026970954,136.68939522821577,146.82472717842325,OPPO Reno12 F,1,True,ba37d28fb438a10c519c2d910907ddc5275eb9dc9355b9a05942bf2a190e0355,2815245,3072
357.69113376628763,0.9204875518672199,146.37035529045644,45.86399831705562,0.026452282157676348,,69f0d591d0f3d4f0,5000,IMG20260826124338.jpg,,4080,118,OPPO,118.56295850622406,137.47365923236515,147.86393101659752,OPPO Reno12 F,1,True,2c6d569dab1e3bff93403b60b38dcd42861a07cfe5ddacecd89d0c46139f71e0,2815789,3072
394.8084118256186,1.0116701244813278,141.16823029045642,46.696092862367685,0.03205394190871369,,6960565078797878,5000,IMG20260826124343.jpg,,4080,119,OPPO,115.61757053941909,132.6181255186722,141.68580705394191,OPPO Reno12 F,1,True,f7d3e056d2b75e08764098154e51680637bd78670177d3aaafa2724815756368,3072194,3072
404.30850307599627,0.9461618257261412,143.18344917012448,47.0269210876376,0.03869294605809129,,2830935159713171,5001,IMG20260826124347.jpg,,4080,120,OPPO,117.53142738589212,134.43757624481327,144.29091234439835,OPPO Reno12 F,1,True,c8cc64e3aafc0002d1e918e3c749ed1134906e822fbb22e0c5f109e4e7168543,3047939,3072
320.1615461085529,0.729045643153527,147.04378267634854,46.5186649461021,0.028682572614107886,,2811d5d0f9f1b1f1,5001,IMG20260826124353.jpg,,4080,121,OPPO,121.3024979253112,138.5678848547718,147.414247406639,OPPO Reno12 F,1,True,83ca2b69e46768be52453a9548cc21b45b7b0249c77d6634cc8ad1f529fb75c4,2709899,3072
332.368262396993,0.7060684647302904,144.06004875518673,46.06294701959921,0.034854771784232366,,a8f4d55178796878,5000,IMG20260826124356.jpg,,4080,122,OPPO,117.92602645228216,135.65933350622407,144.09622562240665,OPPO Reno12 F,1,True,f8aefcf604caf8a4af5470cbd0846ffb7ab5bebeb2d853fba3c5a46c5aa03c7a,2725957,3072
309.35288741461034,0.7188796680497925,147.14829304979253,45.186381223459335,0.034543568464730286,,e85454b1f171b0d0,5000,IMG20260826124400.jpg,,4080,123,OPPO,121.8629367219917,138.61791182572614,147.28205238589211,OPPO Reno12 F,1,True,5a4028ca96450bc0add5c18b43fa60d06cd6e1d9395ea9976db8e9b09b173680,2704024,3072
282.4703038921667,0.728941908713693,147.5523651452282,44.21965991778162,0.05046680497925311,,ca32163070735351,5000,IMG20260826124404.jpg,,4080,124,OPPO,122.36852126556016,138.8445663900415,147.7674419087137,OPPO Reno12 F,1,True,e2d46a659450a1d5dbfdda1b11332d2de2be871753b3831db424d57601c23d9a,2854442,3072
366.076485988703,0.9215248962655601,146.23524585062242,45.19456238924922,0.13890041493775934,,68919531717111d1,5000,IMG20260826124408.jpg,,4080,125,OPPO,120.08954201244813,137.31253838174274,147.2594429460581,OPPO Reno12 F,1,True,4d596341717f9b81b6b64bde0575358e47945149c7d9efd549809d339669b306,2760596,3072
358.4124433548834,0.9066908713692945,144.4479403526971,46.21003958744021,0.14092323651452282,,68515430f030d0d0,5000,IMG20260826124412.jpg,,4080,126,OPPO,118.1606291493776,135.55082468879667,145.63648599585062,OPPO Reno12 F,1,True,953cb3e761de618114376983eb5ac9b07103d6eb17f76f4bd7f06d0281e3ecd8,2774187,3072
326.3643819074845,0.9554979253112033,143.55166701244812,46.21819216446441,0.07484439834024896,,b89024b3f1f1d3d0,5001,IMG20260826124416.jpg,,4080,127,OPPO,117.95765715767635,134.79039834024897,144.1700518672199,OPPO Reno12 F,1,True,9e7c1d08954583e1e2b2346916226c3e21f6774bfcb38f0c7f4c6c699a93ef9f,2955453,3072
313.675834458902,0.9646265560165975,143.96147562240665,45.260762524230856,0.07079875518672199,,18d0521270705150,5000,IMG20260826124422.jpg,,4080,128,OPPO,118.43447095435684,135.1281903526971,144.54027334024897,OPPO Reno12 F,1,True,e00d9a3dc3c935e3638321598c1fd741b8374e0079b1bdfacde31768fc78d1c0,2840197,3072
272.2063018458263,0.7350622406639004,144.31268153526972,43.49862511501375,0.08397302904564315,,685848b2b0313030,5000,IMG20260826124425.jpg,,4080,129,OPPO,117.0718169087137,135.2435570539419,145.38338174273858,OPPO Reno12 F,1,True,183366633725a639d3185a9d1565bbccd6846b9e94bfc32114c2067b58ed2e50,2828505,3072
337.6221130422987,0.8063278008298755,145.9193008298755,42.6903658960782,0.0779045643153527,,4c31143370303474,5000,IMG20260826124428.jpg,,4080,130,OPPO,120.45603163900415,136.85102593360995,146.38716390041495,OPPO Reno12 F,1,True,c63d60b2f6a23db735242f02a522630b10f603a34e0ecf367dff47c3cee92bd4,2970107,3072
278.9537421740304,0.900414937759336,145.9795575726141,42.28746043219264,0.058973029045643145,,26909692b0b01470,5000,IMG20260826124431.jpg,,4080,131,OPPO,120.49134387966805,136.8498760373444,146.4480031120332,OPPO Reno12 F,1,True,a436ba74337a358c6e47ee29eb3629e0018626f01231e3d02be24977628dbe94,2901798,3072
228.8147800825991,0.9685165975103734,146.1110529045643,43.6327009304822,0.06898340248962656,,82905ad2f0d092d0,5000,IMG20260826124434.jpg,,4080,132,OPPO,119.80476504149378,137.04463381742738,146.90509128630706,OPPO Reno12 F,1,True,8d0035e8f221d1f797bfc9e70c68b4b8e91b080c635ca952e53822e5871ed2fd,3022467,3072
376.5965973467011,1.0761929460580915,135.0809413900415,45.50384626310387,0.0979253112033195,,c948cdf371f2d3d0,5000,IMG20260826124442.jpg,,4080,133,OPPO,110.8884346473029,126.08587292531121,135.62035114107883,OPPO Reno12 F,1,True,a81084e996f3f63a1225e4d16ffca1c89378456de9e4cdbebf5eb7c64fa682cb,3124450,3072
254.48690394055686,0.8903008298755186,144.13596058091287,43.24455949028525,0.11991701244813278,,e82a0c7331353574,5000,IMG20260826124455.jpg,,4080,134,OPPO,118.14677541493776,134.98426504149379,144.9182463692946,OPPO Reno12 F,1,True,4b6557c7204d1bf4d4b604bf0c4ed8a33d86502504da949cfc8a2b678bce0cf1,2935646,3072
232.34426445770134,0.8688796680497926,146.5613708506224,41.83226878660135,0.1004149377593361,,a8998cb2b0b4b2b2,5000,IMG20260826124458.jpg,,4080,135,OPPO,120.63922925311203,137.3851965767635,147.19222354771784,OPPO Reno12 F,1,True,cac5762d2718323de4765f5903cce5699576aacb83fc89641b8ba21d00b9af64,2933476,3072
226.76572899263098,0.8153008298755187,141.96359751037343,42.590137908416295,0.1112551867219917,,a8d9ced2f1f4b490,5001,IMG20260826124501.jpg,,4080,136,OPPO,116.83919813278008,132.71859284232366,142.57598340248964,OPPO Reno12 F,1,True,fc8b4a81d8b3ecda947cd87309962df92bccc1289007ecad63732a67a30b8106,2879389,3072
217.71559280034967,0.8488070539419088,140.63390871369293,44.52198495330749,0.12686721991701244,,ced84d767272f4d4,5000,IMG20260826124504.jpg,,4080,137,OPPO,115.08965145228215,131.4256747925311,141.57521524896265,OPPO Reno12 F,1,True,3c60fa13e3323382a794449604b0bd6ff69fd922410c8e9987a0a78fed62973c,2908170,3072
329.7671413054355,0.7353734439834025,139.72959854771784,45.97055395780416,0.22769709543568462,,cc6c8ee3e133f2f2,5001,IMG20260826124507.jpg,,4080,138,OPPO,115.93634387966804,130.75932313278008,140.08022251037343,OPPO Reno12 F,1,True,9914b3fcb5f99adbb41d9294957a6670e59e60c763da25ed5d333d47fbee8d53,2951339,3072
290.99096964906664,0.8531120331950208,141.04071836099584,46.629452833798005,0.18272821576763484,,ce64a76363636363,5000,IMG20260826124510.jpg,,4080,139,OPPO,117.08391234439834,132.10266441908715,141.51967168049794,OPPO Reno12 F,1,True,5519d6e372e6249d4c88283aba0572c546c6bd8684529d631c41970e1c16e311,2937875,3072
228.131324169188,0.8338174273858922,141.88503630705395,46.72877680941896,0.11203319502074689,,ca64ad7371737371,5000,IMG20260826124745.jpg,,4080,140,OPPO,118.05473495850623,133.07235943983403,142.13235943983403,OPPO Reno12 F,1,True,0ced1f4f7b6516bf28938a80bb08195de567fc881bcabb28643262ce4c1feacb,2992587,3072
349.9071737368608,0.8084543568464729,143.06875,46.39425697746912,0.12857883817427385,,ee2ecff171737171,5000,IMG20260826124750.jpg,,4080,141,OPPO,119.90061721991701,134.35834232365144,142.9127536307054,OPPO Reno12 F,1,True,ea17ef661bb7ccd5c4e7bc4729a3d96bd1a3defe7eb74962137de1792b906503,3102996,3072
353.2046062172653,0.9118257261410788,144.57070798755186,46.863749143479616,0.10949170124481328,,ee2aaf7275313131,5000,IMG20260826124754.jpg,,4080,142,OPPO,120.88345124481327,135.8741965767635,144.6389979253112,OPPO Reno12 F,1,True,1022d411a319e2051669d038723985234e6ef5fef66b659b6c68630f3d1048ed,3078752,3072
272.55870855686425,0.8574688796680499,144.8483189834025,46.614726167489536,0.10534232365145227,,ce2acf7161713571,5000,IMG20260826124757.jpg,,4080,143,OPPO,120.20464367219917,136.02551192946058,145.24238122406638,OPPO Reno12 F,1,True,7857500045f189652aced3f9966cf0ab60928a3ab3178bffa733ba3671e2d084,2863326,3072
350.3565487542182,0.9230290456431536,142.84391078838175,46.33241628731537,0.12806016597510372,,ef2bcd6161313474,5000,IMG20260826124801.jpg,,4080,144,OPPO,118.27594190871369,133.9335554979253,143.35426607883818,OPPO Reno12 F,1,True,21cb9b528c9cf47ccd9618364c37863df5fac85644ef17a86125bb5f1b75a7f3,2824408,3072
307.41265766849284,1.0305497925311202,135.82651089211618,45.744649071182394,0.10876556016597509,,6b09cde0e03034f4,5000,IMG20260826124806.jpg,,4080,145,OPPO,112.42889107883818,126.83297147302905,136.30710736514524,OPPO Reno12 F,1,True,247e8fd43ea91c8052aceca20d7d8b8b1061752a8a44f29e9f1c5733d89f0b95,3030503,3072
365.3663625115762,0.3462655601659751,144.53329979253112,46.77351292618256,0.006587136929460581,,35edbce8c4f0f2f2,5000,IMG20260826124902.jpg,,4080,146,OPPO,118.04515767634855,135.09759232365144,146.1618869294606,OPPO Reno12 F,1,True,c92ad5b81c49837203af78e07c7d92a60beb516525c96337a9ed127eabef401b,3000967,3072
213.24245590892434,0.3308091286307054,146.00820643153526,47.8415623951133,0.021161825726141077,,56ccfcf4d4f0f272,5000,IMG20260826124905.jpg,,4080,147,OPPO,120.10490923236515,136.80158091286307,147.35158921161826,OPPO Reno12 F,1,True,c9698c9a883328ef93b74fa8cc9863682d376b02e8ce75e9632b226f8582c504,2821136,3072
395.4500072613236,0.30430497925311206,143.76965715767633,48.891955886117,0.12842323651452284,,97ebf6f2d5717371,5000,IMG20260826124908.jpg,,4080,148,OPPO,118.9064377593361,134.67942582987553,144.937260373444,OPPO Reno12 F,1,True,1c9bcc94a11352471eb3347fe384ade04fec90275375bc2e270aac8f5b7784fe,2924420,3072
386.1852776804118,0.3024896265560166,143.2526950207469,49.212519934012064,0.18941908713692945,,d675677354707131,5000,IMG20260826124910.jpg,,4080,149,OPPO,118.40007002074688,134.0636358921162,144.6824387966805,OPPO Reno12 F,1,True,05ca22d3cede8837fd23d3bd9aecebda4067a01c84e8c62ba1cef75aaa5353e7,2909376,3072
293.75556170557905,0.2844398340248963,141.96714522821577,49.487414924571155,0.11281120331950206,,733a333554303030,5001,IMG20260826124913.jpg,,4080,150,OPPO,117.54174481327802,132.84230601659752,143.18280186721992,OPPO Reno12 F,1,True,62c1973d5b96c1aa17b48045cb8871f8123b81714606ccf06a37e716df383824,2835960,3072
375.375040388096,0.2678941908713693,139.8194932572614,50.36433730107452,0.08978215767634855,,31959b96d5b1b0b0,5000,IMG20260826124916.jpg,,4080,151,OPPO,115.91037759336099,130.8005560165975,140.95583869294606,OPPO Reno12 F,1,True,0a403d6a7970d3678dacf6399507b84045aae683d212b5fa53a035384797fa91,2868778,3072
301.27283602628114,0.29071576763485474,139.07180446058092,50.539005018382305,0.18246887966804978,,1056d557c4f0d0f0,5000,IMG20260826124921.jpg,,4080,152,OPPO,115.45660477178423,130.18353008298755,139.822132780083,OPPO Reno12 F,1,True,31ba6bbba40fc5f0620c5fe07ea1d2311b5ebd9cc816fd6f18edc6cee0cfaaac,3064129,3072
433.1130471969424,0.2936721991701245,139.99209336099585,49.85042747078835,0.21353734439834024,,34a76637dcf0f0f2,5000,IMG20260826124924.jpg,,4080,153,OPPO,115.69198184647303,130.95323029045642,141.09427748962656,OPPO Reno12 F,1,True,98d745a3210671d715f2d726e6d9ee510325bf7219539f986404685400e1303f,3106448,3072
447.6661187067821,0.3033713692946058,140.7450695020747,48.523299704118095,0.27930497925311204,,57433313dcf2f2f2,5002,IMG20260826124927.jpg,,4080,154,OPPO,116.18910580912863,131.61422821576764,141.70458143153527,OPPO Reno12 F,1,True,50fc6a57598bd3f898609c64de74ac7ec2e0eca2c15e06a973d163ca0dc82f9d,2989768,3072
432.2824825954744,0.3026970954356846,142.96628630705393,48.75716913244805,0.1449170124481328,,11541991dd717173,5000,IMG20260826124930.jpg,,4080,155,OPPO,117.81514730290456,133.6794247925311,144.61497925311204,OPPO Reno12 F,1,True,0f4f62286c87b0eb97e21668dc264a44ec9df78cfdd1bcd8697e0f1d5fff398a,3192946,3072
366.5168241410054,0.7461099585062241,140.98028993775932,49.736435399242175,0.03646265560165975,,808296c454303031,5000,IMG20260826124933.jpg,,4080,156,OPPO,116.68480290456432,131.7201358921162,142.56578112033196,OPPO Reno12 F,1,True,20cc0436517c3a15c0220a01229a18da5af1bbe22c5f6d9345cab54510972a60,3204141,3072
426.7045923037482,0.7981846473029045,136.45878941908714,50.94172620456112,0.04901452282157677,,d4c5d6e2dcf0b0b0,5000,IMG20260826124936.jpg,,4080,157,OPPO,111.91891286307055,127.1620637966805,138.45933246887967,OPPO Reno12 F,1,True,3f3a6714b5d02cb78c4683d6cd95d9c3476967bfc7fd3fd0184f3ff9e66b1367,3148089,3072
342.98952525252207,0.7788900414937759,135.37494968879668,48.9648405526351,0.04776970954356847,,626ac3614c70b0b0,5000,IMG20260826124945.jpg,,4080,158,OPPO,112.37678682572614,126.14957883817428,136.4149336099585,OPPO Reno12 F,1,True,d58e006ca41c93acf7da8e5d49a5847460a3926967c163304d956e9e79cd8fda,3070438,3072
328.9662804656428,0.6061721991701244,141.71871524896267,45.9124035251619,0.04590248962655602,,b89ae91954b1f2f0,5000,IMG20260826124948.jpg,,4080,159,OPPO,115.64572510373443,132.0891851659751,143.30082624481327,OPPO Reno12 F,1,True,64640f56eabf45d0e5b2a12a8953172d548609f26b39507fbfcc282cb0d32a56,3149478,3072
364.41940958903945,0.783195020746888,140.03840197095437,45.902953724810246,0.0077800829875518665,,540da81ce4f0f2f2,5000,IMG20260826124951.jpg,,4080,160,OPPO,116.0386234439834,130.55978423236513,140.90321939834024,OPPO Reno12 F,1,True,06a2f6c244c70e1d2ae10173dcec5c56f6865d65b910efb45d043e16c6769435,3228072,3072
435.84695555024416,0.7760373443983403,139.77510165975104,47.12124561125767,0.003993775933609959,,c28ac896d5f1f372,5000,IMG20260826124954.jpg,,4080,161,OPPO,115.07458091286307,130.09872302904563,141.41637966804979,OPPO Reno12 F,1,True,3dc972f35ddc4222616f863639568d7c2a9a53ce7f9e6e28d6b7e8a8738c60e7,3748101,3072
439.9385285797378,0.7520228215767635,131.28074273858923,51.06285809747819,0.057624481327800826,,c1cdc8d6cd717331,5000,IMG20260826125001.jpg,,4080,162,OPPO,107.60653475103734,121.89329149377593,133.4593812240664,OPPO Reno12 F,1,True,d5043281a0c00698b8c5d7b51ce69810c789b52dde179505e0d7658b3055e2a6,3264663,3072
216.2002375023004,0.7430497925311202,132.03770280082986,51.095312969397874,0.10824688796680498,,6a6acc4744717131,5000,IMG20260826125004.jpg,,4080,163,OPPO,106.96482780082988,122.56615352697095,134.5301789419087,OPPO Reno12 F,1,True,07ab228e486d14ef0f44a1950f481c3ff4ac85492c8c1c4c0d1c7a7610a99f3b,2997119,3072
316.8957907119688,0.4954875518672199,140.0053661825726,48.74925187468023,0.05425311203319502,,75696e7754703030,5000,IMG20260826125007.jpg,,4080,164,OPPO,115.26292997925312,130.53542064315351,141.59278734439835,OPPO Reno12 F,1,True,89bb401a65cfe51f7ad04c13692a8369fbc0817fbefc315bb317ced9ec74d024,3127120,3072
394.49328317113066,0.4532676348547718,143.80497562240663,45.42882871546381,0.060269709543568466,,9d9dbd99d4f1b030,5000,IMG20260826125013.jpg,,4080,165,OPPO,120.58789056016597,134.35254253112032,144.35904979253112,OPPO Reno12 F,1,True,a2e98897950ae833821f1ded229f61be04ac0f2593d83f8c9ae20df558fa1de0,3085486,3072
282.958915438041,0.3799792531120332,137.69628526970953,45.8740198160636,0.06405601659751038,,c6d6fadddcf0b0f0,5000,IMG20260826125016.jpg,,4080,166,OPPO,114.93734751037344,128.3043272821577,138.03790767634854,OPPO Reno12 F,1,True,25ec0a928925cd5d31f3a868662aa7ab913b8c349f7ab00662c504d558168a52,2975174,3072
395.8094398177449,0.4154045643153527,137.22393049792532,48.60157604794023,0.08506224066390042,,67667decdcf0f0f0,5000,IMG20260826125018.jpg,,4080,167,OPPO,115.14415093360996,128.0347453319502,137.6713708506224,OPPO Reno12 F,1,True,1021eab4288e27a0ef522675460b6cd295dde2146ac933553f2476b7c1c4688f,3024584,3072
394.4383787817442,1.1389522821576765,130.89139367219917,51.43910282637689,0.20025933609958507,,737333766472f2f2,5000,IMG20260826125103.jpg,,4080,168,OPPO,111.79832520746888,122.26956483402489,130.45525778008297,OPPO Reno12 F,1,True,6a61021e6fd4613aad02a0878d26147fa54e5059141db5228b160efe876ce693,3128331,3072
389.7178391899201,1.2057053941908713,133.11830394190872,51.52226380971379,0.20440871369294603,,595113136933f2f3,5000,IMG20260826125108.jpg,,4080,169,OPPO,113.36222302904564,124.41936358921161,132.9464979253112,OPPO Reno12 F,1,True,ff76326c4775d7696fd5000155e584e74e215fc431308d9c1c63151e8f275cfa,3176055,3072
415.3157079764658,1.053578838174274,135.43490352697094,50.24173254176001,0.35985477178423236,,1c34179de9f17373,5000,IMG20260826125111.jpg,,4080,170,OPPO,115.10995954356846,126.62770124481328,135.1964528008299,OPPO Reno12 F,1,True,6c33fe606c13de3df8092e9cfde38166f058c41791c2f509222c34492ba0ca62,2943885,3072
450.04991596921104,0.6441908713692946,131.013507780083,49.338019599666296,0.30191908713692944,,929613546c707171,5000,IMG20260826125124.jpg,,4080,171,OPPO,109.13315560165975,121.81223080912864,131.8055596473029,OPPO Reno12 F,1,True,95d47e4f9905baf157899693df6e6214b3e540e7c384c523cffaffdb782226d9,3264012,3072
430.0240175792963,1.1541493775933611,129.2636312240664,51.268157901923246,0.320746887966805,,55c393b66cb03031,5000,IMG20260826125127.jpg,,4080,172,OPPO,107.27917894190871,120.07088174273859,130.58997406639003,OPPO Reno12 F,1,True,11e5f46c676a16ff8f34d14a8136a67ccdb9517df2fd451b95b7292f8b26eeeb,3225262,3072
481.0285746535431,1.1299792531120332,128.07578112033195,53.18631635943311,0.33667012448132777,,22611153c5f0b0b0,5001,IMG20260826125130.jpg,,4080,173,OPPO,106.18288018672199,119.03951556016598,129.5786996887967,OPPO Reno12 F,1,True,279ad5f5060636cbb91f998b996353f520adc8a25fb1ecce2407f0e15d420e99,3268595,3072
471.46612695997595,1.095850622406639,127.00969813278009,53.224892784887956,0.3391078838174274,,d1b811354d70b0f0,5000,IMG20260826125133.jpg,,4080,174,OPPO,104.31852437759336,117.99189107883818,128.8199377593361,OPPO Reno12 F,1,True,26823dad2c3162f595ba97ab86cf8da32c6648feb8ec6643c93db0a5d0249507,3300009,3072
404.3728930117325,0.7425829875518672,128.04346524896266,51.89571174574888,0.2620850622406639,,f4ac80d464b0f2f0,5000,IMG20260826125137.jpg,,4080,175,OPPO,102.22675726141078,118.98366130705394,130.26401141078838,OPPO Reno12 F,1,True,199a5685c6556eab655362a788931adf46a82967f4a3920f1cd1885b18c22bfa,3182125,3072
245.6492982360623,1.0451244813278007,128.1538703319502,52.71776356888803,0.32261410788381745,,1b0ecae2d4f0f272,5000,IMG20260826125139.jpg,,4080,176,OPPO,101.46097406639004,119.31511929460581,130.4008044605809,OPPO Reno12 F,1,True,4aec7946698240439ca28848e0a70061e3697ca0403709d937e688a8d0b9806f,2867325,3072
354.00879105025314,0.991390041493776,127.75283246887967,52.75105818898833,0.3142116182572614,,d2c9e8f255717131,5000,IMG20260826125146.jpg,,4080,177,OPPO,100.68976867219916,118.9038770746888,130.3452365145228,OPPO Reno12 F,1,True,abbdcd8534f210aa9933754d21279d071e7048d153f6a966f335c31fabf75f74,3034093,3072
334.7501783866486,0.5046161825726142,137.2745575726141,51.925094503500056,0.17323651452282157,,c168787154303030,5001,IMG20260826125151.jpg,,4080,178,OPPO,107.47029201244813,128.38060010373445,139.94118309128632,OPPO Reno12 F,1,True,01c669120b49e389008f7eef32386ce44bdc883fa65a6e682d37c9e00c1eb4c7,3050636,3072
397.1426591814597,0.39398340248962654,133.39721213692945,52.42778027151992,0.07515560165975103,,6b383416d5f1b0f0,5000,IMG20260826125156.jpg,,4080,179,OPPO,107.74608713692946,125.27923080912863,133.93614263485478,OPPO Reno12 F,1,True,35d4b9fc4d57ee4915c398ce21d5adc466ffdd40bb78576fdfd881213fed4118,3163189,3072
381.19275811874684,0.41063278008298754,132.7185643153527,53.302136140983336,0.027956431535269707,,29381716d4f1f0f0,5000,IMG20260826125224.jpg,,4080,180,OPPO,104.96271317427386,124.37653526970955,134.59427904564316,OPPO Reno12 F,1,True,8901c805aad42fd64e356725bc4ed470f03757af2371098f53f398a94c43c8d0,3039362,3072
463.59088274082643,0.37396265560165975,132.59928682572615,53.56262403946858,0.04159751037344398,,9c9c9697d470f0f0,5000,IMG20260826125228.jpg,,4080,181,OPPO,105.4201239626556,124.22678008298755,134.56271058091286,OPPO Reno12 F,1,True,b8d3c295d00b69d2a65a7a9ce0a27dbe1f61e2fbead231b2c4b2d1e1c46fd477,3276930,3072
324.8472909637981,0.39528008298755185,133.05997302904564,52.76715919923849,0.02079875518672199,,1ec6d7975470f2f2,5000,IMG20260826125230.jpg,,4080,182,OPPO,104.54126556016598,124.12621576763486,136.38130031120332,OPPO Reno12 F,1,True,dcdaa0a5cd5b73f277470235c6c29e59624ba5c86b540a8624b21aad7da3d4f3,3236864,3072
404.1202175711463,0.40565352697095436,139.73489004149377,49.46040407721802,0.08200207468879668,,1361a3f1c5717373,5000,IMG20260826125234.jpg,,4080,183,OPPO,109.97152385892116,130.90481690871368,141.69829149377594,OPPO Reno12 F,1,True,c5337e9ffe2f4bb8f00fe7e2e16a47ae25775a12ed67552b07db16084742ef17,3093464,3072
440.41227526024403,0.38807053941908715,141.51657417012447,48.20105228171393,0.13018672199170125,,d1a8c87044703131,5001,IMG20260826125237.jpg,,4080,184,OPPO,111.7699984439834,132.34664419087136,143.74915093360997,OPPO Reno12 F,1,True,8bc57af2c0fc5af039a89d3a713e5863089fb8c0d99064a05e27833546ad291b,3479195,3072
382.384757239919,0.3408195020746888,141.51426711618257,48.86390730926288,0.08091286307053941,,306a2cb0c4f0b0b0,5000,IMG20260826125241.jpg,,4080,185,OPPO,113.736875,132.34268309128632,143.40039626556018,OPPO Reno12 F,1,True,c52177d0356ff873e5a5429ec87b845f0c9d2153912856ad51941e7e862bf468,3159490,3072
351.0195424885064,0.35892116182572614,140.72722821576764,48.27372409372803,0.09647302904564314,,50ad9ed4d570f0b0,5001,IMG20260826125244.jpg,,4080,186,OPPO,112.01126089211618,131.36404253112033,143.08720746887965,OPPO Reno12 F,1,True,84cb68ea2b86088becb2febf7501554d9143aeb92bc45232dbefa6a9e52cbd53,3045564,3072
410.36687384225235,0.3514522821576764,140.68609076763485,47.164620009066596,0.05954356846473029,,34ca75725571f2f0,5000,IMG20260826125246.jpg,,4080,187,OPPO,113.39386877593361,131.27409180497926,142.50966960580914,OPPO Reno12 F,1,True,8ef8c8f24c94729ab57436bfd98fde04019bcae5ffb5183efe8d018a5032dc7e,3112893,3072
445.55920957702364,0.3198651452282158,142.15667168049794,45.66485996727684,0.08272821576763485,,b224f631f4f0f2f2,5000,IMG20260826125249.jpg,,4080,188,OPPO,117.03814419087136,132.79091078838175,143.1152541493776,OPPO Reno12 F,1,True,c9f57079a0b440e20f35d8b1e173a9b7a35cf2071554cd55ce0eac9eab16f54a,3098283,3072
312.38816892513904,0.3307572614107884,144.38836358921162,44.324437834974006,0.13469917012448135,,cccafbd0cdf17171,5000,IMG20260826125253.jpg,,4080,189,OPPO,120.28354771784232,135.18278890041495,144.55984854771785,OPPO Reno12 F,1,True,aa31daec2c4d7690b92f6fe4ce827323b28bd19124f5380d51fcd64328c7d468,2910576,3072
417.9980798741241,0.3176867219917012,142.69123236514523,44.27612912936773,0.17686721991701243,,f66d755254707131,5000,IMG20260826125257.jpg,,4080,190,OPPO,118.3939325726141,133.38260580912862,143.03885321576763,OPPO Reno12 F,1,True,da3ef2ef076995fec446d999a15028b82961221015c3bb9fd29d5eb24527da55,3202069,3072
375.28610269167086,0.2946058091286307,144.70396991701244,42.79822091746735,0.09341286307053942,,b14b11b0d5b0b0b0,5000,IMG20260826125302.jpg,,4080,191,OPPO,120.31808609958506,135.32743205394192,144.7868018672199,OPPO Reno12 F,1,True,1281c8cd6b59353ecbee2005e75aa24e3fffc4816fea065c81131fa062289125,2967625,3072
297.34652057385273,0.3372925311203319,145.24022251037346,40.6848617193762,0.19439834024896266,,60dc9650dcf0b0e8,5000,IMG20260826125400.jpg,,4080,192,OPPO,119.82440041493776,135.68583091286308,145.53659284232364,OPPO Reno12 F,1,True,80fd8f3e02535e513a1146e7e29fe4aa7a977c00435bfbed820d6bd32ae28004,2921311,3072
350.53107868604195,0.3202282157676348,143.8848137966805,40.14162212785598,0.1816908713692946,,34441654dcf0f0e8,5000,IMG20260826125402.jpg,,4080,193,OPPO,119.15135425311203,134.36120487551867,143.81670331950207,OPPO Reno12 F,1,True,40e29d5c18297e1f82a7f96f57a8d3640a31e26d236c1c52a9c0a16a1fada894,2959625,3072
307.79360562735553,0.37432572614107884,143.93269968879667,40.441977316620786,0.1449170124481328,,542617345c70f2f8,5000,IMG20260826125404.jpg,,4080,194,OPPO,119.41784439834025,134.4600648340249,143.74492012448133,OPPO Reno12 F,1,True,734006bf4a89814b13af49221e658f7ed7c1671ad0c892edab9be971f41ca7e6,2918571,3072
264.0160145111826,0.36026970954356846,144.07360892116182,41.52545618277187,0.24776970954356847,,5595131264b2f3fb,5000,IMG20260826125409.jpg,,4080,195,OPPO,119.7013112033195,134.68586047717844,143.835375,OPPO Reno12 F,1,True,1eb7a6cd67bf28bbd20b2b7edbd05c0fd00eeb81a766bb7d6de9c03503e15d3f,2874137,3072
349.9044187871421,0.3470435684647303,142.43567323651453,43.143188593635564,0.17515560165975103,,524a1111c5f1737b,5000,IMG20260826125412.jpg,,4080,196,OPPO,117.94457365145229,133.0445601659751,142.6811836099585,OPPO Reno12 F,1,True,fb2e1c3157f66d54f4ca6c9d0f57c750efd785daecb419eb83d45a7e31cb3816,2996148,3072
311.8823826375062,0.3745850622406639,143.12415871369294,44.119222572269436,0.15679460580912863,,722d80944c717173,5001,IMG20260826125415.jpg,,4080,197,OPPO,117.47796991701244,133.63307935684648,144.0276296680498,OPPO Reno12 F,1,True,3b8210671f774900fe3e99fc118c209a7016c860f2b35ff7a6976707977cbfe3,3044451,3072
385.7653843284161,0.34901452282157674,142.171007780083,44.076751707563346,0.1720954356846473,,918ac2d24cf030b1,5000,IMG20260826125417.jpg,,4080,198,OPPO,117.52060477178424,132.6793703319502,142.80478475103735,OPPO Reno12 F,1,True,486b6df9a8597263d98d50f7ed6a40acef84c65c15a2611403bffec765e4e744,2993259,3072
271.4482587398501,0.39434647302904563,142.04679097510373,44.44550796585902,0.1816908713692946,,e04dc8a1cd70b0b0,5000,IMG20260826125419.jpg,,4080,199,OPPO,117.81270331950208,132.59848807053942,142.56328475103734,OPPO Reno12 F,1,True,918c3a3327144f33acd2462eab42c1f0c150895963fba63efee22b462ae30dca,2892289,3072
238.08708645584156,0.42920124481327804,143.8174538381743,43.51630970811399,0.07671161825726142,,e46ec8a04b62b0f0,5000,IMG20260826125422.jpg,,4080,200,OPPO,119.75035684647303,134.5020119294606,143.86090404564317,OPPO Reno12 F,1,True,bae5b60cf954e4d6f403f0921f6b5b0412a7219116e6d82c65e45fb144b3812d,2854985,3072
210.7455294808519,0.4103734439834025,142.48215612033195,45.185464916134755,0.08054979253112032,,7a9b68d0c9f1f0f0,5000,IMG20260826125425.jpg,,4080,201,OPPO,119.39429045643153,133.34113433609957,142.3379942946058,OPPO Reno12 F,1,True,4864a1322b4cb060f78884b24c9ad6d0fa37235b30730e049468eb558ed11df0,2789129,3072
189.77818929588608,0.33630705394190874,143.84200933609958,47.4934546980696,0.14859958506224066,,3ccd88f0d6f0f272,5000,IMG20260826125427.jpg,,4080,202,OPPO,121.21344865145228,134.9359408713693,143.7021270746888,OPPO Reno12 F,1,True,4a11ce275db6edd19296002ff5dc32d1f4ac4c10f3b39b47cae9ceb6a3bb0251,2912693,3072
339.15837707255787,0.31441908713692945,142.57522251037344,48.49400266933464,0.12266597510373445,,f6acfef4c5717330,5000,IMG20260826125453.jpg,,4080,203,OPPO,118.97592479253112,133.54734284232364,143.2491286307054,OPPO Reno12 F,1,True,0d27548f61d1e308052f776f2fc48b3c1e8369c4caaf31a72f7c715e0e3daca1,3331770,3072
241.9943645424921,0.35549792531120333,143.5902453319502,29.104715577558917,0.04439834024896266,,9a999490d4f4b08c,5000,IMG20260826125522.jpg,,4080,204,OPPO,117.60974481327801,133.24747873443982,142.99088692946057,OPPO Reno12 F,1,True,73f1e8a58f29e2aabd1a68865d959e3dfa17bb9f8fc67f13326bed205212a8c5,3340231,3072
154.54542419248008,0.3657157676348548,142.75885995850624,29.70046225779763,0.052385892116182574,,646654d6d4d4b2d4,5000,IMG20260826125524.jpg,,4080,205,OPPO,116.00870435684648,132.3650549792531,142.54044761410788,OPPO Reno12 F,1,True,e653ae680127e2f66c763ecdc905da61af5b318d25d78d1c47844efa34eb339f,2842816,3072
106.5274325085484,0.3823132780082988,140.57801867219916,32.592442328003216,0.07852697095435685,,133bf3735594f2d2,5000,IMG20260826125527.jpg,,4080,206,OPPO,112.55752074688796,130.02505031120333,141.28576244813277,OPPO Reno12 F,1,True,3d91f88f870d39321be7058d789f681a38ee4f63ada135871f26b207111b274e,2767568,3072
225.93762136812276,0.43184647302904566,139.85351919087137,34.701017155251684,0.03210580912863071,,9c087531d5f5f258,5000,IMG20260826125529.jpg,,4080,207,OPPO,112.67844657676349,129.3965046680498,140.59,OPPO Reno12 F,1,True,3cf2f1919a0d61855185028445b90f638fb946fdc6e21cb3c73a8f9ae07f242b,3334596,3072
102.51197337939661,0.46939834024896265,139.21213381742737,33.60565398164363,0.020280082987551868,,c63494b195e5f094,5000,IMG20260826125532.jpg,,4080,208,OPPO,110.39630082987551,128.4674336099585,140.69232209543569,OPPO Reno12 F,1,True,62142c7bd8bd9576dbe48c4b69c94252fb455554e653d24d165c5fda090d718e,2910326,3072
303.6505064142574,0.47546680497925314,139.95697821576763,33.725349930938535,0.10534232365145227,,62d35690d4e4f094,5001,IMG20260826125534.jpg,,4080,209,OPPO,111.89414989626556,129.40177748962657,140.93277593360995,OPPO Reno12 F,1,True,2fbe4075701e051574c9c2889faf7401b6c201cda7169861e5aad3f764d7d979,3419257,3072
209.25806012753634,0.495695020746888,142.1163220954357,34.246455699641984,0.14647302904564316,,b07595d25464b094,5000,IMG20260826125538.jpg,,4080,210,OPPO,114.15756690871369,131.65233661825727,143.09963174273858,OPPO Reno12 F,1,True,71aa880dceccfacaca01a3dcc99cc60e8d453466c6bcf24ed42160ac10b5e47b,3064329,3072
175.21195378345516,0.3974066390041494,141.83461047717842,36.74806854860033,0.2098547717842324,,ecdbd2735454b094,5000,IMG20260826125616.jpg,,4080,211,OPPO,112.93698080912863,131.32235943983403,143.61935477178423,OPPO Reno12 F,1,True,7d63701969fb6ec3c3c7f247300458135b167d8c91a8c10095458fc0767fe174,3009626,3072
260.28129680464536,0.37354771784232366,141.93644398340248,37.7743687668833,0.1891597510373444,,7b74513155d4b09c,5000,IMG20260826125619.jpg,,4080,212,OPPO,113.17622095435685,131.53722769709543,143.70353008298756,OPPO Reno12 F,1,True,558f60153126e6fcf864af4c6a6bdde1291d578bdddf5667c1b4607c451ac036,3327391,3072
197.1461139370015,0.3869294605809129,144.57803578838175,36.59856555474127,0.19678423236514525,,9f3f9194d4d4b894,5000,IMG20260826125624.jpg,,4080,213,OPPO,116.35782780082988,134.28007624481327,146.00040041493776,OPPO Reno12 F,1,True,afaafea72af69aee4a3566fdebb8379f0097caf38698d4ce299bd5830b9ee5ac,2944154,3072
162.08814149175046,0.3398340248962656,143.36696369294606,37.183043508802776,0.15736514522821576,,47c7d4d4d4d4b096,5001,IMG20260826125628.jpg,,4080,214,OPPO,114.96996421161826,133.09253526970954,144.75498443983403,OPPO Reno12 F,1,True,fbd36a03a533cc5cacd5117e3af2298adc8e4d67982e093ebd88c7cc273256f4,2903067,3072
132.46790238420374,0.36255186721991706,143.93116390041493,37.82047649209776,0.13973029045643154,,1123d2f254d4f2d2,5000,IMG20260826125631.jpg,,4080,215,OPPO,114.75297510373444,133.57311929460582,145.72138641078837,OPPO Reno12 F,1,True,b3e6df49116dafe87c00654b11aa26ca9253d11f859438eed3e1b506e9ec1d12,3100609,3072
198.2044798205069,0.391649377593361,143.3121851659751,34.75577108809944,0.1158195020746888,,11d09490d5edfa8e,5000,IMG20260826125634.jpg,,4080,216,OPPO,117.1453755186722,133.12889678423235,143.51143516597512,OPPO Reno12 F,1,True,1bf49c99ece1eec158125800270cb9079c348c2d03fc1a34e72e7430996f81fe,2805472,3072
129.38979145852238,0.40316390041493777,140.9416395228216,35.9965899602205,0.1220435684647303,,042914d6d4647086,5000,IMG20260826125638.jpg,,4080,217,OPPO,115.83943309128631,130.93473547717844,140.7399470954357,OPPO Reno12 F,1,True,fd49584b626fa78c477746632968c26728b976e80a9ddbc3e1a2197073148d00,2713387,3072
239.91995064387208,0.4327800829875519,140.93159232365144,37.21564127144107,0.1558609958506224,,cb98d2735470b094,5001,IMG20260826125640.jpg,,4080,218,OPPO,116.18396524896265,131.02076452282157,140.63373703319502,OPPO Reno12 F,1,True,d4b1ea6a0bd47b0b3c1c63315e9292af9d84e8e2634b0bd6193477dea6d9e9bf,3405777,3072
265.4146903289157,0.43054979253112036,142.50027541493776,35.341703512784406,0.1337655601659751,,7276353135b0b08c,5001,IMG20260826125643.jpg,,4080,219,OPPO,117.60335529045643,132.53929201244813,141.87794709543567,OPPO Reno12 F,1,True,386f3911d9f7b4f4ee309a7f6df3397d5b47fad03eae1298ce22b867534609f9,3009510,3072
245.9979750931878,0.39533195020746886,142.9721851659751,35.876617023527324,0.133298755186722,,b9b19090b4b0b08c,5000,IMG20260826125647.jpg,,4080,220,OPPO,118.3735653526971,133.0205539419087,142.44720591286307,OPPO Reno12 F,1,True,5845663f36a047858267117a25e1c0f0a8adb3ad2a381cb5cd1e9f38b26d7bbb,2970936,3072
231.74040092927095,0.3591286307053942,144.25862603734438,35.04530973555198,0.05990663900414938,,dcd8d590b4f0b0cc,5000,IMG20260826125650.jpg,,4080,221,OPPO,120.69304719917012,134.44166286307055,143.1302546680498,OPPO Reno12 F,1,True,14d8876a2bbb97c5553659cb46dc5d5e330658aae78df341e79f00f4c257818c,2937162,3072
196.41291856280853,0.38449170124481324,146.3422546680498,34.50493557544847,0.05160788381742739,,66e454d2f4f0b0ee,5000,IMG20260826125653.jpg,,4080,222,OPPO,123.16272354771785,136.56709439834026,145.0513039419087,OPPO Reno12 F,1,True,a6360ec4af641ee1574d2ab873fdb806b15e8bb616500228cb89860dce061cb5,2815715,3072
223.01552435190698,0.3587655601659751,146.2290606846473,34.739383219218375,0.04590248962655602,,333266f2d4f0f0ce,5000,IMG20260826125657.jpg,,4080,223,OPPO,123.85855082987551,136.6030653526971,144.4946270746888,OPPO Reno12 F,1,True,b6fc0d020093766809278cbf964822a7e9bc4314e0df382322220a90eacec10f,3030367,3072
196.70674628938872,0.36737551867219914,144.90373651452282,34.20761812675181,0.05570539419087137,,3333a3d2e4e8f8ce,5000,IMG20260826125737.jpg,,4080,224,OPPO,120.77665975103734,135.0007458506224,143.90063226141078,OPPO Reno12 F,1,True,c0f8ec5528dd922e19c4892ef3ed87c460950b2ff0dcaeee14b536b4dade2e35,3121582,3072
321.0458687756406,0.37261410788381744,145.27828838174273,33.43131970961952,0.09818464730290456,,9999d17371e8fade,5000,IMG20260826125739.jpg,,4080,225,OPPO,121.79157572614108,135.38372925311202,144.07223858921162,OPPO Reno12 F,1,True,b35dc2e0bc15e7e5ca9bd31314361d49a6cdbda24b821006d8fc383131597fd1,3243918,3072
482.859765558922,0.39185684647302904,145.04122043568464,33.87844495726088,0.14564315352697096,,464e343131e9f2ce,5000,IMG20260826125741.jpg,,4080,226,OPPO,122.03754668049793,135.22748910788383,143.62085321576762,OPPO Reno12 F,1,True,8b58fc864c296f0ab0ae86d328260a6d85f239fb522e70b0fb68799cdcdd8852,3482261,3072
389.53039388286936,0.4072095435684648,144.95004668049793,34.590068258002276,0.2092842323651452,,e1139610b4e9f096,5000,IMG20260826125743.jpg,,4080,227,OPPO,120.79923132780083,135.10889574688795,143.94242012448132,OPPO Reno12 F,1,True,e96593d4eca24340ac734cf0c9ea9f6a2685b824d11eae210027c5209a567343,3287551,3072
300.0707422196585,0.39880705394190874,145.18696628630704,35.502273516379915,0.1342323651452282,,30c97194d4e8f086,5000,IMG20260826125746.jpg,,4080,228,OPPO,120.57701556016598,135.38185632780082,144.58691804979253,OPPO Reno12 F,1,True,a6823492edde30e2b0f764ac2d9c5e1b3fc02b9127099c012d0421888729d887,3039147,3072
262.05849479065336,0.375103734439834,143.10865300829875,36.788666733407354,0.1511410788381743,,9cf494d2f46870d2,5000,IMG20260826125749.jpg,,4080,229,OPPO,118.48696836099585,133.3677375518672,142.65207261410788,OPPO Reno12 F,1,True,842fa8dbbe6eb488c4c1bc8f54fb99d14407270d5cde3061bf89f00105ed793c,2958626,3072
325.46158245501726,0.37219917012448134,142.83879045643152,38.57703781455107,0.14891078838174274,,c8e1d2d2f4687090,5000,IMG20260826125845.jpg,,4080,230,OPPO,116.64676452282157,132.94352230290457,143.3661332987552,OPPO Reno12 F,1,True,27e568e54f9dddbd966f3add94f2a531da589a162e0dc4d1fa29863d5d046dbb,2982329,3072
320.56829168396695,0.3826244813278008,141.70080082987553,40.11783114928021,0.14175311203319502,,e07df5737170b0f4,5000,IMG20260826125849.jpg,,4080,231,OPPO,117.34963381742739,132.14773029045642,141.5633729253112,OPPO Reno12 F,1,True,ee24e5b5c86d8a0241b2feaffc8573ad58faaac7384209bdd3fdbc8b91959747,2908510,3072
340.0743624507776,0.39076763485477184,139.59482624481328,41.683766426535485,0.16078838174273857,,3c17b390b4acb0b0,5000,IMG20260826125852.jpg,,4080,232,OPPO,114.16770695020747,129.8868791493776,140.39352852697095,OPPO Reno12 F,1,True,535033d485f1529a4779efbdd229517bf2a8938b47ebbbca98c21e0a5a4b6fef,2994717,3072
356.4189511863938,0.39533195020746886,141.0831872406639,41.45071064999025,0.17821576763485475,,1f97d5d0d4d4f0f0,5000,IMG20260826125854.jpg,,4080,233,OPPO,114.95546887966805,131.33653630705393,142.08303890041495,OPPO Reno12 F,1,True,88e341c893de9d66dbd89aa1a8ca627523443826b5be67c35ce16b5c946cb331,2990495,3072
363.68977692259085,0.39066390041493776,140.26622406639004,39.6444531323811,0.14683609958506225,,873276f6d6f0f2f0,5000,IMG20260826125857.jpg,,4080,234,OPPO,113.02029097510373,130.2276887966805,141.722252593361,OPPO Reno12 F,1,True,46d5727be5a7e84263f0c7c6d061ba50dfb80dedca8299b5cfe02678a9128fff,3000082,3072
306.9509236208474,0.4285269709543568,140.72379719917012,38.218235609076785,0.23423236514522822,,c33532f25670f2f0,5000,IMG20260826125901.jpg,,4080,235,OPPO,112.904747406639,130.63641649377593,142.014755186722,OPPO Reno12 F,1,True,88674e54fbf301b0016b81a9d9b77d412b5f0d2262964b5e6a4cc783a42f0170,2936508,3072
277.2586790469344,0.3728734439834025,144.11022147302904,35.08768024627815,0.1511410788381743,,b83434b415b1f2d2,5001,IMG20260826125910.jpg,,4080,236,OPPO,116.58433143153528,134.08245435684648,144.75982676348548,OPPO Reno12 F,1,True,ea49b44cda62a972890026500a35035b1b64bebe68fad26a10aaf30101dcc943,2918679,3072
215.28967835758576,0.3877593360995851,144.9400648340249,34.37142907285526,0.2645746887966805,,4c92d05694b1f0f2,5000,IMG20260826125914.jpg,,4080,237,OPPO,117.20507157676349,134.85090300829876,145.63355964730292,OPPO Reno12 F,1,True,7d8509e14350e392b8f31b4909267a555dc5f39b95c77f4de5484b0acdc2d22a,2788486,3072
284.3477482323261,0.36607883817427384,144.72700985477178,33.55618121060112,0.3155082987551867,,9e733092d4727060,5000,IMG20260826125922.jpg,,4080,238,OPPO,120.50654149377593,135.01350570539418,143.62941182572615,OPPO Reno12 F,1,True,175c0427fbcb39463aa97e64e63725c514e53df40e3845de5d663f914314d958,2960604,3072
394.20662602773467,0.37059128630705396,144.2793246887967,33.25448065963886,0.20980290456431538,,4fb190d2c5723070,4816,IMG20260826125925.jpg,,4080,239,OPPO,120.77173910788382,134.5904346473029,143.02795124481327,OPPO Reno12 F,1,True,73cdc9410de48a5b56dbde836cb81e4708837e6734ce661b6c2edbf8a63b20bf,3214172,3072
364.25669761365566,0.34616182572614107,143.31376659751038,30.285136236623316,0.11447095435684648,,416072302530b0d4,5000,IMG20260826125930.jpg,,4080,240,OPPO,119.48379979253112,133.3521924273859,141.95096473029045,OPPO Reno12 F,1,True,7a4650490f5fe160a0ed3b68302abefd7e848ffd59553a706a00894eae767cad,3156977,3072
360.32819396631857,0.34979253112033193,143.3134289419087,29.77436246370274,0.04092323651452282,,31b0b390d4b0b0a4,4998,IMG20260826125936.jpg,,4080,241,OPPO,119.59796939834025,133.3655627593361,141.81551089211618,OPPO Reno12 F,1,True,031ab7666d9b2354cbe9d5011109d76399954f0757c242447705c8d3b39722c4,2960529,3072
341.73143407678475,0.379149377593361,145.15890715767634,29.01883349079855,0.048080912863070535,,58d8d0d4d4f0b0a5,5001,IMG20260826125940.jpg,,4080,242,OPPO,120.71158298755186,135.15307728215768,143.84549688796682,OPPO Reno12 F,1,True,5272c2e572f0baffc0b2de1469708a0faabec3c0399ec294e982f15cf861103b,2975529,3072
281.9197034198444,0.4215767634854772,142.00459802904564,30.26913874719816,0.0604253112033195,,26247676d4f0f0e1,5000,IMG20260826125942.jpg,,4080,243,OPPO,117.85048651452283,132.02327437759337,140.69883817427385,OPPO Reno12 F,1,True,bc0948f63e2a2ab24f7e4f4089cdb15a3a6a48d6b2c81977526e67586bded3ec,3082389,3072
378.064331821383,0.4408713692946058,141.33964211618257,32.092676677786606,0.1217323651452282,,931232b2d571f2f0,5000,IMG20260826125946.jpg,,4080,244,OPPO,117.74954616182572,131.40606846473028,140.0506192946058,OPPO Reno12 F,1,True,72372a88ad0c4daf43863b23a2265126c56b5a644c660373cced9aafb83e0596,3527763,3072
307.55979513970146,0.5192427385892117,137.8083708506224,35.24678047672586,0.09590248962655602,,450931d36573f3da,4892,IMG20260826130001.jpg,,4080,245,OPPO,116.24392531120331,128.24210425311205,135.97745020746888,OPPO Reno12 F,1,True,902512a73634cb342dfad9a60ea3608193d8f828794d6f3dad1a9c9f7a03ccf1,3015119,3072
222.42121262907725,0.44621369294605806,139.24720228215767,38.46357088496292,0.07681535269709543,,82c6903025b1f1fa,5000,IMG20260826130003.jpg,,4080,246,OPPO,115.72117479253112,129.61285165975104,138.49696161825727,OPPO Reno12 F,1,True,0f4df42529a911bd03719d7e26b346e464378832ce77e1a5a0840debfc6dd643,2939291,3072
101.11518046645955,0.3617219917012448,142.25029045643154,32.07521682152749,0.028734439834024895,,c14e1cd4d5d4d090,4691,IMG20260826130026.jpg,,4080,247,OPPO,118.15914367219916,132.1164859958506,141.47486099585063,OPPO Reno12 F,1,True,f2a0a6f867f62187ff898af4a3c0bf55c61c642182fbf1f45b734abd979cbda5,2795922,3072
102.44319294595049,0.2658713692946058,142.91297043568466,30.08223224962694,0.035995850622406636,,1092e37674d49018,4399,IMG20260826130028.jpg,,4080,248,OPPO,121.26150881742738,133.00546213692945,140.82432261410787,OPPO Reno12 F,1,True,cd363dad6f48497c22e877d98d5115ceb09cb4a35397c77b013dec0106d93229,2600308,3072
103.95528733253451,0.3872406639004149,143.09109439834026,27.881008098685616,0.02650414937759336,,31989898d0d0b090,4033,IMG20260826130031.jpg,,4080,249,OPPO,120.71310217842324,133.1396296680498,140.9835606846473,OPPO Reno12 F,1,True,a8097f7289921acd2ace7bda9c74d10b10df026c350aa813f71dd3fb7228d62e,3172683,3072
154.0813687335335,0.35892116182572614,144.07143516597512,28.434564562361192,0.05943983402489627,,6666e6d6d4b2f090,3880,IMG20260826130033.jpg,,4080,250,OPPO,121.46236670124482,134.11910217842325,141.92383454356846,OPPO Reno12 F,1,True,8fc3c43d27073a3ee6a5e607ea3f94aaac64e0acd9210e0d1834a01277eddb52,3445016,3072
124.39718248149029,0.441804979253112,143.79652230290458,31.11491298398661,0.028371369294605812,,8c783113d1e63090,3354,IMG20260826130036.jpg,,4080,251,OPPO,121.65126711618257,133.9771893153527,141.73447510373444,OPPO Reno12 F,1,True,c3814d02ebbd53db18cc649afb02fa3ff0076072059644ff503e5bbdd5662f86,3115891,3072
100.77375356846447,0.5318464730290456,142.25451607883818,34.15054858962374,0.08853734439834025,,f865cdccd0c8c820,2829,IMG20260826130043.jpg,,4080,252,OPPO,119.2891898340249,132.2423143153527,141.30720435684648,OPPO Reno12 F,1,True,bb4ad9c262854d28c9d12ecbcd92b419b1b4054855d2f50110a7dea90b6ddbac,3069279,3072
81.46861098508978,0.4389004149377593,142.6210663900415,35.962161874741845,0.09678423236514523,,fcfac26268c8a030,3189,IMG20260826130045.jpg,,4080,253,OPPO,119.18996109958506,132.6838163900415,142.0227359958506,OPPO Reno12 F,1,True,935f5493f104b7f3a7f44e8f185bd3477c3697829f1c8f037f6f750f63cd5d15,2965760,3072
86.11593360390555,0.504201244813278,143.28502178423236,38.561509093095275,0.07048755186721992,,7f7ce13114c4c030,2481,IMG20260826130047.jpg,,4080,254,OPPO,119.50764367219917,133.46462966804978,143.00295072614108,OPPO Reno12 F,1,True,cb41a51af67f036feb63380e824f79b599f55de75cd50587d875cecdc3cdef3a,2453763,3072
76.58148962293608,0.35446058091286303,143.16001711618256,37.59340199100061,0.09445020746887967,,8f4fccccc4e40210,1811,IMG20260826130051.jpg,,4080,255,OPPO,119.02832520746888,133.23147717842323,142.9268060165975,OPPO Reno12 F,1,True,9f0a28e5d15288a26bf04e4b064e88151e322eee187c6ef526219a9124d29a07,2626798,3072
109.97675194362077,0.3394709543568465,142.6636929460581,37.18050082155165,0.00850622406639004,,63c2627264241218,3348,IMG20260826130053.jpg,,4080,256,OPPO,117.39067116182572,132.57283298755186,142.94736981327802,OPPO Reno12 F,1,True,528577eef0ce57fac52c9db9c6691d161a1f22f3b6e3cc58fa939e666c61cc7e,2649406,3072
68.83951496506792,0.39310165975103734,141.46327593360996,35.09674221642257,0.02567427385892116,,0038312964481818,3878,IMG20260826130056.jpg,,4080,257,OPPO,117.91995124481328,131.40763537344398,140.95515612033196,OPPO Reno12 F,1,True,3163ff99f3bfbfd8f8e0a0dcf932557ed16bf43c76dfa0a9a636448a53d52db3,2511161,3072
105.112081386092,0.4251556016597511,140.8149341286307,34.15251732945329,0.020850622406639006,,021c1c0805211190,4302,IMG20260826130059.jpg,,4080,258,OPPO,118.45830809128631,130.82877852697095,139.69146058091286,OPPO Reno12 F,1,True,8133cf05d8cecdbe8ea7881191de53f197b2659859f2dc66ad8b10bd9a699ce6,2755877,3072
98.85251659096348,0.3836099585062241,143.70040612033196,31.799806740862877,0.1341804979253112,,6670313114d4b8e3,3640,IMG20260826130113.jpg,,4080,259,OPPO,120.03157209543568,133.6108117219917,142.32047769709544,OPPO Reno12 F,1,True,90ef71774e3d8e4a4ccb21a97b01aacc8c2073e102e601b00fde791c36d71409,2967527,3072
148.85107240672403,0.3394190871369295,145.5696908713693,30.798038919284036,0.1399896265560166,,3338181594d4b8a3,3268,IMG20260826130116.jpg,,4080,260,OPPO,122.811880186722,135.61631068464732,143.65386099585064,OPPO Reno12 F,1,True,e6d7162b91a94acc8b67932715d54d2444a904e1f6a148b432c029e2f7c9228b,3499183,3072
89.5942166463043,0.3634336099585062,147.48783973029046,29.82249221580694,0.02567427385892116,,99999c9494d4b8ea,3224,IMG20260826130118.jpg,,4080,261,OPPO,124.68107417012448,137.55696887966806,145.58391130705394,OPPO Reno12 F,1,True,305d39895ebaa6411b435499a92f2d052a686fd01ddad7dc0bbb77c37f837f55,2973416,3072
97.2547004483714,0.39818464730290454,148.1634336099585,30.01876586367197,0.012344398340248964,,cccc8e9494d4b8e2,3077,IMG20260826130121.jpg,,4080,262,OPPO,125.59340508298756,138.25753682572613,146.15310321576763,OPPO Reno12 F,1,True,2c6b2b4b8b055b5b0af2e1f6451d8ccd2b1b0860242b97d6c4fc8c622a222ca6,3174441,3072
93.06735834777051,0.4053423236514523,146.34664678423238,30.711094444888023,0.01996887966804979,,63e6c6d6d4a4ba30,3169,IMG20260826130125.jpg,,4080,263,OPPO,124.36445280082988,136.4365082987552,144.33954616182572,OPPO Reno12 F,1,True,66c2e6c7f90b2777e868d1ff210b2c9c510f765177747162e90ef65e38ac941e,2921323,3072
115.64408020662282,0.4147821576763485,146.35586047717842,31.390679443994795,0.010840248962655601,,99f16353d4c4f8b0,4024,IMG20260826130128.jpg,,4080,264,OPPO,123.9282505186722,136.44416960580912,144.50539834024897,OPPO Reno12 F,1,True,567318aa03f67291eae41c8afdf185617914584eb3f5cb94212d9e617cf9529a,3179982,3072
94.08516958575927,0.4072095435684648,144.88528890041493,31.60918586900636,0.0487551867219917,,ec383191d1d4f8b8,3634,IMG20260826130131.jpg,,4080,265,OPPO,121.82444242738589,134.88583246887967,143.27750985477178,OPPO Reno12 F,1,True,b827e61b41cf85d07831f5dfeea7ce023679c99237a298a71aace2cb194946a9,2876280,3072
126.1345330889232,0.37525933609958506,145.33611773858922,31.77126003452111,0.04071576763485477,,779c18d1d1d4b8b0,3666,IMG20260826130134.jpg,,4080,266,OPPO,123.39473288381743,135.46995902489627,143.3495554979253,OPPO Reno12 F,1,True,733688f93e05062f4dcd6b3e2a7e2adddc64abaf147106260561a346a6c8f042,3078044,3072
523.7472406282561,0.7818464730290458,125.29706846473029,43.08251559165105,0.00015560165975103736,,f0d2939973f8d0b8,5000,IMG20260826130313.jpg,,4080,267,OPPO,79.90378526970954,114.1940570539419,134.42915871369294,OPPO Reno12 F,1,True,df2b02834475dee6e5cdb172aaafe6121b982aadd806bd700fb8c5b1f902b38d,3847527,3072
446.97602178350485,0.5393672199170124,129.19146991701245,39.87800189739915,0.0,,3032b4b2b0f170b0,5000,IMG20260826130322.jpg,,4080,268,OPPO,81.73082624481327,117.04465248962656,139.31983558091287,OPPO Reno12 F,1,True,34d15a5551f434b4b8eff29c08c4822bca1629fb94ff2b1c70bc1eb638fad5a0,3764449,3072
469.798406040426,0.5924792531120332,124.28421161825726,40.36186085812102,0.0,,f272b4b636f1d4f0,5000,IMG20260826130325.jpg,,4080,269,OPPO,75.42911566390042,111.34347717842324,136.42102437759337,OPPO Reno12 F,1,True,590538ffa5de2b4ecd7c7977298a99df42139a7b676951a5f0195d95e6968acb,3638859,3072
365.1237131180892,0.6936203319502074,123.44273651452282,41.43092877139054,0.0,,b0b1b2b2b271d070,5000,IMG20260826130328.jpg,,4080,270,OPPO,73.54140404564315,110.42456794605809,136.34347562240663,OPPO Reno12 F,1,True,2ff2c91061fce321555093fbcc41b678dbccd975df5cd8540fff27b102e2334a,3711880,3072
292.5107261353444,0.7153526970954357,124.40090923236515,40.91895703861052,0.0,,32f2b6b6b671d4f0,5000,IMG20260826130330.jpg,,4080,271,OPPO,77.92516026970954,112.49014626556017,134.47030238589213,OPPO Reno12 F,1,True,9ab3df034b051efd93c1e969c323e50fb631d20d93f51f4a25d79ebf740a45d7,3431028,3072
335.8629361772995,0.5424792531120332,135.94640145228215,38.107789001592224,0.00720954356846473,,7091f3b4d4c0e160,5001,IMG20260826130334.jpg,,4080,272,OPPO,90.73742479253112,123.65630290456431,145.3561192946058,OPPO Reno12 F,1,True,f5cc1c3450ab3fac74e17bac8c6ee7ebbf510c12b5a6648d3e42bacf550558f8,3605166,3072
380.9696504105301,0.5086099585062241,141.39800881742738,38.50766172723413,0.009543568464730291,,fad89094d6e0e060,5001,IMG20260826130336.jpg,,4080,273,OPPO,100.76865975103735,130.02021213692947,148.13864211618258,OPPO Reno12 F,1,True,ca2f88e65a835e987f61ff226ade08b5cceddf17b7de1f453637edf1d55b182b,3684968,3072
216.52955430066388,0.5393672199170124,139.7788112033195,43.808953200179026,0.00020746887966804981,,7bd0d186d6e4c060,5000,IMG20260826130338.jpg,,4080,274,OPPO,100.29942375518672,129.34679927385892,145.80654201244812,OPPO Reno12 F,1,True,1e8bfd6b5eeeb65701edef4468d1977819a2cb48a397a9c2361e1aa8b68b1b8d,2834990,3072
366.26953817718356,0.5421161825726141,141.6204367219917,41.827909779114854,0.0017116182572614108,,193958c2d6d4c060,5000,IMG20260826130340.jpg,,4080,275,OPPO,102.39927800829875,131.04866390041494,147.46923651452283,OPPO Reno12 F,1,True,695d3fcecc25563cc7aae122a6992ab852f449024d8194481ecf7da725ee370c,3341106,3072
514.8111061577729,0.6077800829875518,138.20976244813278,41.96346637360643,0.007468879668049793,,8cc8d8cadad640a0,5000,IMG20260826130342.jpg,,4080,276,OPPO,96.51965508298755,127.4179989626556,144.73028371369296,OPPO Reno12 F,1,True,55cc9d0c0f4e4f214c6166d8a7f7491ffa2a9fb92338b45dea1051a5585f2e5e,4329939,3072
201.75133505755323,0.5482365145228216,138.53133869294606,40.993059062849994,0.0,,f3b1fb9e9ef6bcd8,5000,IMG20260826130353.jpg,,4080,277,OPPO,89.39148029045643,126.3697494813278,148.69016960580913,OPPO Reno12 F,1,True,0f8659d6fa5b06ec520a5832ea6cbaaa511b9cf578ea066b49327aafbbea8290,2918667,3072
184.95018200716217,0.5662863070539419,140.53439056016597,40.472892929745576,0.0,,e67230329cd8ecd9,5000,IMG20260826130357.jpg,,4080,278,OPPO,94.42754304979253,128.8277541493776,149.1989387966805,OPPO Reno12 F,1,True,02fd1b3290b1fbd129f307596fc1e61916daba1c93f2f4328c992a65c0a21e38,2825425,3072
169.07706323709024,0.520539419087137,139.07946421161824,39.48742540095414,0.00010373443983402491,,f0f0b292dcc8fcf9,5000,IMG20260826130358.jpg,,4080,279,OPPO,92.4319372406639,126.5286260373444,149.19304149377592,OPPO Reno12 F,1,True,c5ec69444d05a1a1a33167e44e17d8921697a99fb0880011c746375030440d90,2711568,3072
139.67368982431324,0.5512966804979252,141.25676970954356,41.930672910496554,0.0,,e1f1f0d298d8fcf8,5000,IMG20260826130402.jpg,,4080,280,OPPO,91.90133454356847,128.53146473029045,152.6448760373444,OPPO Reno12 F,1,True,62b35f505527b235b53b70b9aa8a3884f91ce9a64b77fb0319392986e09add92,2641712,3072
194.98464730062759,0.5306016597510373,142.42130549792532,40.06126857387266,0.0,,e47070f298dcfcd8,5000,IMG20260826130404.jpg,,4080,281,OPPO,94.96776296680498,129.32463952282157,154.00336462655602,OPPO Reno12 F,1,True,b2d392bf028ed356483a67f4faa1760f6a948787555366cf3873be0eaedb585b,2862624,3072
295.37574913598877,0.49725103734439835,141.5671913900415,40.27558539469748,0.0005705394190871369,,e7e6e4f2b898f0f8,5000,IMG20260826130407.jpg,,4080,282,OPPO,89.90781846473028,128.13486358921162,154.5861286307054,OPPO Reno12 F,1,True,f459e59df34e4d5ae33c6b6b3c1bdb8db3c8d6491fc16ef74f4c7714a25ef0bd,3231624,3072
185.96737541006067,0.520746887966805,139.5440653526971,39.68097802160269,0.0,,a071b0f29ad8f0f8,5000,IMG20260826130411.jpg,,4080,283,OPPO,90.92952956431536,126.96117634854772,150.39865041493775,OPPO Reno12 F,1,True,e3e438b66e990c31c7a1ff79d955a8d2eb7bbe8af08a14824668c99d85c9197a,3154516,3072
275.55221812981847,0.616338174273859,131.7665679460581,41.41170903077578,0.0,,f2b2f2f29a58f8b8,5000,IMG20260826130414.jpg,,4080,284,OPPO,84.3294299792531,119.46615093360995,142.72046109958507,OPPO Reno12 F,1,True,90c4a5a7effade61cef289bbff6838bbf3ee92db48458d643181a122c4d062f3,3398338,3072
334.28933446483114,0.6173755186721992,126.49967531120332,41.92167519976186,0.0,,f0f171b29ad870f8,5000,IMG20260826130417.jpg,,4080,285,OPPO,83.20504668049793,114.71548443983403,135.84241493775934,OPPO Reno12 F,1,True,a1e28415121e39b0254dc4f984929bc3acb6b7a0139f67a5746778159567a1bd,3680020,3072
347.15106213858235,0.6751037344398341,129.85560321576764,42.040324604193586,0.0,,f1b1b0b29ad8f0f0,5000,IMG20260826130420.jpg,,4080,286,OPPO,86.64860165975104,118.56191856846473,138.45873392116184,OPPO Reno12 F,1,True,e104c87aca0d5538d66f96c82180dcdbd5e32883c7738fe6dfd56f22dfa06ff6,3415183,3072
358.3922679163256,0.6392116182572614,131.76248703319501,40.6640734460974,0.0,,7072f29292d8f1f0,5000,IMG20260826130423.jpg,,4080,287,OPPO,90.25633143153527,120.65552334024896,139.1510736514523,OPPO Reno12 F,1,True,06e47f0f49c8a0645f853f231036428b69915df12eeadc7927df280d7b99e6e5,3581663,3072
295.11663901124047,0.5727178423236514,140.08032780082988,39.529090786391365,0.0,,39bbf3d292f8f1f0,5001,IMG20260826130427.jpg,,4080,288,OPPO,96.99314056016597,128.44436307053942,147.9444346473029,OPPO Reno12 F,1,True,6fc819972d099f9df624e41254ab97a63a2b9b603c810edcb3406723f794b47c,3271509,3072
38.25417165676787,1.1075207468879669,145.81046369294606,56.41720290352215,0.0,,8cc2e061b0687059,2096,IMG20260826130727.jpg,,4080,289,OPPO,131.41779771784232,139.16064834024897,141.91040819502075,OPPO Reno12 F,1,True,076d137405ac05e6df91fa111297290e5e6c128514515b247cf15170efbd0401,2374205,3072
54.09125155601417,1.1354771784232365,147.46226970954356,51.02149422650889,0.0,,8cf2d0a1b060302a,3968,IMG20260826130731.jpg,,4080,290,OPPO,139.3852354771784,141.68558195020748,136.67404201244813,OPPO Reno12 F,1,True,9b54cf0bba991cf64f8b989608257e85a001410b9f47c9082c6cff01fd7ff7f4,2335409,3072
95.11439884671597,1.0352178423236515,146.23653682572615,50.28829245363865,0.0,,0ed4d0f0d0e0b12a,4176,IMG20260826130734.jpg,,4080,291,OPPO,135.94099170124483,139.84211307053943,137.91195435684648,OPPO Reno12 F,1,True,c320f6726a70365959da6e707aa2bf4be2e55bdd3d728716b21d23065f558538,2543882,3072
84.22795902481852,1.1284751037344398,141.0953179460581,52.91318668119384,0.0,,0ce4e8f1d0f0f090,4297,IMG20260826130737.jpg,,4080,292,OPPO,130.34209180497925,134.93053526970954,133.09823029045643,OPPO Reno12 F,1,True,716074f2f9e581cbd4af9430e4c21366037f630a96c56384e89dded8f14abf36,2451343,3072
74.96677171260396,1.0717323651452282,144.9444994813278,48.46240693546632,0.0,,0e34f07270f8f0c1,4223,IMG20260826130739.jpg,,4080,293,OPPO,133.42508817427387,137.89796265560165,138.8304429460581,OPPO Reno12 F,1,True,1277dc33839427928a02a91c4dbd244e8485949ee616444eff0d3ec2312f55f4,2579160,3072
28.39594967419181,1.5641597510373444,139.1758153526971,51.469730779091215,0.0,,431320d0686070d0,878,IMG20260826130748.jpg,,4080,294,OPPO,127.71042116182572,131.56427748962656,135.59885321576763,OPPO Reno12 F,1,True,5714ba4ed686cd3ebf0c0fa76659a3a7e5e5c2c0800bbdb62cf43dfbd9d02e70,2398172,3072
84.55569954817169,0.9406639004149379,147.28796836099585,49.69308901133663,0.0,,8783e9d0f07c7878,884,IMG20260826130750.jpg,,4080,295,OPPO,134.39168412863071,139.21989367219916,145.01201556016596,OPPO Reno12 F,1,True,15b7f347e36f38d6cd2e3a37a7f145a7c252896f7f3859827c7984c979c89b12,3762750,3072
105.85395019468393,0.8094398340248962,148.1740663900415,54.795511840882604,0.0,,e2cac8d0f9fc78f2,4307,IMG20260826130757.jpg,,4080,296,OPPO,134.38517323651453,141.04183817427386,145.00711514522823,OPPO Reno12 F,1,True,b76b9ab3d23dc4b34c500cc7c58fae81404110e77e264204fbd4554aee711c3d,2458272,3072
76.37333876809542,0.6932053941908713,149.46522665975104,56.66431454530706,0.0,,f1e5d5f0f8fcf0f2,4033,IMG20260826130804.jpg,,4080,297,OPPO,135.79296576763485,142.51509958506225,146.4990067427386,OPPO Reno12 F,1,True,26af2350b9e44ea8b3f084ca26e9671fc514f5dcdfb58c494ef811f0e6a61c99,2261902,3072
