index,filename,readable,width,height,brightness,contrast,blur_score,dark_percent,bright_percent,feature_count,error,decision,reasons,selected
1,IMG20260826122949.jpg,True,3072,4080,130.24657368173257,49.59417621706435,656.6492546885349,0.020480225988700567,0.294138418079096,2051,,ACCEPT,,True
2,IMG20260826122953.jpg,True,3072,4080,129.80637123352165,49.604983044871204,679.4977896788572,0.006709039548022599,0.2879001883239171,2004,,ACCEPT,,True
3,IMG20260826122956.jpg,True,3072,4080,128.55295668549905,49.219372728674124,766.9855007451773,0.009887005649717513,0.27648305084745767,2245,,ACCEPT,,True
4,IMG20260826123000.jpg,True,3072,4080,127.41710922787193,47.1628233608685,831.9422764177147,0.045315442561205274,0.2538841807909605,2172,,ACCEPT,,True
5,IMG20260826123004.jpg,True,3072,4080,130.50639712806026,45.57429595225576,823.8018169395768,0.0568502824858757,0.27083333333333337,2249,,ACCEPT,,True
6,IMG20260826123008.jpg,True,3072,4080,133.57196209981169,44.70402843240409,816.2270292531093,0.051318267419962336,0.22751883239171375,2310,,ACCEPT,,True
7,IMG20260826123012.jpg,True,3072,4080,134.01457980225987,44.89843167792684,738.2736404861828,0.042490583804143126,0.2483521657250471,2404,,ACCEPT,,True
8,IMG20260826123017.jpg,True,3072,4080,130.91184675141244,45.90254590210419,785.0998982536094,0.03166195856873823,0.23705273069679847,2334,,ACCEPT,,True
9,IMG20260826123020.jpg,True,3072,4080,130.12444797551788,46.262798592956145,743.565427765808,0.02919020715630885,0.22116290018832394,2371,,ACCEPT,,True
10,IMG20260826123023.jpg,True,3072,4080,130.1262888418079,45.78553078366153,770.0101264202707,0.05320150659133709,0.19550376647834278,2356,,ACCEPT,,True
11,IMG20260826123027.jpg,True,3072,4080,131.30470574387948,44.74605312985343,805.2946227228178,0.13206214689265539,0.2683615819209039,2273,,WARN,dark clipping outlier,True
12,IMG20260826123038.jpg,True,3072,4080,130.99302495291903,43.01125247847123,774.3644298763337,0.12476459510357815,0.2517655367231639,2274,,WARN,dark clipping outlier,True
13,IMG20260826123042.jpg,True,3072,4080,130.39657368173258,42.60614218585048,811.3814380841677,0.09580979284369115,0.21398305084745764,2324,,ACCEPT,,True
14,IMG20260826123046.jpg,True,3072,4080,130.87084745762712,42.52022871237437,801.0417486423434,0.1254708097928437,0.22951977401129944,2414,,WARN,dark clipping outlier,True
15,IMG20260826123052.jpg,True,3072,4080,131.48086982109228,42.237553313737216,803.032237521644,0.12782485875706215,0.20998116760828625,2497,,WARN,dark clipping outlier,True
16,IMG20260826123056.jpg,True,3072,4080,133.56623940677966,42.605990222392805,833.8268183618466,0.0955743879472693,0.239289077212806,2398,,ACCEPT,,True
17,IMG20260826123101.jpg,True,3072,4080,132.8893361581921,42.20128022321521,811.5168714296245,0.10475517890772128,0.17596516007532959,2338,,WARN,dark clipping outlier,True
18,IMG20260826123106.jpg,True,3072,4080,132.4804201977401,41.61651634886712,818.6569134852871,0.0687382297551789,0.23528719397363462,2268,,ACCEPT,,True
19,IMG20260826123111.jpg,True,3072,4080,132.43152777777777,41.23027204301743,789.564700911982,0.0712099811676083,0.19774011299435026,2262,,ACCEPT,,True
20,IMG20260826123115.jpg,True,3072,4080,132.79161016949152,40.569962631664595,782.1686473942747,0.09204331450094162,0.24340866290018834,2096,,ACCEPT,,True
21,IMG20260826123119.jpg,True,3072,4080,134.26800847457628,38.79565566384818,769.0093795792222,0.08097928436911488,0.2504708097928437,2154,,ACCEPT,,True
22,IMG20260826123123.jpg,True,3072,4080,131.96024129001884,39.113316020274404,731.606712968366,0.0934557438794727,0.2013888888888889,2247,,ACCEPT,,True
23,IMG20260826123157.jpg,True,3072,4080,133.17543903013183,39.77565865901857,683.4070974575773,0.11487758945386065,0.2102165725047081,1989,,WARN,dark clipping outlier,True
24,IMG20260826123204.jpg,True,3072,4080,132.5064465630885,39.81528730249765,704.8908342920084,0.1342984934086629,0.21457156308851222,2032,,WARN,dark clipping outlier,True
25,IMG20260826123209.jpg,True,3072,4080,132.849143126177,40.949851441365574,678.9602032287031,0.07427024482109229,0.2724811676082863,2076,,ACCEPT,,True
26,IMG20260826123213.jpg,True,3072,4080,130.6284604519774,40.696910118634065,726.8368384994735,0.07144538606403013,0.2675376647834275,2123,,ACCEPT,,True
27,IMG20260826123217.jpg,True,3072,4080,132.56023893596986,40.600515815113326,632.5617910896129,0.02483521657250471,0.2882532956685499,2337,,ACCEPT,,True
28,IMG20260826123223.jpg,True,3072,4080,132.51105814500943,41.24577936104161,742.408016634613,0.03837099811676083,0.2688323917137476,2335,,ACCEPT,,True
29,IMG20260826123228.jpg,True,3072,4080,133.5761393596987,41.68214727529806,704.6301945603957,0.07615348399246705,0.2725988700564972,2193,,ACCEPT,,True
30,IMG20260826123233.jpg,True,3072,4080,133.3916054613936,42.50007211318451,717.5049228917616,0.06367702448210923,0.2201035781544256,2422,,ACCEPT,,True
31,IMG20260826123237.jpg,True,3072,4080,131.46022481167608,43.35200719266728,619.6936880029286,0.02895480225988701,0.2750706214689265,2569,,ACCEPT,,True
32,IMG20260826123246.jpg,True,3072,4080,132.3672763653484,43.54832545544694,685.8973168687211,0.024599811676082863,0.23893596986817325,2166,,ACCEPT,,True
33,IMG20260826123250.jpg,True,3072,4080,132.5527177495292,44.39282626246702,630.3955396497156,0.05649717514124294,0.24258474576271186,2280,,ACCEPT,,True
34,IMG20260826123308.jpg,True,3072,4080,128.81354402071563,43.524695405130736,648.6278735716054,0.10875706214689267,0.3619350282485876,1650,,WARN,dark clipping outlier,True
35,IMG20260826123316.jpg,True,3072,4080,127.99831450094162,45.58604908799268,714.6137795069563,0.09404425612052732,0.18196798493408664,2028,,ACCEPT,,True
36,IMG20260826123320.jpg,True,3072,4080,126.6157968455744,46.79565750611415,715.1246585633962,0.0681497175141243,0.20645009416195856,2024,,ACCEPT,,True
37,IMG20260826123324.jpg,True,3072,4080,126.49179260828625,47.59425298891462,692.2639203612143,0.08698210922787195,0.20327212806026365,2003,,ACCEPT,,True
38,IMG20260826123329.jpg,True,3072,4080,125.35425376647834,48.39135450377075,684.0054197586155,0.10381355932203389,0.19573917137476457,1928,,WARN,dark clipping outlier,True
39,IMG20260826123333.jpg,True,3072,4080,125.1811711393597,48.25616480667286,688.8361766945605,0.07827212806026365,0.20221280602636538,2017,,ACCEPT,,True
40,IMG20260826123344.jpg,True,3072,4080,125.66417725988701,46.82504193718008,714.8713365534373,0.07427024482109229,0.19126647834274954,1960,,ACCEPT,,True
41,IMG20260826123349.jpg,True,3072,4080,126.54954213747646,45.982034774856636,712.9965266506217,0.1523069679849341,0.19609227871939736,1870,,WARN,dark clipping outlier,True
42,IMG20260826123353.jpg,True,3072,4080,126.59972222222223,46.405825057461335,683.0234903533644,0.07721280602636535,0.2763653483992467,1860,,ACCEPT,,True
43,IMG20260826123357.jpg,True,3072,4080,127.91913724105461,47.022619842924335,604.2680969133144,0.02742467043314501,0.3585216572504708,1871,,ACCEPT,,True
44,IMG20260826123403.jpg,True,3072,4080,126.82504237288136,46.8226742298227,546.1086834852479,0.019656308851224106,0.4504472693032015,1906,,ACCEPT,,True
45,IMG20260826123408.jpg,True,3072,4080,127.49545550847458,46.12418845781303,582.6186678651023,0.009887005649717513,0.4585687382297552,1917,,ACCEPT,,True
46,IMG20260826123414.jpg,True,3072,4080,128.52980932203388,44.053114329408665,572.9886224023668,0.005649717514124294,0.4363229755178908,1948,,ACCEPT,,True
47,IMG20260826123417.jpg,True,3072,4080,130.3339265536723,43.38870489487,582.2198101210749,0.09875235404896421,0.396304143126177,1968,,ACCEPT,,True
48,IMG20260826123422.jpg,True,3072,4080,130.2138888888889,42.819764416762645,569.7901796697062,0.05308380414312618,0.3870056497175141,2000,,ACCEPT,,True
49,IMG20260826123427.jpg,True,3072,4080,134.28112170433144,43.53815338204876,538.607905314914,0.0,0.5371939736346516,2106,,ACCEPT,,True
50,IMG20260826123434.jpg,True,3072,4080,126.15479755178907,46.23405438010268,572.3550139833112,0.00023540489642184556,0.5111817325800376,2154,,ACCEPT,,True
51,IMG20260826123437.jpg,True,3072,4080,127.75394774011299,46.787315210367176,521.1274679284644,0.0,0.541078154425612,1967,,ACCEPT,,True
52,IMG20260826123441.jpg,True,3072,4080,129.5886452448211,44.49691296583952,518.0922688479967,0.019656308851224106,0.5383709981167608,1851,,ACCEPT,,True
53,IMG20260826123446.jpg,True,3072,4080,130.7392572975518,41.95187898072463,471.78550180612154,0.0,0.5134180790960452,1809,,ACCEPT,,True
54,IMG20260826123450.jpg,True,3072,4080,129.59353460451976,41.14174408393914,441.99172769239357,0.00023540489642184556,0.519774011299435,1773,,ACCEPT,,True
55,IMG20260826123454.jpg,True,3072,4080,134.79232580037666,41.52525795200414,401.70336314994444,0.00035310734463276836,0.5507297551789078,1726,,ACCEPT,,True
56,IMG20260826123708.jpg,True,3072,4080,130.68425141242938,42.64890891724348,629.3608085095199,0.022598870056497175,0.5806261770244822,1762,,ACCEPT,,True
57,IMG20260826123712.jpg,True,3072,4080,124.34918079096045,46.19999998254629,619.3935932751989,0.01306497175141243,0.2974340866290019,1843,,ACCEPT,,True
58,IMG20260826123719.jpg,True,3072,4080,123.6332956685499,46.9252615850562,630.2960776307494,0.008356873822975518,0.3021421845574388,1888,,ACCEPT,,True
59,IMG20260826123725.jpg,True,3072,4080,121.3769079566855,47.917753477692095,686.5182330049137,0.015419020715630886,0.317090395480226,1902,,ACCEPT,,True
60,IMG20260826123730.jpg,True,3072,4080,126.7223352165725,47.590678113708975,716.6147278726255,0.08392184557438795,0.3544020715630885,2064,,ACCEPT,,True
61,IMG20260826123733.jpg,True,3072,4080,125.99074152542373,47.374706608476394,610.2397625211465,0.1347693032015066,0.4045433145009416,2094,,WARN,dark clipping outlier,True
62,IMG20260826123740.jpg,True,3072,4080,112.19963865348399,47.455285744732905,716.9062828714787,0.07356403013182675,0.8339218455743879,2122,,WARN,low brightness,True
63,IMG20260826123746.jpg,True,3072,4080,113.12697740112995,48.770103726686195,674.775015814931,0.15842749529190206,0.8015536723163842,2210,,WARN,low brightness; dark clipping outlier,True
64,IMG20260826123749.jpg,True,3072,4080,115.29569562146892,49.16146261191543,557.3947131933459,0.23069679849340866,0.7463512241054614,2348,,WARN,low brightness; dark clipping outlier,True
65,IMG20260826123753.jpg,True,3072,4080,128.84885828625235,48.15380529191821,675.9057387381976,0.049199623352165725,0.3903013182674199,2098,,ACCEPT,,True
66,IMG20260826123759.jpg,True,3072,4080,122.55856638418079,47.55813893956364,599.0669503601506,0.00882768361581921,0.9302024482109228,2087,,WARN,bright clipping outlier,True
67,IMG20260826123804.jpg,True,3072,4080,122.29771774952918,47.931044145815285,727.3788140862886,0.014241996233521658,0.9491525423728813,2145,,WARN,bright clipping outlier,True
68,IMG20260826123807.jpg,True,3072,4080,120.69942443502825,48.910778615092994,673.958750492354,0.012829566854990584,1.0042372881355932,2284,,WARN,low brightness; bright clipping outlier,True
69,IMG20260826123810.jpg,True,3072,4080,122.72653837099811,48.8797840343049,714.3847692818998,0.011181732580037664,0.9470338983050848,2084,,WARN,bright clipping outlier,True
70,IMG20260826123813.jpg,True,3072,4080,131.1599011299435,48.45790136983991,665.2097937681194,0.017890772128060263,0.54719868173258,2246,,ACCEPT,,True
71,IMG20260826123816.jpg,True,3072,4080,131.4896916195857,46.72923854080637,762.4962630864675,0.009416195856873822,0.294256120527307,2133,,ACCEPT,,True
72,IMG20260826123820.jpg,True,3072,4080,130.54876647834274,48.816451878401764,623.670723536066,0.004354990583804143,0.2979048964218456,2173,,ACCEPT,,True
73,IMG20260826123824.jpg,True,3072,4080,129.4742690677966,49.43022305142349,691.7783662088226,0.05908662900188324,0.2960216572504708,2006,,ACCEPT,,True
74,IMG20260826124015.jpg,True,3072,4080,129.05638535781543,43.98465860804839,384.3068572436381,0.01730225988700565,1.370409604519774,1873,,WARN,bright clipping outlier,True
75,IMG20260826124018.jpg,True,3072,4080,125.37335687382297,45.847821435167276,385.5778505338449,0.003295668549905838,1.4369114877589453,1902,,WARN,bright clipping outlier,True
76,IMG20260826124024.jpg,True,3072,4080,124.8562829566855,46.344902401997054,406.71843194003344,0.007297551789077213,1.064030131826742,1954,,WARN,bright clipping outlier,True
77,IMG20260826124029.jpg,True,3072,4080,133.66778483992468,45.62576684946281,423.8218595739969,0.03531073446327684,0.5262476459510358,2118,,ACCEPT,,True
78,IMG20260826124032.jpg,True,3072,4080,135.11750117702448,45.85420396640224,411.53946442057673,0.029425612052730695,0.5933380414312618,2166,,ACCEPT,,True
79,IMG20260826124035.jpg,True,3072,4080,132.82092278719398,46.019275142569576,462.67599732870303,0.015065913370998116,0.634063088512241,2183,,ACCEPT,,True
80,IMG20260826124041.jpg,True,3072,4080,135.8312111581921,47.8754980376326,444.09494575587917,0.0011770244821092278,0.7151600753295668,2218,,ACCEPT,,True
81,IMG20260826124044.jpg,True,3072,4080,125.93179496233522,48.83861115598336,498.40726935056927,0.008356873822975518,0.8758239171374764,2245,,WARN,bright clipping outlier,True
82,IMG20260826124048.jpg,True,3072,4080,123.73308498116761,49.29889540403741,522.2620927457831,0.014006591337099812,1.2461158192090396,2273,,WARN,bright clipping outlier,True
83,IMG20260826124051.jpg,True,3072,4080,125.43729402071563,49.3707793654722,524.242964913198,0.007062146892655367,1.384416195856874,2432,,WARN,bright clipping outlier,True
84,IMG20260826124054.jpg,True,3072,4080,127.82239171374765,48.70087652031081,500.133557835104,0.006355932203389831,1.4515065913370997,2460,,WARN,bright clipping outlier,True
85,IMG20260826124101.jpg,True,3072,4080,134.42049199623352,45.58762778439355,568.0208438990107,0.023540489642184557,0.7403483992467044,2631,,ACCEPT,,True
86,IMG20260826124104.jpg,True,3072,4080,138.1728213276836,44.66394048695878,549.9234968272083,0.011299435028248588,0.5741525423728813,2594,,ACCEPT,,True
87,IMG20260826124110.jpg,True,3072,4080,135.41514006591336,45.17487804854809,591.420182356989,0.007768361581920904,0.6045197740112995,2546,,ACCEPT,,True
88,IMG20260826124113.jpg,True,3072,4080,136.21081803201506,46.45410044018213,620.5508673081063,0.001059322033898305,0.6537193973634652,2739,,ACCEPT,,True
89,IMG20260826124116.jpg,True,3072,4080,135.96441972693032,46.90306183819414,648.4437054183012,0.003766478342749529,0.7387005649717514,2757,,ACCEPT,,True
90,IMG20260826124123.jpg,True,3072,4080,138.53885593220338,47.64703821902425,567.2275541308849,0.012476459510357816,0.5860404896421845,2852,,ACCEPT,,True
91,IMG20260826124128.jpg,True,3072,4080,136.4459733992467,46.46905902291126,573.5397186306337,0.0031779661016949155,0.682909604519774,2651,,ACCEPT,,True
92,IMG20260826124132.jpg,True,3072,4080,136.85818032015067,45.272922788765705,538.5062841263273,0.003884180790960452,0.6619585687382298,2657,,ACCEPT,,True
93,IMG20260826124140.jpg,True,3072,4080,138.25515536723165,46.23265414303586,524.6012734746506,0.005414312617702448,0.6594868173258004,2626,,ACCEPT,,True
94,IMG20260826124143.jpg,True,3072,4080,137.33373352165725,46.366743497243355,530.5026865812102,0.006826741996233522,0.6915018832391714,2489,,ACCEPT,,True
95,IMG20260826124146.jpg,True,3072,4080,139.40856167608285,45.59010204089077,503.30090394358064,0.024364406779661018,0.6468926553672316,2580,,WARN,high brightness,True
96,IMG20260826124148.jpg,True,3072,4080,138.90149011299434,44.03519098779239,577.5380776372316,0.03589924670433145,0.542725988700565,2502,,ACCEPT,,True
97,IMG20260826124151.jpg,True,3072,4080,141.73147010357815,42.441860778666914,461.32700167639405,0.054613935969868174,0.734934086629002,2425,,WARN,high brightness,True
98,IMG20260826124156.jpg,True,3072,4080,140.46245880414313,42.206424260421585,330.322427875629,0.05355461393596987,0.6654896421845574,2733,,WARN,high brightness,True
99,IMG20260826124159.jpg,True,3072,4080,140.95339806967985,42.88783530335538,500.7355975167429,0.023540489642184557,0.6699623352165726,2609,,WARN,high brightness,True
100,IMG20260826124201.jpg,True,3072,4080,141.7927966101695,43.03013954781894,508.18288370997556,0.03966572504708098,0.713512241054614,2461,,WARN,high brightness,True
101,IMG20260826124204.jpg,True,3072,4080,140.10157015065914,42.13426720119513,485.0481789420221,0.025423728813559324,0.518361581920904,2586,,WARN,high brightness,True
102,IMG20260826124210.jpg,True,3072,4080,140.31827448210922,41.58408495225515,526.446154560769,0.009533898305084746,0.4856403013182674,2624,,WARN,high brightness,True
103,IMG20260826124214.jpg,True,3072,4080,140.83175847457628,41.54513649230061,564.4790034116198,0.010946327683615819,0.5220103578154426,2696,,WARN,high brightness,True
104,IMG20260826124218.jpg,True,3072,4080,138.83585098870057,40.42843003450676,555.2527867759624,0.05614406779661017,0.4631591337099812,2553,,ACCEPT,,True
105,IMG20260826124234.jpg,True,3072,4080,141.75511299435027,39.86874784635922,391.3158191708638,0.03931261770244821,0.405484934086629,2681,,WARN,high brightness,True
106,IMG20260826124237.jpg,True,3072,4080,141.74679025423728,39.986228778591745,371.75841183786133,0.008945386064030132,0.5255414312617702,2646,,WARN,high brightness,True
107,IMG20260826124240.jpg,True,3072,4080,140.18434675141242,40.41606884681417,409.5355883558364,0.0011770244821092278,0.5071798493408662,2711,,WARN,high brightness,True
108,IMG20260826124243.jpg,True,3072,4080,141.19602283427494,41.650563684389084,389.9338403829993,0.0,0.695268361581921,2710,,WARN,high brightness,True
109,IMG20260826124248.jpg,True,3072,4080,139.13592631826742,42.38765121243672,426.7028754125889,0.0017655367231638418,0.7355225988700564,2711,,ACCEPT,,True
110,IMG20260826124305.jpg,True,3072,4080,137.31869467984933,43.19126835146637,554.9935130786248,0.0005885122410546139,0.7587099811676083,2630,,ACCEPT,,True
111,IMG20260826124308.jpg,True,3072,4080,139.3741042843691,42.689105814708384,576.2755072437864,0.00011770244821092278,0.6350047080979284,2793,,WARN,high brightness,True
112,IMG20260826124313.jpg,True,3072,4080,138.3348552259887,42.63825828939482,536.7230955740333,0.0,0.6749058380414312,2775,,ACCEPT,,True
113,IMG20260826124317.jpg,True,3072,4080,139.20089924670432,43.145032284927524,603.9724363441221,0.0,0.6377118644067796,2677,,ACCEPT,,True
114,IMG20260826124323.jpg,True,3072,4080,139.24035781544256,43.21170679685749,475.0158027157124,0.001647834274952919,0.4599811676082862,2771,,ACCEPT,,True
115,IMG20260826124327.jpg,True,3072,4080,140.7237229284369,44.25869662304448,460.2668299225544,0.0,0.6297080979284368,2819,,WARN,high brightness,True
116,IMG20260826124331.jpg,True,3072,4080,137.12611346516007,44.62778107312379,432.4279081253577,0.0,0.6972693032015066,2523,,ACCEPT,,True
117,IMG20260826124334.jpg,True,3072,4080,137.6102565913371,44.86865761043878,389.64358272766447,0.0,0.6410075329566856,2692,,ACCEPT,,True
118,IMG20260826124338.jpg,True,3072,4080,138.45640889830509,45.14572765003636,500.22094032685226,0.0,0.6689030131826742,2637,,ACCEPT,,True
119,IMG20260826124343.jpg,True,3072,4080,133.38768950094163,45.65543695493205,551.3891272195542,0.0,0.7505885122410546,2869,,ACCEPT,,True
120,IMG20260826124347.jpg,True,3072,4080,135.4485922787194,46.04834882251579,554.5224620766702,0.0,0.7006826741996234,2699,,ACCEPT,,True
121,IMG20260826124353.jpg,True,3072,4080,139.2808415725047,45.76515359543536,454.48828970821626,0.0,0.47916666666666663,2511,,ACCEPT,,True
122,IMG20260826124356.jpg,True,3072,4080,136.18050494350283,45.269958080844894,455.65718750138404,0.00023540489642184556,0.4589218455743879,2422,,ACCEPT,,True
123,IMG20260826124400.jpg,True,3072,4080,139.32652424670434,44.5666436140081,420.94624641516106,0.00023540489642184556,0.4738700564971751,2360,,ACCEPT,,True
124,IMG20260826124404.jpg,True,3072,4080,139.66715748587572,43.6150759787374,381.01846625663524,0.003413370998116761,0.478695856873823,2225,,WARN,high brightness,True
125,IMG20260826124408.jpg,True,3072,4080,138.33967278719396,44.35890398229689,516.304161798418,0.003884180790960452,0.6878531073446328,2272,,ACCEPT,,True
126,IMG20260826124412.jpg,True,3072,4080,136.5740007062147,45.28151808218982,502.10000019716693,0.012711864406779662,0.6366525423728814,2223,,ACCEPT,,True
127,IMG20260826124416.jpg,True,3072,4080,135.70193032015067,45.329865853210926,457.3255396415847,0.0023540489642184556,0.6031073446327684,2150,,ACCEPT,,True
128,IMG20260826124422.jpg,True,3072,4080,136.06182791902071,44.398684804662395,428.87535130283845,0.0035310734463276836,0.6536016949152542,2064,,ACCEPT,,True
129,IMG20260826124425.jpg,True,3072,4080,136.23917255178907,42.76998900661612,387.23743227838776,0.010004708097928437,0.4861111111111111,2109,,ACCEPT,,True
130,IMG20260826124428.jpg,True,3072,4080,137.8435793314501,42.009445364741126,436.68263415363737,0.004354990583804143,0.570032956685499,2057,,ACCEPT,,True
131,IMG20260826124431.jpg,True,3072,4080,137.86203742937852,41.56316514970089,393.48140772072645,0.0009416195856873823,0.6466572504708098,2158,,ACCEPT,,True
132,IMG20260826124434.jpg,True,3072,4080,138.03379119585688,42.85866470079001,337.6201163605281,0.00506120527306968,0.6308851224105462,2230,,ACCEPT,,True
133,IMG20260826124442.jpg,True,3072,4080,127.22394774011299,44.372148251371755,494.952011789528,0.01059322033898305,0.7015065913370998,2159,,ACCEPT,,True
134,IMG20260826124455.jpg,True,3072,4080,136.03784957627119,42.47053780880665,349.73350827397087,0.008239171374764594,0.5812146892655367,2094,,ACCEPT,,True
135,IMG20260826124458.jpg,True,3072,4080,138.4310722693032,41.176464865927315,329.8032964430905,0.006826741996233522,0.547434086629002,2257,,ACCEPT,,True
136,IMG20260826124501.jpg,True,3072,4080,133.8663559322034,41.85380078002418,309.0450224918905,0.009416195856873822,0.5255414312617702,2090,,ACCEPT,,True
137,IMG20260826124504.jpg,True,3072,4080,132.60059675141244,43.76492957933973,335.14994084793085,0.02024482109227872,0.4703389830508474,2126,,ACCEPT,,True
138,IMG20260826124507.jpg,True,3072,4080,131.8748293314501,45.15722465421611,458.36730503163005,0.03766478342749529,0.4392655367231639,2080,,ACCEPT,,True
139,IMG20260826124510.jpg,True,3072,4080,133.20421963276837,45.820422987465484,431.03047255670447,0.008592278719397363,0.5302495291902072,2151,,ACCEPT,,True
140,IMG20260826124745.jpg,True,3072,4080,134.08917372881356,46.05832238323443,310.22108499045527,0.002707156308851224,0.5560263653483993,2099,,ACCEPT,,True
141,IMG20260826124750.jpg,True,3072,4080,135.29386652542374,45.6378752392585,462.56997952934836,0.005414312617702448,0.4872881355932204,1989,,ACCEPT,,True
142,IMG20260826124754.jpg,True,3072,4080,136.80637358757062,46.05123209539087,469.26235299553844,0.0011770244821092278,0.5961629001883239,2096,,ACCEPT,,True
143,IMG20260826124757.jpg,True,3072,4080,136.96334510357815,45.82060147371397,403.9900847012627,0.002824858757062147,0.5467278719397364,2047,,ACCEPT,,True
144,IMG20260826124801.jpg,True,3072,4080,134.95605696798492,45.401820014505184,479.61495409185443,0.015419020715630886,0.6258239171374764,2039,,ACCEPT,,True
145,IMG20260826124806.jpg,True,3072,4080,128.03978107344633,44.58994237247562,439.3112949163127,0.003413370998116761,0.7554143126177024,2057,,ACCEPT,,True
146,IMG20260826124902.jpg,True,3072,4080,136.45553790018832,46.15988870633861,551.5359665961727,0.0,0.11770244821092278,2060,,ACCEPT,,True
147,IMG20260826124905.jpg,True,3072,4080,138.04513300376647,47.28858173784202,350.8742077724388,0.00047080979284369113,0.11793785310734463,2201,,ACCEPT,,True
148,IMG20260826124908.jpg,True,3072,4080,135.94025423728814,48.23093269643202,581.5111660398956,0.0035310734463276836,0.096045197740113,1996,,ACCEPT,,True
149,IMG20260826124910.jpg,True,3072,4080,135.45765536723164,48.65076362776687,588.6255257877405,0.01694915254237288,0.0925141242937853,2016,,ACCEPT,,True
150,IMG20260826124913.jpg,True,3072,4080,134.1976435969868,49.09377010180566,463.9733486318462,0.025423728813559324,0.10051789077212805,2048,,ACCEPT,,True
151,IMG20260826124916.jpg,True,3072,4080,132.14254943502826,49.99035241008194,557.3817818394875,0.0092984934086629,0.08615819209039548,2038,,ACCEPT,,True
152,IMG20260826124921.jpg,True,3072,4080,131.40188206214688,50.17522261712629,503.8143020243699,0.0036487758945386063,0.09263182674199623,2032,,ACCEPT,,True
153,IMG20260826124924.jpg,True,3072,4080,132.2573752354049,49.44257293888361,647.3743996774764,0.031073446327683617,0.09239642184557438,2033,,ACCEPT,,True
154,IMG20260826124927.jpg,True,3072,4080,132.86507768361582,48.11148467316614,648.3035087089713,0.08580508474576272,0.09769303201506592,2002,,ACCEPT,,True
155,IMG20260826124930.jpg,True,3072,4080,135.14843573446328,48.233164778835146,626.6651802418985,0.046845574387947266,0.09427966101694915,2045,,ACCEPT,,True
156,IMG20260826124933.jpg,True,3072,4080,133.24263182674198,49.00409313435915,558.2680873342067,0.00047080979284369113,0.3970103578154425,2060,,ACCEPT,,True
157,IMG20260826124936.jpg,True,3072,4080,128.7950918079096,49.92137419127258,642.1309068320161,0.00011770244821092278,0.463394538606403,2193,,ACCEPT,,True
158,IMG20260826124945.jpg,True,3072,4080,127.62818267419962,47.88066090592028,509.1892913302671,0.0,0.4432674199623352,1873,,ACCEPT,,True
159,IMG20260826124948.jpg,True,3072,4080,133.5608686440678,45.02960584797086,514.8685513374189,0.00011770244821092278,0.2853107344632768,2107,,ACCEPT,,True
160,IMG20260826124951.jpg,True,3072,4080,131.99076035781545,44.84576869878102,526.0252370206729,0.0,0.4499764595103578,1995,,ACCEPT,,True
161,IMG20260826124954.jpg,True,3072,4080,131.76353578154425,46.074536306713526,596.1289736160306,0.0,0.4600988700564972,2101,,ACCEPT,,True
162,IMG20260826125001.jpg,True,3072,4080,123.71837688323917,49.51182380663509,667.1607973359792,0.006944444444444444,0.5185969868173258,2126,,ACCEPT,,True
163,IMG20260826125004.jpg,True,3072,4080,124.33372175141243,49.60443727721588,376.2191405185676,0.0023540489642184556,0.5606167608286252,2537,,ACCEPT,,True
164,IMG20260826125007.jpg,True,3072,4080,132.05914901129944,47.62439569863327,515.2479662564689,0.00047080979284369113,0.2853107344632768,2180,,ACCEPT,,True
165,IMG20260826125013.jpg,True,3072,4080,135.74422434086628,44.60961394958732,550.9635000727937,0.0,0.2790725047080979,1796,,ACCEPT,,True
166,IMG20260826125016.jpg,True,3072,4080,129.66637711864408,44.97786589367382,444.941329314493,0.004708097928436911,0.20609698681732577,1829,,ACCEPT,,True
167,IMG20260826125018.jpg,True,3072,4080,129.43426789077213,47.80405904928334,597.0712558426949,0.00011770244821092278,0.2407015065913371,1868,,ACCEPT,,True
168,IMG20260826125103.jpg,True,3072,4080,123.52965866290019,50.64207061080519,588.7331486640883,0.025070621468926555,0.44103107344632764,1587,,ACCEPT,,True
169,IMG20260826125108.jpg,True,3072,4080,125.71833804143127,50.72848184601759,558.7524136191694,0.02695386064030132,0.47057438794726925,1647,,ACCEPT,,True
170,IMG20260826125111.jpg,True,3072,4080,127.87503648775895,49.397837870085496,605.1530873278339,0.0934557438794727,0.4224340866290019,1593,,ACCEPT,,True
171,IMG20260826125124.jpg,True,3072,4080,123.33046845574388,48.07179080502821,672.726005178553,0.0687382297551789,0.4571563088512241,1959,,ACCEPT,,True
172,IMG20260826125127.jpg,True,3072,4080,121.7416054613936,50.026543615030626,670.9472504675832,0.037311676082862524,0.9455037664783428,1894,,WARN,bright clipping outlier,True
173,IMG20260826125130.jpg,True,3072,4080,120.69763064971751,51.77503393455948,717.2052088711058,0.0625,0.9194915254237289,1992,,WARN,low brightness; bright clipping outlier,True
174,IMG20260826125133.jpg,True,3072,4080,119.66991525423728,51.66606151725408,713.1036590923021,0.042255178907721284,0.8848870056497175,2153,,WARN,low brightness; bright clipping outlier,True
175,IMG20260826125137.jpg,True,3072,4080,120.44542019774012,49.92991963837063,624.4692078220135,0.00717984934086629,0.5786252354048964,2003,,WARN,low brightness,True
176,IMG20260826125139.jpg,True,3072,4080,120.5915925141243,50.589946171695495,418.51327796157847,0.07062146892655367,0.8565207156308852,2237,,WARN,low brightness; bright clipping outlier,True
177,IMG20260826125146.jpg,True,3072,4080,120.24068855932204,50.44083212747711,563.0514625176664,0.07968455743879473,0.7977871939736347,2085,,WARN,low brightness,True
178,IMG20260826125151.jpg,True,3072,4080,129.45396539548022,50.10430778948827,530.7158540674453,0.012711864406779662,0.2157485875706215,2144,,ACCEPT,,True
179,IMG20260826125156.jpg,True,3072,4080,125.84270597928437,50.48070754879362,605.4797499927836,0.008239171374764594,0.13135593220338984,2190,,ACCEPT,,True
180,IMG20260826125224.jpg,True,3072,4080,125.1931508945386,51.25576333798042,594.7927747174643,0.0009416195856873823,0.1431261770244821,2319,,ACCEPT,,True
181,IMG20260826125228.jpg,True,3072,4080,125.15829566854991,51.510280375701605,689.2574409315251,0.005532015065913371,0.11475988700564972,2257,,ACCEPT,,True
182,IMG20260826125230.jpg,True,3072,4080,125.54887241054614,50.80618920453971,515.5094103076742,0.0,0.12994350282485875,2447,,ACCEPT,,True
183,IMG20260826125234.jpg,True,3072,4080,131.7348222693032,47.69519332508551,619.4765395246096,0.012829566854990584,0.1198210922787194,2389,,ACCEPT,,True
184,IMG20260826125237.jpg,True,3072,4080,133.39334745762713,46.585906233584424,645.0858468663095,0.016360640301318268,0.12641242937853106,2281,,ACCEPT,,True
185,IMG20260826125241.jpg,True,3072,4080,133.53058968926553,47.386947397656606,571.7707154692258,0.0011770244821092278,0.10981638418079097,2265,,ACCEPT,,True
186,IMG20260826125244.jpg,True,3072,4080,132.6825600282486,46.70849475309325,556.1087405837542,0.0005885122410546139,0.11617231638418078,2364,,ACCEPT,,True
187,IMG20260826125246.jpg,True,3072,4080,132.6127495291902,45.75582799028583,629.8403189083982,0.0005885122410546139,0.10604990583804143,2311,,ACCEPT,,True
188,IMG20260826125249.jpg,True,3072,4080,134.1113488700565,44.45030290303018,658.7104946993986,0.0007062146892655367,0.092984934086629,2196,,ACCEPT,,True
189,IMG20260826125253.jpg,True,3072,4080,136.28441266478342,43.262306800599305,486.64888049050745,0.012005649717514125,0.09922316384180792,2148,,ACCEPT,,True
190,IMG20260826125257.jpg,True,3072,4080,134.5643808851224,43.12654605015927,597.129391450013,0.012005649717514125,0.1022834274952919,2064,,ACCEPT,,True
191,IMG20260826125302.jpg,True,3072,4080,136.43853225047081,41.92058334929,569.412146824378,0.026483050847457626,0.07921374764595103,2037,,ACCEPT,,True
192,IMG20260826125400.jpg,True,3072,4080,136.80910193032014,39.86071789659686,474.2904066173824,0.025659133709981168,0.09839924670433145,2056,,ACCEPT,,True
193,IMG20260826125402.jpg,True,3072,4080,135.43618055555555,39.30570844834797,519.7531806391095,0.042961393596986815,0.09580979284369115,1942,,ACCEPT,,True
194,IMG20260826125404.jpg,True,3072,4080,135.5143679378531,39.58157656836942,480.7489154123362,0.03695856873822975,0.11829096045197741,1862,,ACCEPT,,True
195,IMG20260826125409.jpg,True,3072,4080,135.69666195856874,40.70729193790399,393.6264570248855,0.09792843691148775,0.128060263653484,1940,,ACCEPT,,True
196,IMG20260826125412.jpg,True,3072,4080,134.1949211393597,42.08998041542547,520.4020025972952,0.0516713747645951,0.11887947269303202,1914,,ACCEPT,,True
197,IMG20260826125415.jpg,True,3072,4080,134.89022128060265,42.98038127589689,488.76595124224707,0.03531073446327684,0.11629001883239172,2144,,ACCEPT,,True
198,IMG20260826125417.jpg,True,3072,4080,133.98587806026364,43.02113255959422,568.9297657092744,0.02919020715630885,0.10463747645951037,2023,,ACCEPT,,True
199,IMG20260826125419.jpg,True,3072,4080,133.88703507532958,43.39729041578962,429.23871153922335,0.013888888888888888,0.14289077212806026,1963,,ACCEPT,,True
200,IMG20260826125422.jpg,True,3072,4080,135.61537782485877,42.698300889851794,382.17507404315086,0.02577683615819209,0.17796610169491525,1904,,ACCEPT,,True
201,IMG20260826125425.jpg,True,3072,4080,134.4386452448211,44.35657805407743,341.72260921539106,0.016360640301318268,0.1827919020715631,1779,,ACCEPT,,True
202,IMG20260826125427.jpg,True,3072,4080,135.99338394538606,46.77250621196547,301.6202481655694,0.04578625235404896,0.14548022598870056,1821,,ACCEPT,,True
203,IMG20260826125453.jpg,True,3072,4080,134.77026483050847,47.70008962897804,487.7845367368943,0.004472693032015066,0.11228813559322035,1867,,ACCEPT,,True
204,IMG20260826125522.jpg,True,3072,4080,134.36563677024483,28.49983929988863,374.9935238415896,0.012594161958568738,0.15901600753295667,1974,,WARN,low contrast,True
205,IMG20260826125524.jpg,True,3072,4080,133.50646892655368,29.004727487559084,265.04343409780074,0.02318738229755179,0.18408662900188325,2056,,WARN,low contrast,True
206,IMG20260826125527.jpg,True,3072,4080,131.37246351224104,31.62049985072403,199.2947350993563,0.019538606403013185,0.21280602636534837,2122,,ACCEPT,,True
207,IMG20260826125529.jpg,True,3072,4080,130.85297080979285,33.61357472044452,350.6019618565918,0.012711864406779662,0.2236346516007533,2047,,ACCEPT,,True
208,IMG20260826125532.jpg,True,3072,4080,130.0871374764595,32.704080547560515,176.8321126900515,0.006002824858757062,0.2754237288135593,1961,,WARN,low sharpness,True
209,IMG20260826125534.jpg,True,3072,4080,130.86458333333334,32.80308538710893,440.21306344141874,0.03931261770244821,0.2624764595103578,1820,,ACCEPT,,True
210,IMG20260826125538.jpg,True,3072,4080,133.09029307909606,33.555477862346315,341.6328379631791,0.0713276836158192,0.28342749529190203,1926,,ACCEPT,,True
211,IMG20260826125616.jpg,True,3072,4080,132.90282603578154,36.06589929317163,287.3324964036901,0.0908662900188324,0.22857815442561205,1997,,ACCEPT,,True
212,IMG20260826125619.jpg,True,3072,4080,133.07992231638417,37.184614328287644,386.83874543234566,0.09745762711864407,0.1910310734463277,2168,,ACCEPT,,True
213,IMG20260826125624.jpg,True,3072,4080,135.72468338041432,36.572181323474496,320.1163143556076,0.11358286252354048,0.21162900188323916,2128,,WARN,dark clipping outlier,True
214,IMG20260826125628.jpg,True,3072,4080,134.51052966101696,37.10425341164361,275.1220131806446,0.0852165725047081,0.17066854990583805,2139,,ACCEPT,,True
215,IMG20260826125631.jpg,True,3072,4080,135.04622292843692,37.77571992985262,224.25730985279074,0.06367702448210923,0.21351224105461394,2141,,ACCEPT,,True
216,IMG20260826125634.jpg,True,3072,4080,134.42309322033898,34.359723328782515,343.3583606193528,0.04825800376647835,0.1926789077212806,1902,,ACCEPT,,True
217,IMG20260826125638.jpg,True,3072,4080,132.16059439736347,35.24746203248451,252.1613181979068,0.042019774011299436,0.1999764595103578,1913,,ACCEPT,,True
218,IMG20260826125640.jpg,True,3072,4080,132.2246645480226,36.169833594232344,380.87899447751084,0.05202448210922787,0.221045197740113,1915,,ACCEPT,,True
219,IMG20260826125643.jpg,True,3072,4080,133.64830626177024,34.47053490896203,442.4553020754851,0.04566854990583804,0.23163841807909608,1808,,ACCEPT,,True
220,IMG20260826125647.jpg,True,3072,4080,134.1715195386064,34.9425480623183,412.7135310718449,0.0475517890772128,0.21092278719397364,1929,,ACCEPT,,True
221,IMG20260826125650.jpg,True,3072,4080,135.47212335216574,34.23221684556536,407.3598599049589,0.026718455743879474,0.16807909604519775,1778,,ACCEPT,,True
222,IMG20260826125653.jpg,True,3072,4080,137.5761911487759,33.86677065235489,343.8779790130536,0.02401129943502825,0.1879708097928437,1702,,ACCEPT,,True
223,IMG20260826125657.jpg,True,3072,4080,137.51093926553673,34.19340211261403,370.11411369750465,0.025894538606403013,0.17549435028248586,1714,,ACCEPT,,True
224,IMG20260826125737.jpg,True,3072,4080,136.0455790960452,33.5580753280212,310.9168631108211,0.027777777777777776,0.19550376647834278,1735,,ACCEPT,,True
225,IMG20260826125739.jpg,True,3072,4080,136.4449588041431,32.83953399586585,521.6905673190121,0.046845574387947266,0.1553672316384181,1734,,ACCEPT,,True
226,IMG20260826125741.jpg,True,3072,4080,136.24914194915254,33.21885601728455,728.618903011764,0.06497175141242938,0.16643126177024484,1549,,ACCEPT,,True
227,IMG20260826125743.jpg,True,3072,4080,136.13201624293785,33.920029156434566,588.4658973437595,0.10322504708097928,0.1915018832391714,1714,,WARN,dark clipping outlier,True
228,IMG20260826125746.jpg,True,3072,4080,136.45085216572505,34.74937628630183,518.1110189169779,0.06497175141242938,0.16643126177024484,1914,,ACCEPT,,True
229,IMG20260826125749.jpg,True,3072,4080,134.443781779661,35.95474083449803,453.68313559319824,0.06838512241054613,0.16513653483992466,1870,,ACCEPT,,True
230,IMG20260826125845.jpg,True,3072,4080,134.20622057438794,37.71687497483776,532.6164759630765,0.05743879472693032,0.15371939736346518,2096,,ACCEPT,,True
231,IMG20260826125849.jpg,True,3072,4080,133.2679790489642,39.35798268967416,521.0696375733132,0.06061676082862523,0.15371939736346518,1849,,ACCEPT,,True
232,IMG20260826125852.jpg,True,3072,4080,131.20160663841807,41.0200621648501,527.8556436498407,0.07321092278719397,0.1766713747645951,2068,,ACCEPT,,True
233,IMG20260826125854.jpg,True,3072,4080,132.64952801318267,40.83221548266288,563.6438404621437,0.06473634651600754,0.1751412429378531,2032,,ACCEPT,,True
234,IMG20260826125857.jpg,True,3072,4080,131.65977283427495,39.00198353695065,582.8689606854856,0.039430320150659136,0.16666666666666669,2138,,ACCEPT,,True
235,IMG20260826125901.jpg,True,3072,4080,131.99800965160074,37.762295044990026,537.8898907308103,0.07685969868173259,0.18208568738229755,2236,,ACCEPT,,True
236,IMG20260826125910.jpg,True,3072,4080,135.27814736346517,34.81440575771261,466.4616242073026,0.0692090395480226,0.1607815442561205,2171,,ACCEPT,,True
237,IMG20260826125914.jpg,True,3072,4080,136.07615348399247,33.9441621304352,352.1348360486343,0.07886064030131827,0.1802024482109228,2117,,ACCEPT,,True
238,IMG20260826125922.jpg,True,3072,4080,135.95212806026365,32.99793645021309,463.3561259447769,0.07944915254237289,0.1498352165725047,1774,,ACCEPT,,True
239,IMG20260826125925.jpg,True,3072,4080,135.54846986817327,32.608884530066824,560.8591864621112,0.05379001883239171,0.14701035781544255,1665,,ACCEPT,,True
240,IMG20260826125930.jpg,True,3072,4080,134.35610169491525,29.879822920491062,548.2696621623854,0.08274482109227872,0.1426553672316384,1602,,WARN,low contrast,True
241,IMG20260826125936.jpg,True,3072,4080,134.3485275423729,29.39872523999578,532.4490442493321,0.01483050847457627,0.15054143126177025,1643,,WARN,low contrast,True
242,IMG20260826125940.jpg,True,3072,4080,136.10556732580037,28.553423383119153,523.1800928313099,0.018008474576271187,0.15324858757062146,1686,,WARN,low contrast,True
243,IMG20260826125942.jpg,True,3072,4080,132.99641949152542,29.51448866782356,447.57244584795745,0.0118879472693032,0.1817325800376648,1787,,WARN,low contrast,True
244,IMG20260826125946.jpg,True,3072,4080,132.42201624293784,31.139906809800962,547.2476703290955,0.03483992467043314,0.20268361581920902,1634,,WARN,low contrast,True
245,IMG20260826130001.jpg,True,3072,4080,129.18385828625236,34.008235754648595,468.9660304256617,0.03260357815442561,0.251530131826742,1587,,ACCEPT,,True
246,IMG20260826130003.jpg,True,3072,4080,130.69061676082862,37.24764379099956,358.79528885749596,0.022951977401129944,0.21080508474576273,1756,,ACCEPT,,True
247,IMG20260826130026.jpg,True,3072,4080,133.30612994350284,32.004027547775664,176.91240812133037,0.010240112994350284,0.2010357815442561,1583,,WARN,low sharpness,True
248,IMG20260826130028.jpg,True,3072,4080,133.98163017890772,29.933033314492985,177.34718211401022,0.014477401129943505,0.12770715630885124,1397,,WARN,low sharpness; low contrast,True
249,IMG20260826130031.jpg,True,3072,4080,134.01618761770246,27.46096562770243,165.91565440823373,0.010946327683615819,0.20574387947269304,1428,,WARN,low sharpness; low contrast,True
250,IMG20260826130033.jpg,True,3072,4080,134.97731049905838,27.953698888721533,220.18674646917037,0.029307909604519775,0.1930320150659134,1277,,WARN,low contrast; low local-feature count,True
251,IMG20260826130036.jpg,True,3072,4080,134.85069209039548,30.576870535783506,181.39344040013373,0.011064030131826741,0.2714218455743879,1197,,WARN,low contrast; low local-feature count,True
252,IMG20260826130043.jpg,True,3072,4080,133.49336982109227,33.70296919552341,142.52786226738252,0.051789077212806026,0.368997175141243,1031,,WARN,low sharpness; low local-feature count,True
253,IMG20260826130045.jpg,True,3072,4080,133.94849223163843,35.76833658138353,118.93325911793735,0.0599105461393597,0.2916666666666667,1246,,WARN,low sharpness; low local-feature count,True
254,IMG20260826130047.jpg,True,3072,4080,134.71254001883239,38.68900066073636,133.1320301682333,0.0464924670433145,0.339924670433145,1057,,WARN,low sharpness; low local-feature count,True
255,IMG20260826130051.jpg,True,3072,4080,134.48220809792844,38.16015251470303,108.33140871776011,0.05673258003766478,0.2129237288135593,928,,WARN,low sharpness; low local-feature count,True
256,IMG20260826130053.jpg,True,3072,4080,133.93239642184557,37.66274405105,172.91733456841106,0.001647834274952919,0.21480696798493407,1215,,WARN,low sharpness; low local-feature count,True
257,IMG20260826130056.jpg,True,3072,4080,132.72687970809793,35.473474768239065,123.9277706969891,0.0031779661016949155,0.24741054613935967,1320,,WARN,low sharpness,True
258,IMG20260826130059.jpg,True,3072,4080,132.0603754708098,34.459344034532684,182.57249759273,0.002707156308851224,0.25,1320,,ACCEPT,,True
259,IMG20260826130113.jpg,True,3072,4080,134.63227165725047,31.557498929287235,154.34705625757945,0.09698681732580038,0.21598399246704333,1213,,WARN,low sharpness; low local-feature count,True
260,IMG20260826130116.jpg,True,3072,4080,136.52668667608287,30.494473252253936,208.29324724180466,0.0713276836158192,0.1896186440677966,1102,,WARN,low contrast; low local-feature count,True
261,IMG20260826130118.jpg,True,3072,4080,138.43540371939736,29.681837454645517,133.91682906651428,0.00423728813559322,0.2217514124293785,1251,,WARN,low sharpness; low contrast; low local-feature count,True
262,IMG20260826130121.jpg,True,3072,4080,139.13146304143126,29.88266657260448,138.0521486314597,0.0030602636534839923,0.24423258003766476,1156,,WARN,low sharpness; low contrast; low local-feature count,True
263,IMG20260826130125.jpg,True,3072,4080,137.36950211864408,30.468075655426116,143.0908838777224,0.004354990583804143,0.2564736346516007,1173,,WARN,low sharpness; low contrast; low local-feature count,True
264,IMG20260826130128.jpg,True,3072,4080,137.37689147834274,31.202879572769586,179.68716094109092,0.002236346516007533,0.2517655367231639,1300,,WARN,low local-feature count,True
265,IMG20260826130131.jpg,True,3072,4080,135.8691054613936,31.447045613619032,150.4282921368655,0.0160075329566855,0.24540960451977403,1407,,WARN,low sharpness,True
266,IMG20260826130134.jpg,True,3072,4080,136.44431967984934,31.708162374847692,200.71231670313972,0.01942090395480226,0.20574387947269304,1249,,WARN,low local-feature count,True
267,IMG20260826130313.jpg,True,3072,4080,116.35513418079096,41.2716158082935,841.7291313470658,0.0,0.3620527306967985,5000,,WARN,low brightness,True
268,IMG20260826130322.jpg,True,3072,4080,119.66836511299435,38.181980505180114,707.5349905791438,0.0,0.24187853107344634,4589,,WARN,low brightness,True
269,IMG20260826130325.jpg,True,3072,4080,114.73099811676083,38.52567202445619,798.7666653981388,0.0,0.2299905838041431,4914,,WARN,low brightness,True
270,IMG20260826130328.jpg,True,3072,4080,113.95898775894538,39.441568724124195,568.9077092706084,0.0,0.3618173258003766,4901,,WARN,low brightness,True
271,IMG20260826130330.jpg,True,3072,4080,115.11749764595103,39.023343107652195,480.56036369955507,0.0,0.4305555555555556,4334,,WARN,low brightness,True
272,IMG20260826130334.jpg,True,3072,4080,126.39585922787194,37.26296993948389,568.381213481484,0.0,0.2688323917137476,4131,,ACCEPT,,True
273,IMG20260826130336.jpg,True,3072,4080,132.10712335216573,37.90325485295506,637.4248667506862,0.0009416195856873823,0.23705273069679847,3372,,ACCEPT,,True
274,IMG20260826130338.jpg,True,3072,4080,130.97189030131827,43.17865607286953,365.3866167878215,0.0,0.3341572504708098,3135,,ACCEPT,,True
275,IMG20260826130340.jpg,True,3072,4080,132.68898893596986,41.39013850178744,642.5849702356387,0.0,0.2863700564971752,3759,,ACCEPT,,True
276,IMG20260826130342.jpg,True,3072,4080,129.09013535781546,41.33852839089695,758.7475093390353,0.0,0.3205037664783428,4177,,ACCEPT,,True
277,IMG20260826130353.jpg,True,3072,4080,128.82821445386065,40.04493561015932,366.0254116854592,0.0,0.3219161958568738,3846,,ACCEPT,,True
278,IMG20260826130357.jpg,True,3072,4080,131.03333686440678,39.8382218533048,326.62320024910224,0.0,0.3343926553672316,3722,,ACCEPT,,True
279,IMG20260826130358.jpg,True,3072,4080,129.4014030131827,38.81410675455464,310.13375348668427,0.0,0.28860640301318263,3628,,ACCEPT,,True
280,IMG20260826130402.jpg,True,3072,4080,131.5446633709981,41.32331838307447,232.73943003960989,0.0,0.3163841807909604,2994,,ACCEPT,,True
281,IMG20260826130404.jpg,True,3072,4080,132.77977754237287,39.77316217412243,336.10045900920255,0.0,0.2888418079096045,3460,,ACCEPT,,True
282,IMG20260826130407.jpg,True,3072,4080,131.67003177966103,39.896572430927925,516.9136740940777,0.0,0.2341101694915254,3670,,ACCEPT,,True
283,IMG20260826130411.jpg,True,3072,4080,129.86828507532957,39.0074616431703,322.9832177539126,0.0,0.2784839924670433,3678,,ACCEPT,,True
284,IMG20260826130414.jpg,True,3072,4080,122.43043549905838,40.466202746675044,448.3286450130723,0.0,0.335334274952919,3645,,ACCEPT,,True
285,IMG20260826130417.jpg,True,3072,4080,117.45514595103577,40.74571775562752,495.5213981649889,0.0,0.32968455743879477,3327,,WARN,low brightness,True
286,IMG20260826130420.jpg,True,3072,4080,120.89660663841808,40.99485301705561,574.6827173522613,0.0,0.341454802259887,4124,,ACCEPT,,True
287,IMG20260826130423.jpg,True,3072,4080,122.7456579566855,39.661156154801496,567.7099181578291,0.0,0.33709981167608283,3739,,ACCEPT,,True
288,IMG20260826130427.jpg,True,3072,4080,130.65833215630886,39.07276616984883,475.6324335474795,0.0,0.2973163841807909,3390,,ACCEPT,,True
289,IMG20260826130727.jpg,True,3072,4080,139.12575329566855,54.70130661624843,53.11482461819715,0.0,0.8852401129943503,837,,REJECT,separate hand-held/flipped sequence,False
290,IMG20260826130731.jpg,True,3072,4080,139.89296610169492,49.68431345732556,86.82421486299162,0.0,0.9147834274952918,1475,,REJECT,separate hand-held/flipped sequence,False
291,IMG20260826130734.jpg,True,3072,4080,138.79653719397365,48.900528298355994,143.22574607148132,0.0,0.7829566854990583,1462,,REJECT,separate hand-held/flipped sequence,False
292,IMG20260826130737.jpg,True,3072,4080,133.8675988700565,51.08019262588828,120.39593687422641,0.0,0.881238229755179,1522,,REJECT,separate hand-held/flipped sequence,False
293,IMG20260826130739.jpg,True,3072,4080,137.67984698681732,47.01347592173979,113.52195265202764,0.0,0.884063088512241,1357,,REJECT,separate hand-held/flipped sequence,False
294,IMG20260826130748.jpg,True,3072,4080,132.3321374764595,50.8356797425298,28.708015102265918,0.0,1.4590395480225988,381,,REJECT,separate hand-held/flipped sequence,False
295,IMG20260826130750.jpg,True,3072,4080,140.400722693032,49.11023533478322,71.3956954328333,0.0,0.8559322033898306,277,,REJECT,separate hand-held/flipped sequence,False
296,IMG20260826130757.jpg,True,3072,4080,141.46641713747647,54.32231944681778,162.2229506335636,0.0,0.6405367231638418,1168,,REJECT,separate hand-held/flipped sequence,False
297,IMG20260826130804.jpg,True,3072,4080,142.95441972693033,56.089650271590806,127.11352911089516,0.0,0.5526129943502824,1141,,REJECT,separate hand-held/flipped sequence,False
