filename,variant,width,height,size_bytes,sha256,decision,reasons
IMG20260826122949.jpg,PREPROCESSED,3072,4080,3006290,2793a44f5855ef23a5660630fd30d67d101cc3447f905b19d6b3efe03f6537c5,ACCEPT,
IMG20260826122953.jpg,PREPROCESSED,3072,4080,3121895,5115661041bb4090e7e6056a633f82f98cb6059c023fb1d0758a4608e0a7da06,ACCEPT,
IMG20260826122956.jpg,PREPROCESSED,3072,4080,3198999,8db6db94e8e45fc3480898f2b5e62ef2133ee97a5c61ef82d636211f2b51599e,ACCEPT,
IMG20260826123000.jpg,PREPROCESSED,3072,4080,3148397,b3c3524427dd028b3f624a8908bf5673fee4da23c4bc5c91c458abc6c2d6ca02,ACCEPT,
IMG20260826123004.jpg,PREPROCESSED,3072,4080,3416222,74cd849f4211c1a927d5a792c24217c3f6e808e7aa09425d645eccab91dfac8c,ACCEPT,
IMG20260826123008.jpg,PREPROCESSED,3072,4080,3369752,db338445cb06c12d5c1dfd70748ae7a8b5cb15a4f5b981c559bbc169e55ced1a,ACCEPT,
IMG20260826123012.jpg,PREPROCESSED,3072,4080,3255426,ab917b86a01202f7fcd37d75edca915bb14bd404e76175186859d0b6b2cfc64f,ACCEPT,
IMG20260826123017.jpg,PREPROCESSED,3072,4080,3361599,7a6639a85b6af43409a8ce1e0742ce18e8ae5f1b97efc61f8b06d108c13b43e0,ACCEPT,
IMG20260826123020.jpg,PREPROCESSED,3072,4080,3250937,c41148b8726cd8d21e153f91e5dc1b448e8677693c3307209122554bb54243be,ACCEPT,
IMG20260826123023.jpg,PREPROCESSED,3072,4080,3346977,c2f721b7148add3cd7f7162ebf4ed09559b8074602a85a6a057a13ae7fadb815,ACCEPT,
IMG20260826123027.jpg,PREPROCESSED,3072,4080,3327009,2cedbb1def5204b5842563a4771c66c9a8c71aa47f5c493739a7761148cc7b8d,WARN,dark clipping outlier
IMG20260826123038.jpg,PREPROCESSED,3072,4080,3302451,456c82839192704eac39a448fb68123c5eb26822e391dc648f5e83a1992c3f7c,WARN,dark clipping outlier
IMG20260826123042.jpg,PREPROCESSED,3072,4080,3385359,b5c4c9c85ae9c8df80cfae7d2ba3c3258e672c8f8cb6bbd5abd5512a15d798cb,ACCEPT,
IMG20260826123046.jpg,PREPROCESSED,3072,4080,3367335,a3277b359992d1530403c398dd295680410fa30bf5f3e29135d392ac77ea7eb3,WARN,dark clipping outlier
IMG20260826123052.jpg,PREPROCESSED,3072,4080,3403167,d131a08517eb2def181cf9330e9d6d061c0f710bf9698b1d84e666a7df3f482c,WARN,dark clipping outlier
IMG20260826123056.jpg,PREPROCESSED,3072,4080,3432753,5340d4e65e3889c73e59f3fe26407ffc1101cb7efde20b1356ea3c039154739c,ACCEPT,
IMG20260826123101.jpg,PREPROCESSED,3072,4080,3416978,c90afe689e362469cd022ac01d0b95ee954e6c05c917e24a772ab376ac19396f,WARN,dark clipping outlier
IMG20260826123106.jpg,PREPROCESSED,3072,4080,3412683,17020d0622ba639bd1430156b40477650a8dcd8d514fbd478db1c09e1647f9bb,ACCEPT,
IMG20260826123111.jpg,PREPROCESSED,3072,4080,3438709,df760370b6b526dfbdb0a20fa55ad8d423baaa896e868aa9d6c2177ec9ec015e,ACCEPT,
IMG20260826123115.jpg,PREPROCESSED,3072,4080,3131662,2b4569448a868eec5c0b7011ff7066035ab2ca244fdbe975da41cb81ecdcd212,ACCEPT,
IMG20260826123119.jpg,PREPROCESSED,3072,4080,3189128,dce7d587fb154a0f4eae6daa04945bd9e563aaf18082242512eddb273ddf6755,ACCEPT,
IMG20260826123123.jpg,PREPROCESSED,3072,4080,3131299,e1ad54bb90312648ef935de8487845d5fe1ba0b618bf3e089d313d57acb033e7,ACCEPT,
IMG20260826123157.jpg,PREPROCESSED,3072,4080,3280855,fa6d6e76d33c2b807983a7c3aa542b9262a8c72c8a254739cd2273284ea3561d,WARN,dark clipping outlier
IMG20260826123204.jpg,PREPROCESSED,3072,4080,3402828,6515449bb7219bfe7d9e9033154807c31f39b4ff156516c2e4f5e1452d73d9c6,WARN,dark clipping outlier
IMG20260826123209.jpg,PREPROCESSED,3072,4080,3231542,41c78959cc330f97841b9a794905d4da7729c4c1aace306682103f65b07883a8,ACCEPT,
IMG20260826123213.jpg,PREPROCESSED,3072,4080,3284251,d467bd179a3ff839324689899a7fb676b83d690724bc912e212b2dba00715049,ACCEPT,
IMG20260826123217.jpg,PREPROCESSED,3072,4080,3431854,a9cd826ef64a142b47e9bbae552c5c8f44cfd067d4efd77e69ca8a747f8c41ea,ACCEPT,
IMG20260826123223.jpg,PREPROCESSED,3072,4080,3335585,67168d8bf61427764ac9896abb4ed43b9161c958537036f1f207e7c615464db8,ACCEPT,
IMG20260826123228.jpg,PREPROCESSED,3072,4080,3286494,4f6f7b0d807cbf11f29d9f36227d0a52a3ca434c4a21e104fc3641ae4c28c0e2,ACCEPT,
IMG20260826123233.jpg,PREPROCESSED,3072,4080,3290400,b348407fa39a8cac6a9e85bbd3cf934135ea0b178d7a3659aedf0d2f10cdebab,ACCEPT,
IMG20260826123237.jpg,PREPROCESSED,3072,4080,3238949,8c443a18cbd688e5c547cd10c11e605b74934e573bcb68ab07f436c92cd2e6b6,ACCEPT,
IMG20260826123246.jpg,PREPROCESSED,3072,4080,3233736,bc219ef9b7188657b043c9435a89abc04112cb94ba43fa06dd1883e8ef790ff2,ACCEPT,
IMG20260826123250.jpg,PREPROCESSED,3072,4080,3148808,f1a22d6749d141b64f70f5cd3949078bb63aba3388ad43257d514785348498b4,ACCEPT,
IMG20260826123308.jpg,PREPROCESSED,3072,4080,3016358,069ae14ee4a9e0e00f74d3d87ef11e4b83d2281a25d588abda4b77572325cf2a,WARN,dark clipping outlier
IMG20260826123316.jpg,PREPROCESSED,3072,4080,3043922,b2af561cdc3e8cc5a7ed928d0297e7f240c8ad4c52397ae5c1689fb85b5f070f,ACCEPT,
IMG20260826123320.jpg,PREPROCESSED,3072,4080,3160535,5ba895608631f0235fea51803439f74ff54f81a8b7e199b5d800f5fc5ab799ca,ACCEPT,
IMG20260826123324.jpg,PREPROCESSED,3072,4080,3145901,244556409cc0b98afb9b1fb411af8b20b5c15eee4d9b29c11eb0e63ed8748479,ACCEPT,
IMG20260826123329.jpg,PREPROCESSED,3072,4080,2990705,a19387713ec8e0544161ee2542ed876e6687d3eb7d8ec06081ef5340176212fe,WARN,dark clipping outlier
IMG20260826123333.jpg,PREPROCESSED,3072,4080,3050283,735eec35db0e80104aff775e320a53c53822620f375b453baf86da3c014808c0,ACCEPT,
IMG20260826123344.jpg,PREPROCESSED,3072,4080,3029330,7b1b9ff23a800888e1cd041d14da51b7f6fa2050a70072ccbdefdf6915b25563,ACCEPT,
IMG20260826123349.jpg,PREPROCESSED,3072,4080,3060873,bc912796144659c0e2595cd179a983fc25fb19bd17cfa36af1061f9601a1d161,WARN,dark clipping outlier
IMG20260826123353.jpg,PREPROCESSED,3072,4080,3090600,147cd5a5fc083b6e7ec21bd3e05566b2a0516b15a4be9d2b800b3df2650a16bf,ACCEPT,
IMG20260826123357.jpg,PREPROCESSED,3072,4080,2981374,91cb1890ee4d2bc56c0c9a766ee0b9ee8500a7d6b635f5613d92bce1470d4427,ACCEPT,
IMG20260826123403.jpg,PREPROCESSED,3072,4080,3078111,d299b65c71a4de96abf9ecc5ab3d479db933d402901f652f7bd97d964068899b,ACCEPT,
IMG20260826123408.jpg,PREPROCESSED,3072,4080,3204966,247fe653157a954eae3a12e6c77102fadb5dc66246912c601afb2f1f1d8ac662,ACCEPT,
IMG20260826123414.jpg,PREPROCESSED,3072,4080,3198238,946aaa87d151ba127d039b9bcffc3945edbd6e2abe8094d23f417f2a4400740b,ACCEPT,
IMG20260826123417.jpg,PREPROCESSED,3072,4080,3248244,22f4aef4c8d815f4d0ad1961875696eaf6176b682444808295fc9726c29dbdfc,ACCEPT,
IMG20260826123422.jpg,PREPROCESSED,3072,4080,3321466,e52a774e906f262d5e4ca6af08661a6b90f450280c99e2b4954e0343ec2f0bf1,ACCEPT,
IMG20260826123427.jpg,PREPROCESSED,3072,4080,3364942,9d401c9dd58729ab7095631fcb84580df3fa6b1175d74a86fd0e9e08b1970c6e,ACCEPT,
IMG20260826123434.jpg,PREPROCESSED,3072,4080,3338103,0bfb6d91c0914f1d61eadcddc185f8750d4c2bc3d5aca01eb76b86665a44bec3,ACCEPT,
IMG20260826123437.jpg,PREPROCESSED,3072,4080,3254103,364476f77cf63f92a7b8135a8a8f63bce7f02b396297e09a3da379cfa65068c8,ACCEPT,
IMG20260826123441.jpg,PREPROCESSED,3072,4080,3207518,7412da803b058fdac55df86bb2e094956881b3797fc416ee2a1825ac23b1c5e5,ACCEPT,
IMG20260826123446.jpg,PREPROCESSED,3072,4080,3285242,ed9d2f5b615d01b78cb9542184724cb8329aa3df3d9ac770528e6cb314114028,ACCEPT,
IMG20260826123450.jpg,PREPROCESSED,3072,4080,3153656,25dc9b8ac0e3af572a74c1a6fafede2f9a2a32e183bfe6007df3f0ac0ae5c97d,ACCEPT,
IMG20260826123454.jpg,PREPROCESSED,3072,4080,3094286,b90a445107c6d71dbc3ebd46c8209b3007dc84080ec71a2aa21c1dfc0a865056,ACCEPT,
IMG20260826123708.jpg,PREPROCESSED,3072,4080,3673736,b6dd4301966a770b75283855aab63d1c82c31679c7e70571bb95f637240a27c5,ACCEPT,
IMG20260826123712.jpg,PREPROCESSED,3072,4080,3268621,b54181193ef1747b090c5b7f51d68e8ac7f86d27dbb46b8d3eeb982c00028122,ACCEPT,
IMG20260826123719.jpg,PREPROCESSED,3072,4080,3334440,5bcb57dcc9f398cf75b442c5e62303b8f01190783853995380a865054709d3ba,ACCEPT,
IMG20260826123725.jpg,PREPROCESSED,3072,4080,3377259,ba1ec7a1bb7db836d6d2a48509268f8ef54e743fd3a4135dcd976b65b60e56dc,ACCEPT,
IMG20260826123730.jpg,PREPROCESSED,3072,4080,3336499,e4c2380268e0fabdda350629a9dd51adb54aee07660b8f7b3a34559399a3e2c3,ACCEPT,
IMG20260826123733.jpg,PREPROCESSED,3072,4080,3208403,7a72525a96496e3e1457545d332424e3e5592d2ed43ec90183c54322fc0dffaa,WARN,dark clipping outlier
IMG20260826123740.jpg,PREPROCESSED,3072,4080,3278365,7425b963092966e23053b87de401150eba59f0726a8a8e97af44502ccb44e91b,WARN,low brightness
IMG20260826123746.jpg,PREPROCESSED,3072,4080,3127736,1aa541ca2e848a7d563d39f3f0a6b2bfdc3863d2852eba6c0a4cd9510f591a0a,WARN,low brightness; dark clipping outlier
IMG20260826123749.jpg,PREPROCESSED,3072,4080,3063749,893e6ebb02cffbbe30ee22426ba157a51a2ca3931f7d4691d824e439ebc451b2,WARN,low brightness; dark clipping outlier
IMG20260826123753.jpg,PREPROCESSED,3072,4080,3140034,30544cce180366301268640f6c6ce3eb69e7069465cf7db3cfcea3e4f9073a05,ACCEPT,
IMG20260826123759.jpg,PREPROCESSED,3072,4080,3145761,8e568809f2c285bca9f14eac016b7aaeb2fa6c97e406daca307bd482ca4f8b49,WARN,bright clipping outlier
IMG20260826123804.jpg,PREPROCESSED,3072,4080,3327500,49860874b078c8c6869bb18f1683deadd4be90ae19afc6ef0a9b173487e15d30,WARN,bright clipping outlier
IMG20260826123807.jpg,PREPROCESSED,3072,4080,3151693,d374f1d5c3e014f206b0985932a64b0b8c41a4bd892c82cb0d96ef43c4e490c4,WARN,low brightness; bright clipping outlier
IMG20260826123810.jpg,PREPROCESSED,3072,4080,3242507,6b2d502301840b18f6cb50ca9da46a52e3a0270d9f64e7e9d35bc1b6a52840f6,WARN,bright clipping outlier
IMG20260826123813.jpg,PREPROCESSED,3072,4080,3071496,51791241762a978b0aec260572091490f6d72fa9d39daded4378db9cf15faf4d,ACCEPT,
IMG20260826123816.jpg,PREPROCESSED,3072,4080,3062676,b08c43e80221c24cfc8c77fc40ee8b5ab89da187f39dede4dfd69f5e4c684b8c,ACCEPT,
IMG20260826123820.jpg,PREPROCESSED,3072,4080,2962292,8a709a8263212f6f36952393f685983bc833338b6e18fc68a6fecffea9ab676c,ACCEPT,
IMG20260826123824.jpg,PREPROCESSED,3072,4080,3050731,48a4c92ce40b4dd3f3f61689b34bfe658394aa4674d4460a9c969a00226b72e0,ACCEPT,
IMG20260826124015.jpg,PREPROCESSED,3072,4080,3165580,8de69f0f52a38e81b0eda5063b2bb444cc9a343d6a902a87855542e56550c5b7,WARN,bright clipping outlier
IMG20260826124018.jpg,PREPROCESSED,3072,4080,2962430,e2e2fb9dba683c72e9b3a9d206ff42924d330637846056944f29ad1039d6fb16,WARN,bright clipping outlier
IMG20260826124024.jpg,PREPROCESSED,3072,4080,3027161,c7c25fdd5036aa70d082d072cf05d9dfa5528cbc22eed5645bbb9dfb1be98c0c,WARN,bright clipping outlier
IMG20260826124029.jpg,PREPROCESSED,3072,4080,3269436,7c62d2453b6e7cb45ad5b67cb03daa2dd9ca56e227fbe9f156ab09f272e14e1d,ACCEPT,
IMG20260826124032.jpg,PREPROCESSED,3072,4080,3246731,9670ebf9dd96e99963cac3a56aafa9719813c73b4d8a3cd31c71a3cebd162231,ACCEPT,
IMG20260826124035.jpg,PREPROCESSED,3072,4080,3145352,0e1c9c2d991fe15ffe934fc85c2c2ad568323c604c669d0688e8371a5ddd62f8,ACCEPT,
IMG20260826124041.jpg,PREPROCESSED,3072,4080,2952968,35ed1887db2665422dd20579c3e8ef00e242a417e59193bec896e3bd80e29e7b,ACCEPT,
IMG20260826124044.jpg,PREPROCESSED,3072,4080,3170271,0550f2ce506edb2edc09e1b46877d42f4f80f8c29a7f1b0ff83acc7423c73633,WARN,bright clipping outlier
IMG20260826124048.jpg,PREPROCESSED,3072,4080,3190601,9f7057495a2781dd6d234a83c647d0ba5f7c61865499170adeaf520dea3653d6,WARN,bright clipping outlier
IMG20260826124051.jpg,PREPROCESSED,3072,4080,3110445,a20d14a4f983c305815cd1329774d5a4b898cded7468cb5b8b15ba6641af2223,WARN,bright clipping outlier
IMG20260826124054.jpg,PREPROCESSED,3072,4080,3308994,d3074fa382992e6ba74db7c2f3cee489c7cebf92f196b42dbfdc809dc3712077,WARN,bright clipping outlier
IMG20260826124101.jpg,PREPROCESSED,3072,4080,3207172,907dcab27f481d25a66cc0fd474abdd627f21626556710b2264a30c27585e3cf,ACCEPT,
IMG20260826124104.jpg,PREPROCESSED,3072,4080,2877504,1edc119a0359e11e63a639c4d58f7de3985f4f4fd51e7f653225e2b489dac223,ACCEPT,
IMG20260826124110.jpg,PREPROCESSED,3072,4080,2921280,ff3d74057e9526b7929bb2fdd64f610eac9b26a9f9b804279f08abc422c86a8b,ACCEPT,
IMG20260826124113.jpg,PREPROCESSED,3072,4080,3010705,fcc5f296d4aeec3dd9dad5f258cc9099af80dae40f7b74031bed2c7119ec7886,ACCEPT,
IMG20260826124116.jpg,PREPROCESSED,3072,4080,3035708,0c1606e4d3b4bf6d682c4139ab9fc891c9b6f138202ca8a96c763f66a4e4d550,ACCEPT,
IMG20260826124123.jpg,PREPROCESSED,3072,4080,3059528,99e5f885e3d2cd1a13561811874040abd2a2acfdbb2de870a21ef2b5c8a8e8c8,ACCEPT,
IMG20260826124128.jpg,PREPROCESSED,3072,4080,3008860,44d0c5b587b7f54bda905c74d9b73649afe9d8bac794bf22aa3afa9ac0add7cb,ACCEPT,
IMG20260826124132.jpg,PREPROCESSED,3072,4080,2879626,a01359fed74715c9a8db075285ce33a7f86b49d57b2b39699820d09d3f5364b0,ACCEPT,
IMG20260826124140.jpg,PREPROCESSED,3072,4080,3021831,e0deba6870b66707d8d15fb56458203cc8e1eb14ae96f94c5fefbbf3d0657735,ACCEPT,
IMG20260826124143.jpg,PREPROCESSED,3072,4080,3065081,fe61e0116b02c476cf84faca38179a0fc88ee33c846e4c57a27f6b955aa7a3ef,ACCEPT,
IMG20260826124146.jpg,PREPROCESSED,3072,4080,3035625,ec9acd94de2be1c5a6429d53c1f2e5c8747fa2d4825fcff6d49d03a86abb11c8,WARN,high brightness
IMG20260826124148.jpg,PREPROCESSED,3072,4080,2975162,04bb0d1b4867a80774d6e4b284b21477fc5f43177ec7da3cb48cec1199911ca7,ACCEPT,
IMG20260826124151.jpg,PREPROCESSED,3072,4080,2830786,dac7aa576aa2d4cabed7e9c0f73c83a0c1a51832f625dbbf7d328cf09b5ce3d7,WARN,high brightness
IMG20260826124156.jpg,PREPROCESSED,3072,4080,2891138,9b22e982b42d78b18ac91956e06e14ebf22c257977ace4a09de8e54411867094,WARN,high brightness
IMG20260826124159.jpg,PREPROCESSED,3072,4080,2876852,0d2a6fdef4868a99b6a57c517f199d2b75599786e0def7944612d0fa78af17ca,WARN,high brightness
IMG20260826124201.jpg,PREPROCESSED,3072,4080,2874145,a76b754313226b3daaf7e1ef23ece4828e90359e55ce6f06167e6bd8a1cd5331,WARN,high brightness
IMG20260826124204.jpg,PREPROCESSED,3072,4080,3148854,c0b1a8504ec792fac8a6f91e78591e3b0b02d4c77c6c83afc58ad9130f391cbd,WARN,high brightness
IMG20260826124210.jpg,PREPROCESSED,3072,4080,3020416,72c8e457e996725aa494419640aa941ac2c645a54e69980b60fe59d0e714573a,WARN,high brightness
IMG20260826124214.jpg,PREPROCESSED,3072,4080,2917382,17128962a0ea519bcd91ca2b2b57001d5b5ec3d73eb9635afb916da490518230,WARN,high brightness
IMG20260826124218.jpg,PREPROCESSED,3072,4080,3100214,431bba78abdf780b021bfec106e923e596f35c5bf2f44195ae72e607dae00a9e,ACCEPT,
IMG20260826124234.jpg,PREPROCESSED,3072,4080,3070429,cf01d80de659412952720dc4d5074e9882109e223848a9dd3bf8d227abc8d9c4,WARN,high brightness
IMG20260826124237.jpg,PREPROCESSED,3072,4080,3176823,f56f77452cd03afbf6b9ca30b2ac4f3003c34b0bbed70f7ce21b7391ff35ec6b,WARN,high brightness
IMG20260826124240.jpg,PREPROCESSED,3072,4080,3030240,f5e40c70d859a6aa6d0482a5dab2854241f40422f84289f8d313942826dc64ec,WARN,high brightness
IMG20260826124243.jpg,PREPROCESSED,3072,4080,3114229,ca55e6ce4b7ce53bd7f727cd3538d6f2301867b012b92cb3f64bdd1827128fde,WARN,high brightness
IMG20260826124248.jpg,PREPROCESSED,3072,4080,2800479,f71486d03f4d23baebd3e4e2c62655abff92339c3160c4e3ace578af4ef42d4b,ACCEPT,
IMG20260826124305.jpg,PREPROCESSED,3072,4080,3130365,6b3f92f66adb4fe90110f3093015199e5bd0e772343c77b79ceee6d214577027,ACCEPT,
IMG20260826124308.jpg,PREPROCESSED,3072,4080,3048454,a5a01fed3e895c3cbcfba701c1c118b1f43bb4e75c4fa255abe5aee8c59de4cf,WARN,high brightness
IMG20260826124313.jpg,PREPROCESSED,3072,4080,3087365,3cc5f25ca20d6ff901712fe1263d9df774c90847b6fc334d917e9e4df3ac64ba,ACCEPT,
IMG20260826124317.jpg,PREPROCESSED,3072,4080,3008627,4519bc4ced2328eb66bb4d396fa1a02937a4a92aadc560911edbc3cfa0f229e4,ACCEPT,
IMG20260826124323.jpg,PREPROCESSED,3072,4080,2842417,c042d0adbf7ea8c2b0b7962af8f777054f2e833e35564937829623b94f3df29c,ACCEPT,
IMG20260826124327.jpg,PREPROCESSED,3072,4080,2794006,79af6a8e79812ffc4f0bdac30285a9ac656092dfb89531f13f6ec6ce37544d49,WARN,high brightness
IMG20260826124331.jpg,PREPROCESSED,3072,4080,2811365,451c3f9d50ff0663db99bd0b3805ad3bcb71dbfabc2357e43144fbba952e39f4,ACCEPT,
IMG20260826124334.jpg,PREPROCESSED,3072,4080,2931471,fd1ff84bfff08bca4590925654d2263ac6ac156307a17530ef1765f55861c411,ACCEPT,
IMG20260826124338.jpg,PREPROCESSED,3072,4080,2935711,0b544b3a64f019fc0953cba91a38dcf05199039e00f159684fca621b0d710b59,ACCEPT,
IMG20260826124343.jpg,PREPROCESSED,3072,4080,3182383,2d9e30a04598b25e674d3245a6d1687b24701b2c3fdfd9a68e43a40635839dfd,ACCEPT,
IMG20260826124347.jpg,PREPROCESSED,3072,4080,3158600,f91f858da41c768f4eb9e81da1705e1544511ab3e7cb0ed9cf3a289f0331cd2f,ACCEPT,
IMG20260826124353.jpg,PREPROCESSED,3072,4080,2838407,91c2fdf36dffb3cacd002e02fb8fa552861d7b8658fc2f0d85b299a23c8304df,ACCEPT,
IMG20260826124356.jpg,PREPROCESSED,3072,4080,2857858,64fe6bff801a5a74a9f1dc645bcffe64a13779499757aeef35aa6e2c67c93e7a,ACCEPT,
IMG20260826124400.jpg,PREPROCESSED,3072,4080,2834110,9ab1c19e7be0e4886ad7ddf99ed7cc005c597b196e6114bcf1066405214686ac,ACCEPT,
IMG20260826124404.jpg,PREPROCESSED,3072,4080,2976347,9c9296ad8cf219008cf81d0187cad09f9c91926df54a35024197aec59e620b70,WARN,high brightness
IMG20260826124408.jpg,PREPROCESSED,3072,4080,2878979,67e7e56e1fd1d052bb9effd6ed48a021abc6b785cbfac45e0070954198ce31a5,ACCEPT,
IMG20260826124412.jpg,PREPROCESSED,3072,4080,2886395,21488c69c009fe5e915fe84152db162d0dbecde58a1afc4f22e28519dabd0d2f,ACCEPT,
IMG20260826124416.jpg,PREPROCESSED,3072,4080,3074586,936d8dc6dcd79a9064e316bf94f86079371e480b6189e8d28ca7cba588095bdf,ACCEPT,
IMG20260826124422.jpg,PREPROCESSED,3072,4080,2963916,a780f066ea973f953c863ed0c6c10ceb7fe4878b8541a722e363a88095424a3d,ACCEPT,
IMG20260826124425.jpg,PREPROCESSED,3072,4080,2942457,39d1ebc81cdc0075c31b044870ba78e55882857b2d17943349a288d17619128d,ACCEPT,
IMG20260826124428.jpg,PREPROCESSED,3072,4080,3086258,8918ae16f7af74288c08cc29190b0deea256d0bad466e4031775c44fe26c2d4f,ACCEPT,
IMG20260826124431.jpg,PREPROCESSED,3072,4080,3011318,4270fb0846c2b27fa26104d0279c23b7ac6708f21a535105af0f3f72a5fe98d0,ACCEPT,
IMG20260826124434.jpg,PREPROCESSED,3072,4080,3129197,86fc802a43adc66ca5449265030883870201d13c3f5c0a273b8c8a286e3147f5,ACCEPT,
IMG20260826124442.jpg,PREPROCESSED,3072,4080,3234843,7de34607042d4e88b506c8a60b2b92456b3af9f95c4112ca4117f384aabc34d2,ACCEPT,
IMG20260826124455.jpg,PREPROCESSED,3072,4080,3047271,7a5349c82d8cf9727187afa72f57a88197995cc5f63aa1e8113fcfd5f71c568a,ACCEPT,
IMG20260826124458.jpg,PREPROCESSED,3072,4080,3040364,6130507009d6a244d3d36a7148433d12a73c166e9f159f104d37e4fdc4cdc619,ACCEPT,
IMG20260826124501.jpg,PREPROCESSED,3072,4080,2990040,9441f4ed9205398c01bdc9bd88529fe2fd8326758facbbf24ca2a8f09926b8ad,ACCEPT,
IMG20260826124504.jpg,PREPROCESSED,3072,4080,3023862,e7c0d0e2444559231dbafddf932b7789e7d15c25114d8f624218485219fae05a,ACCEPT,
IMG20260826124507.jpg,PREPROCESSED,3072,4080,3064976,64a9c4dfc45c2877f85b76a7c80231b2c6443eaa2a9f19033e8748219fe91f95,ACCEPT,
IMG20260826124510.jpg,PREPROCESSED,3072,4080,3052329,af9fd410a94d984b9ca5e0cb29bd5df949747a5b7b2aafa7110783c32413b7e2,ACCEPT,
IMG20260826124745.jpg,PREPROCESSED,3072,4080,3107883,21742140e602983464e739f376d36908199c421199b8fd123e03d0de8b832021,ACCEPT,
IMG20260826124750.jpg,PREPROCESSED,3072,4080,3220041,8011c31e64a1b2a2b36425a1c362debce5039deeb257146dca5cc946509d37ce,ACCEPT,
IMG20260826124754.jpg,PREPROCESSED,3072,4080,3192866,78779564977103710d8d8864b4734c5851b0733c9312a6ced126a6573f800aa6,ACCEPT,
IMG20260826124757.jpg,PREPROCESSED,3072,4080,2973886,d396aaf0a83a1bf4867bd17af2f87c95902336d802f7b4eef231f7b1483667b5,ACCEPT,
IMG20260826124801.jpg,PREPROCESSED,3072,4080,2940954,3837f0d30f7cd707fc61f4eb7e0478e69d1bad88e8120e42402652d9a8bb51f2,ACCEPT,
IMG20260826124806.jpg,PREPROCESSED,3072,4080,3141998,e8bc8bde82233fb0acff4401c088854ae72e9791c24d91bfb0b2cf3af11959b1,ACCEPT,
IMG20260826124902.jpg,PREPROCESSED,3072,4080,3116910,06889e0b511c935aa97c8cfc2cb6680cb1e25859276b4f49fb59252b6e4813e7,ACCEPT,
IMG20260826124905.jpg,PREPROCESSED,3072,4080,2937376,45010a11ab99b154a17d50e2724f01d2d32103fa2d081972297a1f19a3a24cbe,ACCEPT,
IMG20260826124908.jpg,PREPROCESSED,3072,4080,3044499,a5164a40b220b7f75cf847c1e68930643f2bf56283a0e36da5227c1fbf1c3a95,ACCEPT,
IMG20260826124910.jpg,PREPROCESSED,3072,4080,3026902,9217f6936adf2f66e2d0cd20d186c23d40170bbfb861c56b419f5e8ced14f77b,ACCEPT,
IMG20260826124913.jpg,PREPROCESSED,3072,4080,2951272,fdc89e257d4db3f4f98c5aaaed4b03f7f04cea7b90aa3f42b2cb2678e353979a,ACCEPT,
IMG20260826124916.jpg,PREPROCESSED,3072,4080,2983140,584e2b794c35b7042bb0c137db7a64f5fce0a2dabdf1b53dc59aadcd0187d2a4,ACCEPT,
IMG20260826124921.jpg,PREPROCESSED,3072,4080,3179966,359766ddd1a4953ee81477883975835616973e1dcf8bd06e0955b1e775083e3f,ACCEPT,
IMG20260826124924.jpg,PREPROCESSED,3072,4080,3224766,9d1ad21134840214b63d227d14d11896b986cc92966a4c085692b2db4ed42972,ACCEPT,
IMG20260826124927.jpg,PREPROCESSED,3072,4080,3107343,18c73ad02c92b965863aa8aa2e6a44085c6f1b91b3f437c9513c89a5100a71aa,ACCEPT,
IMG20260826124930.jpg,PREPROCESSED,3072,4080,3314890,f1a889057d8d4c99ac9c85ed2096f226e68e2b6cbfaf67224f32ac5710e6e944,ACCEPT,
IMG20260826124933.jpg,PREPROCESSED,3072,4080,3324003,0282bf17ec403f977a4e0ad4c1aa084561caeea4a872a9d3d8fa4b2874b1496d,ACCEPT,
IMG20260826124936.jpg,PREPROCESSED,3072,4080,3267598,ab4f86b5a3853e0f7ea7146291f8ae5ecb2f3900a8ecf807a26187a4bcda0dcc,ACCEPT,
IMG20260826124945.jpg,PREPROCESSED,3072,4080,3189332,801d4a5d63120d2d750b478cdd2ced7333d1d205dafbab36f70025fac5ea4cdf,ACCEPT,
IMG20260826124948.jpg,PREPROCESSED,3072,4080,3263993,65f027b0a22c2341ba83dadcc3d4519cb1b6f47520b955fb0a36e05fc1cb44c9,ACCEPT,
IMG20260826124951.jpg,PREPROCESSED,3072,4080,3344952,c6a9ba65c79fb4c94e68c31bd42963ece25f0b1fd6c854ac18b35bb53d8c88e5,ACCEPT,
IMG20260826124954.jpg,PREPROCESSED,3072,4080,3868192,be15730ac17a401acd69590a3c6fd29f987075e6f326108aafff57d67f18f7c3,ACCEPT,
IMG20260826125001.jpg,PREPROCESSED,3072,4080,3377208,db387fdc75d407649339b265e1b3e2e49b0179969122353365edf08d9f63d02a,ACCEPT,
IMG20260826125004.jpg,PREPROCESSED,3072,4080,3105638,bf9e5a15d492fc3573ef7985a38a833d9e9cb3d28b8fdf79ab316c15ec1851e0,ACCEPT,
IMG20260826125007.jpg,PREPROCESSED,3072,4080,3241398,9a9b741a6b1075aadb563a7973bbb71aca591a40ea7a2d43f067e2c7ee1ca144,ACCEPT,
IMG20260826125013.jpg,PREPROCESSED,3072,4080,3199623,cedab10568128360cc9d1711726cb34a71cc037099d60b641f9b5101111f78fb,ACCEPT,
IMG20260826125016.jpg,PREPROCESSED,3072,4080,3092559,5ba35ff47c3aed5e99771095b31bccae9c9e06ce783d9bac8ba33f1d40f29cd6,ACCEPT,
IMG20260826125018.jpg,PREPROCESSED,3072,4080,3135149,a45d2cc94c415270f70693eece788f34d5aeccd54b1a083a3eb7798784c540f6,ACCEPT,
IMG20260826125103.jpg,PREPROCESSED,3072,4080,3250513,217c7439c591fd878805d08fe14a9d018dbeceb4435c809c78a58b7646b08693,ACCEPT,
IMG20260826125108.jpg,PREPROCESSED,3072,4080,3296765,b873ead5346e92bea5e070c5ce99692229489791c232e366b107ee584dc45f8c,ACCEPT,
IMG20260826125111.jpg,PREPROCESSED,3072,4080,3062850,f97979f03c4cc20a44e6abd9ae89fa48a63f784aac756e2d0a8a5239ac91f232,ACCEPT,
IMG20260826125124.jpg,PREPROCESSED,3072,4080,3375572,44354b0e511331816a961c30490ba6add3af5b95ce8637623c3ba4f2d3339d95,ACCEPT,
IMG20260826125127.jpg,PREPROCESSED,3072,4080,3336973,e7f1336b818acbadd2b27bcb4756c88ccf4bfaece8862b379c7158510d7e5717,WARN,bright clipping outlier
IMG20260826125130.jpg,PREPROCESSED,3072,4080,3380757,5ac85f30c5daa443af74c28aa7fe5fa35c39d727f5148dba01659e4efe184079,WARN,low brightness; bright clipping outlier
IMG20260826125133.jpg,PREPROCESSED,3072,4080,3418924,16f0e9aa33f9cab6f2d4682bf3de5a7b5a41e07da8dbdbab23166eeb8ab4c701,WARN,low brightness; bright clipping outlier
IMG20260826125137.jpg,PREPROCESSED,3072,4080,3301738,c1f296792f12d8a62a1b2c30067b4d8c2a56da51d158e142fba7f81c8470e7f6,WARN,low brightness
IMG20260826125139.jpg,PREPROCESSED,3072,4080,2980859,ccbb723603fea07c36e1c22d4bb0752b79bd8ddcc580950ab3a746d6578f5abb,WARN,low brightness; bright clipping outlier
IMG20260826125146.jpg,PREPROCESSED,3072,4080,3154699,ec42fc9d1678979e4232aca093c07b624e82180a75c6ba294c6d4ec2c6e68f62,WARN,low brightness
IMG20260826125151.jpg,PREPROCESSED,3072,4080,3165092,acf69f4e253f6ca9f3a6c942bb09e2f1475ca94749875f41974fbeaa6ccd389e,ACCEPT,
IMG20260826125156.jpg,PREPROCESSED,3072,4080,3276644,68aabd0c717a3d4393801fdb0e22ab54c24dc902666ea21fcf01e4f3d8e96705,ACCEPT,
IMG20260826125224.jpg,PREPROCESSED,3072,4080,3150209,664b8782cda53e1d9f0ed4b5d40491e5811bec1268ab887ebaae884f5446a928,ACCEPT,
IMG20260826125228.jpg,PREPROCESSED,3072,4080,3391047,c1e1ceede1297950477a4b21410f78c0c031427fdc6a8e9223dfe37bc344ff19,ACCEPT,
IMG20260826125230.jpg,PREPROCESSED,3072,4080,3351754,adb978291ae72153f47852c9d2daeed6c30cd801cffa3f5127975661d02bb5f2,ACCEPT,
IMG20260826125234.jpg,PREPROCESSED,3072,4080,3207917,93cb929c97dfc2bbdc0bbf0f7d19c6ff43c0bc4a0c34cdd58f380826636b3c8c,ACCEPT,
IMG20260826125237.jpg,PREPROCESSED,3072,4080,3597009,b73880dcab9efbbe837500acdca1135f1f27c9f1a5aa3ebfd94bb828ea5a5b37,ACCEPT,
IMG20260826125241.jpg,PREPROCESSED,3072,4080,3275204,f2deef1a3535782282983447c7c3eedded4dcf4ac748f722be8837ee09d26790,ACCEPT,
IMG20260826125244.jpg,PREPROCESSED,3072,4080,3161024,e89a4fd1bfa131ec607d42de92d7ee8c5d70b4847490d5ca80c577d863c14aec,ACCEPT,
IMG20260826125246.jpg,PREPROCESSED,3072,4080,3232797,e0d95d2c22a544558de4d720701844fd7e49451ef79ac9e3e8930334eaae424e,ACCEPT,
IMG20260826125249.jpg,PREPROCESSED,3072,4080,3216412,fd71901e868130baca172454fcfc2d7def3d469531747a0dd357792d1a17c00f,ACCEPT,
IMG20260826125253.jpg,PREPROCESSED,3072,4080,3022364,6c4e0cae2d21faa4873c35decd8c01eb6c0265d1aa976c92fae547bf88f27940,ACCEPT,
IMG20260826125257.jpg,PREPROCESSED,3072,4080,3315193,873a9ccbe605a53afa4557ef4e5e5bc8310e461547739cc6c59aaa1aa3a69835,ACCEPT,
IMG20260826125302.jpg,PREPROCESSED,3072,4080,3080465,03ff67525ba0acb836636d6b0ce0efb1e056f4addc6454e52ac5af1ace4f764a,ACCEPT,
IMG20260826125400.jpg,PREPROCESSED,3072,4080,3033590,388907140ea1f463dd8e2a9e742d2155938ff6597d9d4fb439ab1739365d1fcd,ACCEPT,
IMG20260826125402.jpg,PREPROCESSED,3072,4080,3073145,fbc0d472e0e76e3a61270306cd01754a8172aee3b1e2004c3ac7ad52ab01d6d1,ACCEPT,
IMG20260826125404.jpg,PREPROCESSED,3072,4080,3034557,26c20bb919ad34f35b7b7c6dbd73469cabd1949a7e2bf1464950dd1f9443eef3,ACCEPT,
IMG20260826125409.jpg,PREPROCESSED,3072,4080,2995810,7395e5b92071f46763ff1e2381622f2a6dd43aa5795716b56a21904cb16d45be,ACCEPT,
IMG20260826125412.jpg,PREPROCESSED,3072,4080,3116137,1ad90aee2a27696ea9cfa31c6a87c922cfd3a05360eacd68e02f3baf2191b600,ACCEPT,
IMG20260826125415.jpg,PREPROCESSED,3072,4080,3157499,22aa90c7848c538a615db9169270feca142fd93ba4bfdc4d453ed9ed7be52f74,ACCEPT,
IMG20260826125417.jpg,PREPROCESSED,3072,4080,3110305,502a145f7d1d1378b5d152ab3428bb70d5d2f3064695f267edeac9dee44d0bc7,ACCEPT,
IMG20260826125419.jpg,PREPROCESSED,3072,4080,3008241,88279101240a4ed1325cc1a9dd2e39e868b831f2acaa4c5b773c1c7c84d58f9f,ACCEPT,
IMG20260826125422.jpg,PREPROCESSED,3072,4080,2968361,01079ea8f5ba3b96e3522d6cd28c57678b93c6a1b91524550a2678c6e9b8fcfb,ACCEPT,
IMG20260826125425.jpg,PREPROCESSED,3072,4080,2899227,d76a9753e7b3f668b65c2c28780ecc05509ac214ab66bcaa78c6231c52e10a44,ACCEPT,
IMG20260826125427.jpg,PREPROCESSED,3072,4080,3024035,fd373c207e3b44efa07656bf8350d5e9072b21a012eef90c5b5da85b2f4d1d61,ACCEPT,
IMG20260826125453.jpg,PREPROCESSED,3072,4080,3450334,25f68e32f67f67548d8ea90197a7680a15f0d729d9cd5140b557007a69ea70c6,ACCEPT,
IMG20260826125522.jpg,PREPROCESSED,3072,4080,3459866,915b097a5f5768cce7d499b2eae0fae1bd2b384a9fcd01db629efb60c68e109b,WARN,low contrast
IMG20260826125524.jpg,PREPROCESSED,3072,4080,2948967,8372c18c7bbcda6b440f1dd2b3765115f4fbebcda1b95d3042b1ed1716cdf242,WARN,low contrast
IMG20260826125527.jpg,PREPROCESSED,3072,4080,2875449,5ee04f4cd94e97a20af2b6be6f87b3188a77f0ba5c164e31656fba4f46b3a08d,ACCEPT,
IMG20260826125529.jpg,PREPROCESSED,3072,4080,3446746,81c1b29f0daba43a09e7f9003d7531f131372f98522833872995ad89788c19b1,ACCEPT,
IMG20260826125532.jpg,PREPROCESSED,3072,4080,3016711,55c99f7a293387ddfd31e5206d530ae1dde539df18a5f80bb68831622c809cbf,WARN,low sharpness
IMG20260826125534.jpg,PREPROCESSED,3072,4080,3536647,280661a66587e8c62a2767fff7b24211f49ddd8b097f3add4c9d2f5bec6f459f,ACCEPT,
IMG20260826125538.jpg,PREPROCESSED,3072,4080,3176740,818d2becc02461d56739c086d97b2a8a29eb98475de9dc87e8a0eb65f0951789,ACCEPT,
IMG20260826125616.jpg,PREPROCESSED,3072,4080,3116356,68c9940947b3b185a943e652febcccfe543acfb6e7f221f9a5f6fc22b165a541,ACCEPT,
IMG20260826125619.jpg,PREPROCESSED,3072,4080,3440296,bc70937c387d2835d51486336a32e9ff18ce64b8078da41decd429fedccf4271,ACCEPT,
IMG20260826125624.jpg,PREPROCESSED,3072,4080,3054253,5d778cae451427f8234e6fa8129527843cf069ef1e29dc0e19ab6490c2194ee1,WARN,dark clipping outlier
IMG20260826125628.jpg,PREPROCESSED,3072,4080,3011878,cb963cfaaf6f10447cd45178ad590ff7f1232e12f43bc95db577312488f01d4d,ACCEPT,
IMG20260826125631.jpg,PREPROCESSED,3072,4080,3212795,38008fe4d32774a9a4c3c8943b6b7b6b74dca2803a15a853f3b430b6e1dcce07,ACCEPT,
IMG20260826125634.jpg,PREPROCESSED,3072,4080,2915870,c295c2b267532849ee91eb182164f2b71ae7771e0882109403b1782112cab278,ACCEPT,
IMG20260826125638.jpg,PREPROCESSED,3072,4080,2819051,fda3ab89a41c58fefc16843009dea39f03547613aaa631033b736db61030e678,ACCEPT,
IMG20260826125640.jpg,PREPROCESSED,3072,4080,3520966,b40fe774ba703975750cc21f85248965ceedbbed7f2c23788e0b5cb537882a4f,ACCEPT,
IMG20260826125643.jpg,PREPROCESSED,3072,4080,3120006,f6cffda524ead651ee3d153ead8852aad85d003a0973c3c5e78a36d5b35bdd01,ACCEPT,
IMG20260826125647.jpg,PREPROCESSED,3072,4080,3084083,c708a9ba1a3d057a7483f8004d5c3a892dfc890208a905b2e966e7909fd81722,ACCEPT,
IMG20260826125650.jpg,PREPROCESSED,3072,4080,3049560,9e5ce7f9947755e80bf8ac417615a09f59c8fda3e376c412d8c116c57ca7f403,ACCEPT,
IMG20260826125653.jpg,PREPROCESSED,3072,4080,2927114,bc7f646a722d1bb272a3a19fdb3a64861eb63803faa0a390a284edde85bf7ad2,ACCEPT,
IMG20260826125657.jpg,PREPROCESSED,3072,4080,3146500,ca10861a822169b55d763b943e46983b101b752e6911227479486a4a49852082,ACCEPT,
IMG20260826125737.jpg,PREPROCESSED,3072,4080,3240100,d4b78710ef67c41cec558b4962dac6483ee432b6ed118ec60734e55074b9f5ce,ACCEPT,
IMG20260826125739.jpg,PREPROCESSED,3072,4080,3362326,da5c43a491ff202eb8fcc0d065280e385c4cd23fa112f608f59e3da796c42183,ACCEPT,
IMG20260826125741.jpg,PREPROCESSED,3072,4080,3609666,35b9918f4f6a8584a901056cfe98ba7da9848890a6f27598c0b4b37bc670a24c,ACCEPT,
IMG20260826125743.jpg,PREPROCESSED,3072,4080,3408130,43d8cc377b4c29837eebb524f1afe99684a4ff8466cecbe8ba9d5a8226b671dc,WARN,dark clipping outlier
IMG20260826125746.jpg,PREPROCESSED,3072,4080,3151902,152b5c7a0aae61d8aac02fb8d184ef353256faa98b620562fc9795652473220e,ACCEPT,
IMG20260826125749.jpg,PREPROCESSED,3072,4080,3067583,21a9e8fd4a45053f15c5c26be94f6608990a958ac185100e0e85acfef3fbf8f3,ACCEPT,
IMG20260826125845.jpg,PREPROCESSED,3072,4080,3092730,1a4bcf566230f35f897403cbce342ba1b8850fe94cf77a6a25eb73389eeceba8,ACCEPT,
IMG20260826125849.jpg,PREPROCESSED,3072,4080,3023088,0e4c2bbedbb0136b197ffa91f900722de437c3a1f739f130de50f803a40f2c2c,ACCEPT,
IMG20260826125852.jpg,PREPROCESSED,3072,4080,3105451,f2b6bb337c140e721d03ae6cb15a9ed2d0d4fb1b3ca39f89133cc54dfc792b09,ACCEPT,
IMG20260826125854.jpg,PREPROCESSED,3072,4080,3102531,af5957ce5be0f6d43c7a2483767032a89894b1dab891468cef58dd4156c4812a,ACCEPT,
IMG20260826125857.jpg,PREPROCESSED,3072,4080,3111700,0ac89ad50a92593918fed6e05a826a5d4593fe9df7c16e268c098d230cc64385,ACCEPT,
IMG20260826125901.jpg,PREPROCESSED,3072,4080,3049801,00cd996efc00d04ac78a6fcb57835daa2d8eb12a40473236c618566eec5d9c6d,ACCEPT,
IMG20260826125910.jpg,PREPROCESSED,3072,4080,3037232,0ea65e0009a8e82ae1d49570892aa7d750a98cf70c90dfbad8f422fd9615ac2c,ACCEPT,
IMG20260826125914.jpg,PREPROCESSED,3072,4080,2902956,23d1f2cef71fcbaecde4eb8bab7b9eb50692a7000de9f9aad473d589f359e546,ACCEPT,
IMG20260826125922.jpg,PREPROCESSED,3072,4080,3074736,5e2c9b9a0fcbe13e5a162344861fe6ecb87b0c73e021a7f28702ae917be51216,ACCEPT,
IMG20260826125925.jpg,PREPROCESSED,3072,4080,3337562,a4cba3ed8e1f395d9c95a1543ffe8bbb6798171b94936972ca20c85127aa2eea,ACCEPT,
IMG20260826125930.jpg,PREPROCESSED,3072,4080,3283159,3d12ec5d7622e4aa11da562f3ef8e135a56709e074825371cdd08e95f7efcf2b,WARN,low contrast
IMG20260826125936.jpg,PREPROCESSED,3072,4080,3078916,8a4488f851b403fc9b1d8a6b13652fa77e3d21437d75735acf6327d8a2fa8b38,WARN,low contrast
IMG20260826125940.jpg,PREPROCESSED,3072,4080,3094255,a06477343d90c709204b829404d464a9ad05cd8a659c0156c25d4eedf564b500,WARN,low contrast
IMG20260826125942.jpg,PREPROCESSED,3072,4080,3201659,87a47deeb49156b6cf08c4ae5ffc8512568ffb0c6fb324aab690d532bc57b659,WARN,low contrast
IMG20260826125946.jpg,PREPROCESSED,3072,4080,3653568,09c40c4733403360ce5a8d766a7d6b327801402b824dcc3ba662002ad7a7c9cf,WARN,low contrast
IMG20260826130001.jpg,PREPROCESSED,3072,4080,3131723,e9678c9cc2f9eb7164065f390e9ba36b37ec6411a50d20fc3fa8fd75ecfca7b2,ACCEPT,
IMG20260826130003.jpg,PREPROCESSED,3072,4080,3055769,53a37d2721bac18d4945eee2a221052186ecc3b5d1371e557ab4bd823ccdc149,ACCEPT,
IMG20260826130026.jpg,PREPROCESSED,3072,4080,2916319,76eee58a4270db20a84dfd8b2322422019e29041e3d4aba5ff55e03f10a1a508,WARN,low sharpness
IMG20260826130028.jpg,PREPROCESSED,3072,4080,2715440,60af4d9b6aced3c159d41189dc4427ddc1d7162017a246fcdf7aac203355b1a1,WARN,low sharpness; low contrast
IMG20260826130031.jpg,PREPROCESSED,3072,4080,3295630,34a5b2e27d5bd406978fc87407c671426cac79505f6ce28049133682b370d951,WARN,low sharpness; low contrast
IMG20260826130033.jpg,PREPROCESSED,3072,4080,3580328,13cc3f4f437e48037cae592b8cbece9b27f70a4e4dee15dc423f8fbb80ed6d7b,WARN,low contrast; low local-feature count
IMG20260826130036.jpg,PREPROCESSED,3072,4080,3237593,db1f1ffd72e673c5da076773bc5f811720dbcf072d6e8d647d6def608f750b78,WARN,low contrast; low local-feature count
IMG20260826130043.jpg,PREPROCESSED,3072,4080,3191337,1e860da60be09925e6d448feb79f292e3916d3035468dc21ea5d3cf5ab7c1417,WARN,low sharpness; low local-feature count
IMG20260826130045.jpg,PREPROCESSED,3072,4080,3085382,9c40f29c1565fb1c910163f18fd92eb945dc5d2e7223f22a6c6c77fa6ec4012b,WARN,low sharpness; low local-feature count
IMG20260826130047.jpg,PREPROCESSED,3072,4080,2576472,c1d5ac86c8a6bdd5c647e0799a563956e36c1f7f05a63db77ac9f6819a1bdf9a,WARN,low sharpness; low local-feature count
IMG20260826130051.jpg,PREPROCESSED,3072,4080,2749455,f647aec46921fc674979eb344ef28dee018688b7e1b8a7f6d77641e75303174d,WARN,low sharpness; low local-feature count
IMG20260826130053.jpg,PREPROCESSED,3072,4080,2768239,70444bd4767ab0918d52de92c67c42b0efe9afdbd0d98eb072c48aad7a567545,WARN,low sharpness; low local-feature count
IMG20260826130056.jpg,PREPROCESSED,3072,4080,2628434,178df9da42a4131219e1046f25d449da748cc02646ff14515ebb86663e3063fd,WARN,low sharpness
IMG20260826130059.jpg,PREPROCESSED,3072,4080,2875462,ed23ab4405adf9dbd2a42bea93416a31d2ba80a82bddb6557295f06b010359e2,ACCEPT,
IMG20260826130113.jpg,PREPROCESSED,3072,4080,3088905,79a5c885088122238b7204c1c7c3d2d4df3620310d8ad746699fe898c0de65b7,WARN,low sharpness; low local-feature count
IMG20260826130116.jpg,PREPROCESSED,3072,4080,3635581,9d563f2be67e81d7de95cf02eb500b862c186d34586afd0352270151cc8a80cc,WARN,low contrast; low local-feature count
IMG20260826130118.jpg,PREPROCESSED,3072,4080,3097817,dfc8d4dab380ac4d0abc60293a173b329acd918fe83412860c3da824eff0584c,WARN,low sharpness; low contrast; low local-feature count
IMG20260826130121.jpg,PREPROCESSED,3072,4080,3308067,abc08bfe22009e9d829d7f155ab44c1da7f56eb7441b1a8a3a4fc900a867f252,WARN,low sharpness; low contrast; low local-feature count
IMG20260826130125.jpg,PREPROCESSED,3072,4080,3047992,f9736b7b5769984c6789b9ca3d539728d904a85462531abaf6d2b313878a09b4,WARN,low sharpness; low contrast; low local-feature count
IMG20260826130128.jpg,PREPROCESSED,3072,4080,3303589,2793a61ea9e65c10e42fbfd7cd5fd13bc924317355dee3355f075b6c007b49bc,WARN,low local-feature count
IMG20260826130131.jpg,PREPROCESSED,3072,4080,2992996,935aaf98a120ecc06af17c3068ce5bb9d5788fb67b665e0cb8ca95b729aded43,WARN,low sharpness
IMG20260826130134.jpg,PREPROCESSED,3072,4080,3202483,89097f812782f50e668435d0254fc9b9f2ae2000d474ea8714b3bed70fd9438f,WARN,low local-feature count
IMG20260826130313.jpg,PREPROCESSED,3072,4080,3949019,ed70e37437431c4835ec530dc5e5a4c9813f14645dad440a9c6d5d8a7e868c07,WARN,low brightness
IMG20260826130322.jpg,PREPROCESSED,3072,4080,3874767,2d06baf5362f66f66842766b5d5ff629237c0f33de6051b4096af66409cf8193,WARN,low brightness
IMG20260826130325.jpg,PREPROCESSED,3072,4080,3743917,8c5c470292e36b0ea2f277fe57cedba4ecb0ece8f52dda89969f50f420e6c798,WARN,low brightness
IMG20260826130328.jpg,PREPROCESSED,3072,4080,3822682,7b64ec05289689df3bf6bb8317e900b9ee2683961c4e64fd834162b7304793d5,WARN,low brightness
IMG20260826130330.jpg,PREPROCESSED,3072,4080,3537772,8e0a4e9b2a6fc73a0ae478f06174f12c1504f42fec7b98715d3298c8b471e322,WARN,low brightness
IMG20260826130334.jpg,PREPROCESSED,3072,4080,3715529,2bc46a9cb393e42bf50020dd9c80a8f5b13b089274db6dbf92421b2a4175ee74,ACCEPT,
IMG20260826130336.jpg,PREPROCESSED,3072,4080,3798725,1de51e2df7032244c986543ce40da44842983d979be2b0a13ef48250197b33eb,ACCEPT,
IMG20260826130338.jpg,PREPROCESSED,3072,4080,2944267,adcf0b16c60879c167c6d09bc69a323f873a56667e534445b9e51967b406014c,ACCEPT,
IMG20260826130340.jpg,PREPROCESSED,3072,4080,3451385,72404f942108db3be6db40109fb100166b6bbced063ca139244500cf296ce65f,ACCEPT,
IMG20260826130342.jpg,PREPROCESSED,3072,4080,4455128,0ed80b800f4ecb599dfef89dcee8aebdc17ec49c4baef5e080f773507fefc15b,ACCEPT,
IMG20260826130353.jpg,PREPROCESSED,3072,4080,3039424,e18a3aa5789f8f37463854f9d0c5a8ee7c63f7d45c4a6064c6112b1b03045dd6,ACCEPT,
IMG20260826130357.jpg,PREPROCESSED,3072,4080,2941562,621e0e3b68cedfc54a7bc28248772003e54de2e64bb4c725a43a86df7a45a591,ACCEPT,
IMG20260826130358.jpg,PREPROCESSED,3072,4080,2824990,5f6685ededa34c880935d9d1018973900141a002e23cebbc3bd6942fe3f44348,ACCEPT,
IMG20260826130402.jpg,PREPROCESSED,3072,4080,2759120,f0583cf9dab92748bc5e4782d06fbad8d174e4a15bfdfc60041252ac01c8ed47,ACCEPT,
IMG20260826130404.jpg,PREPROCESSED,3072,4080,2978229,1d01ca05846fcaba1b75e216dc8249524beef7c82a95522a0e1db901fa340bf4,ACCEPT,
IMG20260826130407.jpg,PREPROCESSED,3072,4080,3352286,70ca04461bdfcbd5ff391a0481c4280336264bbac0a799735eb5cb27774b3e17,ACCEPT,
IMG20260826130411.jpg,PREPROCESSED,3072,4080,3269639,316da54795a0b9aa3ecf819c1be71f4ac53e7de058a28f2e70e09455f19c75ec,ACCEPT,
IMG20260826130414.jpg,PREPROCESSED,3072,4080,3509264,09bfd00a7934fb5aa7e928eeb0825cbcdaf2aa30d0ecd9f66a69b7b2e304ade2,ACCEPT,
IMG20260826130417.jpg,PREPROCESSED,3072,4080,3790873,9812ed79ae85ed90b0ded2c956ff1ef144c46568d217d694c65d10dc397e99c7,WARN,low brightness
IMG20260826130420.jpg,PREPROCESSED,3072,4080,3524786,e4c9ef1266da445380c054476f9566f8780d1eea0a0f0ebccfb90f945a07bf7f,ACCEPT,
IMG20260826130423.jpg,PREPROCESSED,3072,4080,3693331,27825b9e7ddba276455baf88e9d0f9eeb3252d453dc92af5ea9aa873fcb87fe0,ACCEPT,
IMG20260826130427.jpg,PREPROCESSED,3072,4080,3387201,f0873ae69aca56e1594590b86ca4ffb00484173ded6e828d1fc62f7976b0776a,ACCEPT,
