selected_index,filename,registered
1,IMG20260826122949.jpg,1
2,IMG20260826122953.jpg,1
3,IMG20260826122956.jpg,1
4,IMG20260826123000.jpg,1
5,IMG20260826123004.jpg,1
6,IMG20260826123008.jpg,1
7,IMG20260826123012.jpg,1
8,IMG20260826123017.jpg,1
9,IMG20260826123020.jpg,1
10,IMG20260826123023.jpg,1
11,IMG20260826123027.jpg,1
12,IMG20260826123038.jpg,1
13,IMG20260826123042.jpg,1
14,IMG20260826123046.jpg,1
15,IMG20260826123052.jpg,1
16,IMG20260826123056.jpg,1
17,IMG20260826123101.jpg,1
18,IMG20260826123106.jpg,1
19,IMG20260826123111.jpg,1
20,IMG20260826123115.jpg,1
21,IMG20260826123119.jpg,1
22,IMG20260826123123.jpg,1
23,IMG20260826123157.jpg,1
24,IMG20260826123204.jpg,1
25,IMG20260826123209.jpg,1
26,IMG20260826123213.jpg,1
27,IMG20260826123217.jpg,1
28,IMG20260826123223.jpg,1
29,IMG20260826123228.jpg,1
30,IMG20260826123233.jpg,1
31,IMG20260826123237.jpg,1
32,IMG20260826123246.jpg,1
33,IMG20260826123250.jpg,1
34,IMG20260826123308.jpg,1
35,IMG20260826123316.jpg,1
36,IMG20260826123320.jpg,1
37,IMG20260826123324.jpg,1
38,IMG20260826123329.jpg,1
39,IMG20260826123333.jpg,1
40,IMG20260826123344.jpg,1
41,IMG20260826123349.jpg,1
42,IMG20260826123353.jpg,1
43,IMG20260826123357.jpg,1
44,IMG20260826123403.jpg,1
45,IMG20260826123408.jpg,1
46,IMG20260826123414.jpg,1
47,IMG20260826123417.jpg,1
48,IMG20260826123422.jpg,1
49,IMG20260826123427.jpg,1
50,IMG20260826123434.jpg,1
51,IMG20260826123437.jpg,1
52,IMG20260826123441.jpg,1
53,IMG20260826123446.jpg,1
54,IMG20260826123450.jpg,1
55,IMG20260826123454.jpg,1
56,IMG20260826123708.jpg,1
57,IMG20260826123712.jpg,1
58,IMG20260826123719.jpg,1
59,IMG20260826123725.jpg,1
60,IMG20260826123730.jpg,1
61,IMG20260826123733.jpg,1
62,IMG20260826123740.jpg,1
63,IMG20260826123746.jpg,1
64,IMG20260826123749.jpg,1
65,IMG20260826123753.jpg,1
66,IMG20260826123759.jpg,1
67,IMG20260826123804.jpg,1
68,IMG20260826123807.jpg,1
69,IMG20260826123810.jpg,1
70,IMG20260826123813.jpg,1
71,IMG20260826123816.jpg,1
72,IMG20260826123820.jpg,1
73,IMG20260826123824.jpg,1
74,IMG20260826124015.jpg,0
75,IMG20260826124018.jpg,0
76,IMG20260826124024.jpg,0
77,IMG20260826124029.jpg,0
78,IMG20260826124032.jpg,0
79,IMG20260826124035.jpg,0
80,IMG20260826124041.jpg,0
81,IMG20260826124044.jpg,0
82,IMG20260826124048.jpg,0
83,IMG20260826124051.jpg,0
84,IMG20260826124054.jpg,0
85,IMG20260826124101.jpg,0
86,IMG20260826124104.jpg,0
87,IMG20260826124110.jpg,0
88,IMG20260826124113.jpg,0
89,IMG20260826124116.jpg,0
90,IMG20260826124123.jpg,0
91,IMG20260826124128.jpg,0
92,IMG20260826124132.jpg,0
93,IMG20260826124140.jpg,0
94,IMG20260826124143.jpg,0
95,IMG20260826124146.jpg,0
96,IMG20260826124148.jpg,0
97,IMG20260826124151.jpg,0
98,IMG20260826124156.jpg,0
99,IMG20260826124159.jpg,0
100,IMG20260826124201.jpg,0
101,IMG20260826124204.jpg,0
102,IMG20260826124210.jpg,0
103,IMG20260826124214.jpg,0
104,IMG20260826124218.jpg,0
105,IMG20260826124234.jpg,0
106,IMG20260826124237.jpg,0
107,IMG20260826124240.jpg,0
108,IMG20260826124243.jpg,0
109,IMG20260826124248.jpg,0
110,IMG20260826124305.jpg,0
111,IMG20260826124308.jpg,0
112,IMG20260826124313.jpg,0
113,IMG20260826124317.jpg,0
114,IMG20260826124323.jpg,0
115,IMG20260826124327.jpg,0
116,IMG20260826124331.jpg,0
117,IMG20260826124334.jpg,0
118,IMG20260826124338.jpg,0
119,IMG20260826124343.jpg,0
120,IMG20260826124347.jpg,0
121,IMG20260826124353.jpg,0
122,IMG20260826124356.jpg,0
123,IMG20260826124400.jpg,0
124,IMG20260826124404.jpg,0
125,IMG20260826124408.jpg,0
126,IMG20260826124412.jpg,0
127,IMG20260826124416.jpg,0
128,IMG20260826124422.jpg,0
129,IMG20260826124425.jpg,0
130,IMG20260826124428.jpg,0
131,IMG20260826124431.jpg,0
132,IMG20260826124434.jpg,0
133,IMG20260826124442.jpg,0
134,IMG20260826124455.jpg,0
135,IMG20260826124458.jpg,0
136,IMG20260826124501.jpg,0
137,IMG20260826124504.jpg,0
138,IMG20260826124507.jpg,0
139,IMG20260826124510.jpg,0
140,IMG20260826124745.jpg,0
141,IMG20260826124750.jpg,0
142,IMG20260826124754.jpg,0
143,IMG20260826124757.jpg,0
144,IMG20260826124801.jpg,0
145,IMG20260826124806.jpg,0
146,IMG20260826124902.jpg,0
147,IMG20260826124905.jpg,0
148,IMG20260826124908.jpg,0
149,IMG20260826124910.jpg,0
150,IMG20260826124913.jpg,0
151,IMG20260826124916.jpg,0
152,IMG20260826124921.jpg,0
153,IMG20260826124924.jpg,0
154,IMG20260826124927.jpg,0
155,IMG20260826124930.jpg,0
156,IMG20260826124933.jpg,0
157,IMG20260826124936.jpg,0
158,IMG20260826124945.jpg,0
159,IMG20260826124948.jpg,0
160,IMG20260826124951.jpg,0
161,IMG20260826124954.jpg,0
162,IMG20260826125001.jpg,0
163,IMG20260826125004.jpg,0
164,IMG20260826125007.jpg,0
165,IMG20260826125013.jpg,0
166,IMG20260826125016.jpg,0
167,IMG20260826125018.jpg,0
168,IMG20260826125103.jpg,0
169,IMG20260826125108.jpg,0
170,IMG20260826125111.jpg,0
171,IMG20260826125124.jpg,0
172,IMG20260826125127.jpg,0
173,IMG20260826125130.jpg,0
174,IMG20260826125133.jpg,0
175,IMG20260826125137.jpg,0
176,IMG20260826125139.jpg,0
177,IMG20260826125146.jpg,0
178,IMG20260826125151.jpg,0
179,IMG20260826125156.jpg,0
180,IMG20260826125224.jpg,0
181,IMG20260826125228.jpg,0
182,IMG20260826125230.jpg,0
183,IMG20260826125234.jpg,0
184,IMG20260826125237.jpg,0
185,IMG20260826125241.jpg,0
186,IMG20260826125244.jpg,0
187,IMG20260826125246.jpg,0
188,IMG20260826125249.jpg,0
189,IMG20260826125253.jpg,0
190,IMG20260826125257.jpg,0
191,IMG20260826125302.jpg,0
192,IMG20260826125400.jpg,0
193,IMG20260826125402.jpg,0
194,IMG20260826125404.jpg,0
195,IMG20260826125409.jpg,0
196,IMG20260826125412.jpg,0
197,IMG20260826125415.jpg,0
198,IMG20260826125417.jpg,0
199,IMG20260826125419.jpg,0
200,IMG20260826125422.jpg,0
201,IMG20260826125425.jpg,0
202,IMG20260826125427.jpg,0
203,IMG20260826125453.jpg,0
204,IMG20260826125522.jpg,0
205,IMG20260826125524.jpg,0
206,IMG20260826125527.jpg,0
207,IMG20260826125529.jpg,0
208,IMG20260826125532.jpg,0
209,IMG20260826125534.jpg,0
210,IMG20260826125538.jpg,0
211,IMG20260826125616.jpg,0
212,IMG20260826125619.jpg,0
213,IMG20260826125624.jpg,0
214,IMG20260826125628.jpg,0
215,IMG20260826125631.jpg,0
216,IMG20260826125634.jpg,0
217,IMG20260826125638.jpg,0
218,IMG20260826125640.jpg,0
219,IMG20260826125643.jpg,0
220,IMG20260826125647.jpg,0
221,IMG20260826125650.jpg,0
222,IMG20260826125653.jpg,0
223,IMG20260826125657.jpg,0
224,IMG20260826125737.jpg,0
225,IMG20260826125739.jpg,0
226,IMG20260826125741.jpg,0
227,IMG20260826125743.jpg,0
228,IMG20260826125746.jpg,0
229,IMG20260826125749.jpg,0
230,IMG20260826125845.jpg,0
231,IMG20260826125849.jpg,0
232,IMG20260826125852.jpg,0
233,IMG20260826125854.jpg,0
234,IMG20260826125857.jpg,0
235,IMG20260826125901.jpg,0
236,IMG20260826125910.jpg,0
237,IMG20260826125914.jpg,0
238,IMG20260826125922.jpg,0
239,IMG20260826125925.jpg,0
240,IMG20260826125930.jpg,0
241,IMG20260826125936.jpg,0
242,IMG20260826125940.jpg,0
243,IMG20260826125942.jpg,0
244,IMG20260826125946.jpg,0
245,IMG20260826130001.jpg,0
246,IMG20260826130003.jpg,0
247,IMG20260826130026.jpg,0
248,IMG20260826130028.jpg,0
249,IMG20260826130031.jpg,0
250,IMG20260826130033.jpg,0
251,IMG20260826130036.jpg,0
252,IMG20260826130043.jpg,0
253,IMG20260826130045.jpg,0
254,IMG20260826130047.jpg,0
255,IMG20260826130051.jpg,0
256,IMG20260826130053.jpg,0
257,IMG20260826130056.jpg,0
258,IMG20260826130059.jpg,0
259,IMG20260826130113.jpg,0
260,IMG20260826130116.jpg,0
261,IMG20260826130118.jpg,0
262,IMG20260826130121.jpg,0
263,IMG20260826130125.jpg,0
264,IMG20260826130128.jpg,0
265,IMG20260826130131.jpg,0
266,IMG20260826130134.jpg,0
267,IMG20260826130313.jpg,0
268,IMG20260826130322.jpg,0
269,IMG20260826130325.jpg,0
270,IMG20260826130328.jpg,0
271,IMG20260826130330.jpg,0
272,IMG20260826130334.jpg,0
273,IMG20260826130336.jpg,0
274,IMG20260826130338.jpg,0
275,IMG20260826130340.jpg,0
276,IMG20260826130342.jpg,0
277,IMG20260826130353.jpg,0
278,IMG20260826130357.jpg,0
279,IMG20260826130358.jpg,0
280,IMG20260826130402.jpg,0
281,IMG20260826130404.jpg,0
282,IMG20260826130407.jpg,0
283,IMG20260826130411.jpg,0
284,IMG20260826130414.jpg,0
285,IMG20260826130417.jpg,0
286,IMG20260826130420.jpg,0
287,IMG20260826130423.jpg,0
288,IMG20260826130427.jpg,0
