selected_index,filename,registered,selected_frontend
1,IMG20260826122949.jpg,1,aliked_lightglue
2,IMG20260826122953.jpg,1,aliked_lightglue
3,IMG20260826122956.jpg,1,aliked_lightglue
4,IMG20260826123000.jpg,1,aliked_lightglue
5,IMG20260826123004.jpg,1,aliked_lightglue
6,IMG20260826123008.jpg,1,aliked_lightglue
7,IMG20260826123012.jpg,1,aliked_lightglue
8,IMG20260826123017.jpg,1,aliked_lightglue
9,IMG20260826123020.jpg,1,aliked_lightglue
10,IMG20260826123023.jpg,1,aliked_lightglue
11,IMG20260826123027.jpg,1,aliked_lightglue
12,IMG20260826123038.jpg,1,aliked_lightglue
13,IMG20260826123042.jpg,1,aliked_lightglue
14,IMG20260826123046.jpg,1,aliked_lightglue
15,IMG20260826123052.jpg,1,aliked_lightglue
16,IMG20260826123056.jpg,1,aliked_lightglue
17,IMG20260826123101.jpg,1,aliked_lightglue
18,IMG20260826123106.jpg,1,aliked_lightglue
19,IMG20260826123111.jpg,1,aliked_lightglue
20,IMG20260826123115.jpg,1,aliked_lightglue
21,IMG20260826123119.jpg,1,aliked_lightglue
22,IMG20260826123123.jpg,1,aliked_lightglue
23,IMG20260826123157.jpg,1,aliked_lightglue
24,IMG20260826123204.jpg,1,aliked_lightglue
25,IMG20260826123209.jpg,1,aliked_lightglue
26,IMG20260826123213.jpg,1,aliked_lightglue
27,IMG20260826123217.jpg,1,aliked_lightglue
28,IMG20260826123223.jpg,1,aliked_lightglue
29,IMG20260826123228.jpg,1,aliked_lightglue
30,IMG20260826123233.jpg,1,aliked_lightglue
31,IMG20260826123237.jpg,1,aliked_lightglue
32,IMG20260826123246.jpg,1,aliked_lightglue
33,IMG20260826123250.jpg,1,aliked_lightglue
34,IMG20260826123308.jpg,1,aliked_lightglue
35,IMG20260826123316.jpg,1,aliked_lightglue
36,IMG20260826123320.jpg,1,aliked_lightglue
37,IMG20260826123324.jpg,1,aliked_lightglue
38,IMG20260826123329.jpg,1,aliked_lightglue
39,IMG20260826123333.jpg,1,aliked_lightglue
40,IMG20260826123344.jpg,1,aliked_lightglue
41,IMG20260826123349.jpg,1,aliked_lightglue
42,IMG20260826123353.jpg,1,aliked_lightglue
43,IMG20260826123357.jpg,1,aliked_lightglue
44,IMG20260826123403.jpg,1,aliked_lightglue
45,IMG20260826123408.jpg,1,aliked_lightglue
46,IMG20260826123414.jpg,1,aliked_lightglue
47,IMG20260826123417.jpg,1,aliked_lightglue
48,IMG20260826123422.jpg,1,aliked_lightglue
49,IMG20260826123427.jpg,1,aliked_lightglue
50,IMG20260826123434.jpg,1,aliked_lightglue
51,IMG20260826123437.jpg,1,aliked_lightglue
52,IMG20260826123441.jpg,1,aliked_lightglue
53,IMG20260826123446.jpg,1,aliked_lightglue
54,IMG20260826123450.jpg,1,aliked_lightglue
55,IMG20260826123454.jpg,1,aliked_lightglue
56,IMG20260826123708.jpg,1,aliked_lightglue
57,IMG20260826123712.jpg,1,aliked_lightglue
58,IMG20260826123719.jpg,1,aliked_lightglue
59,IMG20260826123725.jpg,1,aliked_lightglue
60,IMG20260826123730.jpg,1,aliked_lightglue
61,IMG20260826123733.jpg,1,aliked_lightglue
62,IMG20260826123740.jpg,1,aliked_lightglue
63,IMG20260826123746.jpg,1,aliked_lightglue
64,IMG20260826123749.jpg,1,aliked_lightglue
65,IMG20260826123753.jpg,1,aliked_lightglue
66,IMG20260826123759.jpg,1,aliked_lightglue
67,IMG20260826123804.jpg,1,aliked_lightglue
68,IMG20260826123807.jpg,1,aliked_lightglue
69,IMG20260826123810.jpg,1,aliked_lightglue
70,IMG20260826123813.jpg,1,aliked_lightglue
71,IMG20260826123816.jpg,1,aliked_lightglue
72,IMG20260826123820.jpg,1,aliked_lightglue
73,IMG20260826123824.jpg,1,aliked_lightglue
74,IMG20260826124015.jpg,1,aliked_lightglue
75,IMG20260826124018.jpg,1,aliked_lightglue
76,IMG20260826124024.jpg,1,aliked_lightglue
77,IMG20260826124029.jpg,1,aliked_lightglue
78,IMG20260826124032.jpg,1,aliked_lightglue
79,IMG20260826124035.jpg,1,aliked_lightglue
80,IMG20260826124041.jpg,1,aliked_lightglue
81,IMG20260826124044.jpg,1,aliked_lightglue
82,IMG20260826124048.jpg,1,aliked_lightglue
83,IMG20260826124051.jpg,1,aliked_lightglue
84,IMG20260826124054.jpg,1,aliked_lightglue
85,IMG20260826124101.jpg,1,aliked_lightglue
86,IMG20260826124104.jpg,1,aliked_lightglue
87,IMG20260826124110.jpg,1,aliked_lightglue
88,IMG20260826124113.jpg,1,aliked_lightglue
89,IMG20260826124116.jpg,1,aliked_lightglue
90,IMG20260826124123.jpg,1,aliked_lightglue
91,IMG20260826124128.jpg,1,aliked_lightglue
92,IMG20260826124132.jpg,1,aliked_lightglue
93,IMG20260826124140.jpg,1,aliked_lightglue
94,IMG20260826124143.jpg,1,aliked_lightglue
95,IMG20260826124146.jpg,1,aliked_lightglue
96,IMG20260826124148.jpg,1,aliked_lightglue
97,IMG20260826124151.jpg,1,aliked_lightglue
98,IMG20260826124156.jpg,1,aliked_lightglue
99,IMG20260826124159.jpg,1,aliked_lightglue
100,IMG20260826124201.jpg,1,aliked_lightglue
101,IMG20260826124204.jpg,1,aliked_lightglue
102,IMG20260826124210.jpg,1,aliked_lightglue
103,IMG20260826124214.jpg,1,aliked_lightglue
104,IMG20260826124218.jpg,1,aliked_lightglue
105,IMG20260826124234.jpg,1,aliked_lightglue
106,IMG20260826124237.jpg,1,aliked_lightglue
107,IMG20260826124240.jpg,1,aliked_lightglue
108,IMG20260826124243.jpg,1,aliked_lightglue
109,IMG20260826124248.jpg,1,aliked_lightglue
110,IMG20260826124305.jpg,1,aliked_lightglue
111,IMG20260826124308.jpg,1,aliked_lightglue
112,IMG20260826124313.jpg,1,aliked_lightglue
113,IMG20260826124317.jpg,1,aliked_lightglue
114,IMG20260826124323.jpg,1,aliked_lightglue
115,IMG20260826124327.jpg,1,aliked_lightglue
116,IMG20260826124331.jpg,1,aliked_lightglue
117,IMG20260826124334.jpg,1,aliked_lightglue
118,IMG20260826124338.jpg,1,aliked_lightglue
119,IMG20260826124343.jpg,1,aliked_lightglue
120,IMG20260826124347.jpg,1,aliked_lightglue
121,IMG20260826124353.jpg,1,aliked_lightglue
122,IMG20260826124356.jpg,1,aliked_lightglue
123,IMG20260826124400.jpg,1,aliked_lightglue
124,IMG20260826124404.jpg,1,aliked_lightglue
125,IMG20260826124408.jpg,1,aliked_lightglue
126,IMG20260826124412.jpg,1,aliked_lightglue
127,IMG20260826124416.jpg,1,aliked_lightglue
128,IMG20260826124422.jpg,1,aliked_lightglue
129,IMG20260826124425.jpg,1,aliked_lightglue
130,IMG20260826124428.jpg,1,aliked_lightglue
131,IMG20260826124431.jpg,1,aliked_lightglue
132,IMG20260826124434.jpg,1,aliked_lightglue
133,IMG20260826124442.jpg,1,aliked_lightglue
134,IMG20260826124455.jpg,1,aliked_lightglue
135,IMG20260826124458.jpg,1,aliked_lightglue
136,IMG20260826124501.jpg,1,aliked_lightglue
137,IMG20260826124504.jpg,1,aliked_lightglue
138,IMG20260826124507.jpg,1,aliked_lightglue
139,IMG20260826124510.jpg,1,aliked_lightglue
140,IMG20260826124745.jpg,1,aliked_lightglue
141,IMG20260826124750.jpg,1,aliked_lightglue
142,IMG20260826124754.jpg,1,aliked_lightglue
143,IMG20260826124757.jpg,1,aliked_lightglue
144,IMG20260826124801.jpg,1,aliked_lightglue
145,IMG20260826124806.jpg,1,aliked_lightglue
146,IMG20260826124902.jpg,1,aliked_lightglue
147,IMG20260826124905.jpg,1,aliked_lightglue
148,IMG20260826124908.jpg,1,aliked_lightglue
149,IMG20260826124910.jpg,1,aliked_lightglue
150,IMG20260826124913.jpg,1,aliked_lightglue
151,IMG20260826124916.jpg,1,aliked_lightglue
152,IMG20260826124921.jpg,1,aliked_lightglue
153,IMG20260826124924.jpg,1,aliked_lightglue
154,IMG20260826124927.jpg,1,aliked_lightglue
155,IMG20260826124930.jpg,1,aliked_lightglue
156,IMG20260826124933.jpg,1,aliked_lightglue
157,IMG20260826124936.jpg,1,aliked_lightglue
158,IMG20260826124945.jpg,1,aliked_lightglue
159,IMG20260826124948.jpg,1,aliked_lightglue
160,IMG20260826124951.jpg,1,aliked_lightglue
161,IMG20260826124954.jpg,1,aliked_lightglue
162,IMG20260826125001.jpg,1,aliked_lightglue
163,IMG20260826125004.jpg,1,aliked_lightglue
164,IMG20260826125007.jpg,1,aliked_lightglue
165,IMG20260826125013.jpg,1,aliked_lightglue
166,IMG20260826125016.jpg,1,aliked_lightglue
167,IMG20260826125018.jpg,1,aliked_lightglue
168,IMG20260826125103.jpg,1,aliked_lightglue
169,IMG20260826125108.jpg,1,aliked_lightglue
170,IMG20260826125111.jpg,1,aliked_lightglue
171,IMG20260826125124.jpg,1,aliked_lightglue
172,IMG20260826125127.jpg,1,aliked_lightglue
173,IMG20260826125130.jpg,1,aliked_lightglue
174,IMG20260826125133.jpg,1,aliked_lightglue
175,IMG20260826125137.jpg,1,aliked_lightglue
176,IMG20260826125139.jpg,1,aliked_lightglue
177,IMG20260826125146.jpg,1,aliked_lightglue
178,IMG20260826125151.jpg,1,aliked_lightglue
179,IMG20260826125156.jpg,1,aliked_lightglue
180,IMG20260826125224.jpg,1,aliked_lightglue
181,IMG20260826125228.jpg,1,aliked_lightglue
182,IMG20260826125230.jpg,1,aliked_lightglue
183,IMG20260826125234.jpg,1,aliked_lightglue
184,IMG20260826125237.jpg,1,aliked_lightglue
185,IMG20260826125241.jpg,1,aliked_lightglue
186,IMG20260826125244.jpg,1,aliked_lightglue
187,IMG20260826125246.jpg,1,aliked_lightglue
188,IMG20260826125249.jpg,1,aliked_lightglue
189,IMG20260826125253.jpg,1,aliked_lightglue
190,IMG20260826125257.jpg,1,aliked_lightglue
191,IMG20260826125302.jpg,1,aliked_lightglue
192,IMG20260826125400.jpg,1,aliked_lightglue
193,IMG20260826125402.jpg,1,aliked_lightglue
194,IMG20260826125404.jpg,1,aliked_lightglue
195,IMG20260826125409.jpg,1,aliked_lightglue
196,IMG20260826125412.jpg,1,aliked_lightglue
197,IMG20260826125415.jpg,1,aliked_lightglue
198,IMG20260826125417.jpg,1,aliked_lightglue
199,IMG20260826125419.jpg,1,aliked_lightglue
200,IMG20260826125422.jpg,1,aliked_lightglue
201,IMG20260826125425.jpg,1,aliked_lightglue
202,IMG20260826125427.jpg,1,aliked_lightglue
203,IMG20260826125453.jpg,1,aliked_lightglue
204,IMG20260826125522.jpg,1,aliked_lightglue
205,IMG20260826125524.jpg,1,aliked_lightglue
206,IMG20260826125527.jpg,1,aliked_lightglue
207,IMG20260826125529.jpg,1,aliked_lightglue
208,IMG20260826125532.jpg,1,aliked_lightglue
209,IMG20260826125534.jpg,1,aliked_lightglue
210,IMG20260826125538.jpg,1,aliked_lightglue
211,IMG20260826125616.jpg,1,aliked_lightglue
212,IMG20260826125619.jpg,1,aliked_lightglue
213,IMG20260826125624.jpg,1,aliked_lightglue
214,IMG20260826125628.jpg,1,aliked_lightglue
215,IMG20260826125631.jpg,1,aliked_lightglue
216,IMG20260826125634.jpg,1,aliked_lightglue
217,IMG20260826125638.jpg,1,aliked_lightglue
218,IMG20260826125640.jpg,1,aliked_lightglue
219,IMG20260826125643.jpg,1,aliked_lightglue
220,IMG20260826125647.jpg,1,aliked_lightglue
221,IMG20260826125650.jpg,1,aliked_lightglue
222,IMG20260826125653.jpg,1,aliked_lightglue
223,IMG20260826125657.jpg,1,aliked_lightglue
224,IMG20260826125737.jpg,1,aliked_lightglue
225,IMG20260826125739.jpg,1,aliked_lightglue
226,IMG20260826125741.jpg,1,aliked_lightglue
227,IMG20260826125743.jpg,1,aliked_lightglue
228,IMG20260826125746.jpg,1,aliked_lightglue
229,IMG20260826125749.jpg,1,aliked_lightglue
230,IMG20260826125845.jpg,1,aliked_lightglue
231,IMG20260826125849.jpg,1,aliked_lightglue
232,IMG20260826125852.jpg,1,aliked_lightglue
233,IMG20260826125854.jpg,1,aliked_lightglue
234,IMG20260826125857.jpg,1,aliked_lightglue
235,IMG20260826125901.jpg,1,aliked_lightglue
236,IMG20260826125910.jpg,1,aliked_lightglue
237,IMG20260826125914.jpg,1,aliked_lightglue
238,IMG20260826125922.jpg,1,aliked_lightglue
239,IMG20260826125925.jpg,1,aliked_lightglue
240,IMG20260826125930.jpg,1,aliked_lightglue
241,IMG20260826125936.jpg,1,aliked_lightglue
242,IMG20260826125940.jpg,1,aliked_lightglue
243,IMG20260826125942.jpg,1,aliked_lightglue
244,IMG20260826125946.jpg,1,aliked_lightglue
245,IMG20260826130001.jpg,1,aliked_lightglue
246,IMG20260826130003.jpg,1,aliked_lightglue
247,IMG20260826130026.jpg,1,aliked_lightglue
248,IMG20260826130028.jpg,1,aliked_lightglue
249,IMG20260826130031.jpg,1,aliked_lightglue
250,IMG20260826130033.jpg,1,aliked_lightglue
251,IMG20260826130036.jpg,1,aliked_lightglue
252,IMG20260826130043.jpg,1,aliked_lightglue
253,IMG20260826130045.jpg,1,aliked_lightglue
254,IMG20260826130047.jpg,1,aliked_lightglue
255,IMG20260826130051.jpg,1,aliked_lightglue
256,IMG20260826130053.jpg,1,aliked_lightglue
257,IMG20260826130056.jpg,1,aliked_lightglue
258,IMG20260826130059.jpg,1,aliked_lightglue
259,IMG20260826130113.jpg,1,aliked_lightglue
260,IMG20260826130116.jpg,1,aliked_lightglue
261,IMG20260826130118.jpg,1,aliked_lightglue
262,IMG20260826130121.jpg,1,aliked_lightglue
263,IMG20260826130125.jpg,1,aliked_lightglue
264,IMG20260826130128.jpg,1,aliked_lightglue
265,IMG20260826130131.jpg,1,aliked_lightglue
266,IMG20260826130134.jpg,1,aliked_lightglue
267,IMG20260826130313.jpg,0,aliked_lightglue
268,IMG20260826130322.jpg,0,aliked_lightglue
269,IMG20260826130325.jpg,0,aliked_lightglue
270,IMG20260826130328.jpg,0,aliked_lightglue
271,IMG20260826130330.jpg,0,aliked_lightglue
272,IMG20260826130334.jpg,0,aliked_lightglue
273,IMG20260826130336.jpg,0,aliked_lightglue
274,IMG20260826130338.jpg,0,aliked_lightglue
275,IMG20260826130340.jpg,0,aliked_lightglue
276,IMG20260826130342.jpg,0,aliked_lightglue
277,IMG20260826130353.jpg,0,aliked_lightglue
278,IMG20260826130357.jpg,0,aliked_lightglue
279,IMG20260826130358.jpg,0,aliked_lightglue
280,IMG20260826130402.jpg,0,aliked_lightglue
281,IMG20260826130404.jpg,0,aliked_lightglue
282,IMG20260826130407.jpg,0,aliked_lightglue
283,IMG20260826130411.jpg,0,aliked_lightglue
284,IMG20260826130414.jpg,0,aliked_lightglue
285,IMG20260826130417.jpg,0,aliked_lightglue
286,IMG20260826130420.jpg,0,aliked_lightglue
287,IMG20260826130423.jpg,0,aliked_lightglue
288,IMG20260826130427.jpg,0,aliked_lightglue
