selected_index,filename,registered,selected_attempt
1,IMG20260826122949.jpg,1,exhaustive
2,IMG20260826122953.jpg,1,exhaustive
3,IMG20260826122956.jpg,1,exhaustive
4,IMG20260826123000.jpg,1,exhaustive
5,IMG20260826123004.jpg,1,exhaustive
6,IMG20260826123008.jpg,1,exhaustive
7,IMG20260826123012.jpg,1,exhaustive
8,IMG20260826123017.jpg,1,exhaustive
9,IMG20260826123020.jpg,1,exhaustive
10,IMG20260826123023.jpg,1,exhaustive
11,IMG20260826123027.jpg,1,exhaustive
12,IMG20260826123038.jpg,1,exhaustive
13,IMG20260826123042.jpg,1,exhaustive
14,IMG20260826123046.jpg,1,exhaustive
15,IMG20260826123052.jpg,1,exhaustive
16,IMG20260826123056.jpg,1,exhaustive
17,IMG20260826123101.jpg,1,exhaustive
18,IMG20260826123106.jpg,1,exhaustive
19,IMG20260826123111.jpg,1,exhaustive
20,IMG20260826123115.jpg,1,exhaustive
21,IMG20260826123119.jpg,1,exhaustive
22,IMG20260826123123.jpg,1,exhaustive
23,IMG20260826123157.jpg,1,exhaustive
24,IMG20260826123204.jpg,1,exhaustive
25,IMG20260826123209.jpg,1,exhaustive
26,IMG20260826123213.jpg,1,exhaustive
27,IMG20260826123217.jpg,1,exhaustive
28,IMG20260826123223.jpg,1,exhaustive
29,IMG20260826123228.jpg,1,exhaustive
30,IMG20260826123233.jpg,1,exhaustive
31,IMG20260826123237.jpg,1,exhaustive
32,IMG20260826123246.jpg,1,exhaustive
33,IMG20260826123250.jpg,1,exhaustive
34,IMG20260826123308.jpg,1,exhaustive
35,IMG20260826123316.jpg,1,exhaustive
36,IMG20260826123320.jpg,1,exhaustive
37,IMG20260826123324.jpg,1,exhaustive
38,IMG20260826123329.jpg,1,exhaustive
39,IMG20260826123333.jpg,1,exhaustive
40,IMG20260826123344.jpg,1,exhaustive
41,IMG20260826123349.jpg,1,exhaustive
42,IMG20260826123353.jpg,1,exhaustive
43,IMG20260826123357.jpg,1,exhaustive
44,IMG20260826123403.jpg,1,exhaustive
45,IMG20260826123408.jpg,1,exhaustive
46,IMG20260826123414.jpg,1,exhaustive
47,IMG20260826123417.jpg,1,exhaustive
48,IMG20260826123422.jpg,1,exhaustive
49,IMG20260826123427.jpg,1,exhaustive
50,IMG20260826123434.jpg,1,exhaustive
51,IMG20260826123437.jpg,1,exhaustive
52,IMG20260826123441.jpg,1,exhaustive
53,IMG20260826123446.jpg,1,exhaustive
54,IMG20260826123450.jpg,1,exhaustive
55,IMG20260826123454.jpg,1,exhaustive
56,IMG20260826123708.jpg,1,exhaustive
57,IMG20260826123712.jpg,1,exhaustive
58,IMG20260826123719.jpg,1,exhaustive
59,IMG20260826123725.jpg,1,exhaustive
60,IMG20260826123730.jpg,1,exhaustive
61,IMG20260826123733.jpg,1,exhaustive
62,IMG20260826123740.jpg,1,exhaustive
63,IMG20260826123746.jpg,1,exhaustive
64,IMG20260826123749.jpg,1,exhaustive
65,IMG20260826123753.jpg,1,exhaustive
66,IMG20260826123759.jpg,1,exhaustive
67,IMG20260826123804.jpg,1,exhaustive
68,IMG20260826123807.jpg,1,exhaustive
69,IMG20260826123810.jpg,1,exhaustive
70,IMG20260826123813.jpg,1,exhaustive
71,IMG20260826123816.jpg,1,exhaustive
72,IMG20260826123820.jpg,1,exhaustive
73,IMG20260826123824.jpg,1,exhaustive
74,IMG20260826124015.jpg,0,exhaustive
75,IMG20260826124018.jpg,0,exhaustive
76,IMG20260826124024.jpg,0,exhaustive
77,IMG20260826124029.jpg,0,exhaustive
78,IMG20260826124032.jpg,0,exhaustive
79,IMG20260826124035.jpg,0,exhaustive
80,IMG20260826124041.jpg,0,exhaustive
81,IMG20260826124044.jpg,0,exhaustive
82,IMG20260826124048.jpg,0,exhaustive
83,IMG20260826124051.jpg,0,exhaustive
84,IMG20260826124054.jpg,0,exhaustive
85,IMG20260826124101.jpg,0,exhaustive
86,IMG20260826124104.jpg,0,exhaustive
87,IMG20260826124110.jpg,0,exhaustive
88,IMG20260826124113.jpg,0,exhaustive
89,IMG20260826124116.jpg,0,exhaustive
90,IMG20260826124123.jpg,0,exhaustive
91,IMG20260826124128.jpg,0,exhaustive
92,IMG20260826124132.jpg,0,exhaustive
93,IMG20260826124140.jpg,0,exhaustive
94,IMG20260826124143.jpg,0,exhaustive
95,IMG20260826124146.jpg,0,exhaustive
96,IMG20260826124148.jpg,0,exhaustive
97,IMG20260826124151.jpg,0,exhaustive
98,IMG20260826124156.jpg,0,exhaustive
99,IMG20260826124159.jpg,0,exhaustive
100,IMG20260826124201.jpg,0,exhaustive
101,IMG20260826124204.jpg,0,exhaustive
102,IMG20260826124210.jpg,0,exhaustive
103,IMG20260826124214.jpg,0,exhaustive
104,IMG20260826124218.jpg,0,exhaustive
105,IMG20260826124234.jpg,0,exhaustive
106,IMG20260826124237.jpg,0,exhaustive
107,IMG20260826124240.jpg,0,exhaustive
108,IMG20260826124243.jpg,0,exhaustive
109,IMG20260826124248.jpg,0,exhaustive
110,IMG20260826124305.jpg,0,exhaustive
111,IMG20260826124308.jpg,0,exhaustive
112,IMG20260826124313.jpg,0,exhaustive
113,IMG20260826124317.jpg,0,exhaustive
114,IMG20260826124323.jpg,0,exhaustive
115,IMG20260826124327.jpg,0,exhaustive
116,IMG20260826124331.jpg,0,exhaustive
117,IMG20260826124334.jpg,0,exhaustive
118,IMG20260826124338.jpg,0,exhaustive
119,IMG20260826124343.jpg,0,exhaustive
120,IMG20260826124347.jpg,0,exhaustive
121,IMG20260826124353.jpg,0,exhaustive
122,IMG20260826124356.jpg,0,exhaustive
123,IMG20260826124400.jpg,0,exhaustive
124,IMG20260826124404.jpg,0,exhaustive
125,IMG20260826124408.jpg,0,exhaustive
126,IMG20260826124412.jpg,0,exhaustive
127,IMG20260826124416.jpg,0,exhaustive
128,IMG20260826124422.jpg,0,exhaustive
129,IMG20260826124425.jpg,0,exhaustive
130,IMG20260826124428.jpg,0,exhaustive
131,IMG20260826124431.jpg,0,exhaustive
132,IMG20260826124434.jpg,0,exhaustive
133,IMG20260826124442.jpg,0,exhaustive
134,IMG20260826124455.jpg,0,exhaustive
135,IMG20260826124458.jpg,0,exhaustive
136,IMG20260826124501.jpg,0,exhaustive
137,IMG20260826124504.jpg,0,exhaustive
138,IMG20260826124507.jpg,0,exhaustive
139,IMG20260826124510.jpg,0,exhaustive
140,IMG20260826124745.jpg,0,exhaustive
141,IMG20260826124750.jpg,0,exhaustive
142,IMG20260826124754.jpg,0,exhaustive
143,IMG20260826124757.jpg,0,exhaustive
144,IMG20260826124801.jpg,0,exhaustive
145,IMG20260826124806.jpg,0,exhaustive
146,IMG20260826124902.jpg,0,exhaustive
147,IMG20260826124905.jpg,0,exhaustive
148,IMG20260826124908.jpg,0,exhaustive
149,IMG20260826124910.jpg,0,exhaustive
150,IMG20260826124913.jpg,0,exhaustive
151,IMG20260826124916.jpg,0,exhaustive
152,IMG20260826124921.jpg,0,exhaustive
153,IMG20260826124924.jpg,0,exhaustive
154,IMG20260826124927.jpg,0,exhaustive
155,IMG20260826124930.jpg,0,exhaustive
156,IMG20260826124933.jpg,0,exhaustive
157,IMG20260826124936.jpg,0,exhaustive
158,IMG20260826124945.jpg,0,exhaustive
159,IMG20260826124948.jpg,0,exhaustive
160,IMG20260826124951.jpg,0,exhaustive
161,IMG20260826124954.jpg,0,exhaustive
162,IMG20260826125001.jpg,0,exhaustive
163,IMG20260826125004.jpg,0,exhaustive
164,IMG20260826125007.jpg,0,exhaustive
165,IMG20260826125013.jpg,0,exhaustive
166,IMG20260826125016.jpg,0,exhaustive
167,IMG20260826125018.jpg,0,exhaustive
168,IMG20260826125103.jpg,0,exhaustive
169,IMG20260826125108.jpg,0,exhaustive
170,IMG20260826125111.jpg,0,exhaustive
171,IMG20260826125124.jpg,0,exhaustive
172,IMG20260826125127.jpg,0,exhaustive
173,IMG20260826125130.jpg,0,exhaustive
174,IMG20260826125133.jpg,0,exhaustive
175,IMG20260826125137.jpg,0,exhaustive
176,IMG20260826125139.jpg,0,exhaustive
177,IMG20260826125146.jpg,0,exhaustive
178,IMG20260826125151.jpg,0,exhaustive
179,IMG20260826125156.jpg,0,exhaustive
180,IMG20260826125224.jpg,0,exhaustive
181,IMG20260826125228.jpg,0,exhaustive
182,IMG20260826125230.jpg,0,exhaustive
183,IMG20260826125234.jpg,0,exhaustive
184,IMG20260826125237.jpg,0,exhaustive
185,IMG20260826125241.jpg,0,exhaustive
186,IMG20260826125244.jpg,0,exhaustive
187,IMG20260826125246.jpg,0,exhaustive
188,IMG20260826125249.jpg,0,exhaustive
189,IMG20260826125253.jpg,0,exhaustive
190,IMG20260826125257.jpg,0,exhaustive
191,IMG20260826125302.jpg,0,exhaustive
192,IMG20260826125400.jpg,0,exhaustive
193,IMG20260826125402.jpg,0,exhaustive
194,IMG20260826125404.jpg,0,exhaustive
195,IMG20260826125409.jpg,0,exhaustive
196,IMG20260826125412.jpg,0,exhaustive
197,IMG20260826125415.jpg,0,exhaustive
198,IMG20260826125417.jpg,0,exhaustive
199,IMG20260826125419.jpg,0,exhaustive
200,IMG20260826125422.jpg,0,exhaustive
201,IMG20260826125425.jpg,0,exhaustive
202,IMG20260826125427.jpg,0,exhaustive
203,IMG20260826125453.jpg,0,exhaustive
204,IMG20260826125522.jpg,0,exhaustive
205,IMG20260826125524.jpg,0,exhaustive
206,IMG20260826125527.jpg,0,exhaustive
207,IMG20260826125529.jpg,0,exhaustive
208,IMG20260826125532.jpg,0,exhaustive
209,IMG20260826125534.jpg,0,exhaustive
210,IMG20260826125538.jpg,0,exhaustive
211,IMG20260826125616.jpg,0,exhaustive
212,IMG20260826125619.jpg,0,exhaustive
213,IMG20260826125624.jpg,0,exhaustive
214,IMG20260826125628.jpg,0,exhaustive
215,IMG20260826125631.jpg,0,exhaustive
216,IMG20260826125634.jpg,0,exhaustive
217,IMG20260826125638.jpg,0,exhaustive
218,IMG20260826125640.jpg,0,exhaustive
219,IMG20260826125643.jpg,0,exhaustive
220,IMG20260826125647.jpg,0,exhaustive
221,IMG20260826125650.jpg,0,exhaustive
222,IMG20260826125653.jpg,0,exhaustive
223,IMG20260826125657.jpg,0,exhaustive
224,IMG20260826125737.jpg,0,exhaustive
225,IMG20260826125739.jpg,0,exhaustive
226,IMG20260826125741.jpg,0,exhaustive
227,IMG20260826125743.jpg,0,exhaustive
228,IMG20260826125746.jpg,0,exhaustive
229,IMG20260826125749.jpg,0,exhaustive
230,IMG20260826125845.jpg,0,exhaustive
231,IMG20260826125849.jpg,0,exhaustive
232,IMG20260826125852.jpg,0,exhaustive
233,IMG20260826125854.jpg,0,exhaustive
234,IMG20260826125857.jpg,0,exhaustive
235,IMG20260826125901.jpg,0,exhaustive
236,IMG20260826125910.jpg,0,exhaustive
237,IMG20260826125914.jpg,0,exhaustive
238,IMG20260826125922.jpg,0,exhaustive
239,IMG20260826125925.jpg,0,exhaustive
240,IMG20260826125930.jpg,0,exhaustive
241,IMG20260826125936.jpg,0,exhaustive
242,IMG20260826125940.jpg,0,exhaustive
243,IMG20260826125942.jpg,0,exhaustive
244,IMG20260826125946.jpg,0,exhaustive
245,IMG20260826130001.jpg,0,exhaustive
246,IMG20260826130003.jpg,0,exhaustive
247,IMG20260826130026.jpg,0,exhaustive
248,IMG20260826130028.jpg,0,exhaustive
249,IMG20260826130031.jpg,0,exhaustive
250,IMG20260826130033.jpg,0,exhaustive
251,IMG20260826130036.jpg,0,exhaustive
252,IMG20260826130043.jpg,0,exhaustive
253,IMG20260826130045.jpg,0,exhaustive
254,IMG20260826130047.jpg,0,exhaustive
255,IMG20260826130051.jpg,0,exhaustive
256,IMG20260826130053.jpg,0,exhaustive
257,IMG20260826130056.jpg,0,exhaustive
258,IMG20260826130059.jpg,0,exhaustive
259,IMG20260826130113.jpg,0,exhaustive
260,IMG20260826130116.jpg,0,exhaustive
261,IMG20260826130118.jpg,0,exhaustive
262,IMG20260826130121.jpg,0,exhaustive
263,IMG20260826130125.jpg,0,exhaustive
264,IMG20260826130128.jpg,0,exhaustive
265,IMG20260826130131.jpg,0,exhaustive
266,IMG20260826130134.jpg,0,exhaustive
267,IMG20260826130313.jpg,0,exhaustive
268,IMG20260826130322.jpg,0,exhaustive
269,IMG20260826130325.jpg,0,exhaustive
270,IMG20260826130328.jpg,0,exhaustive
271,IMG20260826130330.jpg,0,exhaustive
272,IMG20260826130334.jpg,0,exhaustive
273,IMG20260826130336.jpg,0,exhaustive
274,IMG20260826130338.jpg,0,exhaustive
275,IMG20260826130340.jpg,0,exhaustive
276,IMG20260826130342.jpg,0,exhaustive
277,IMG20260826130353.jpg,0,exhaustive
278,IMG20260826130357.jpg,0,exhaustive
279,IMG20260826130358.jpg,0,exhaustive
280,IMG20260826130402.jpg,0,exhaustive
281,IMG20260826130404.jpg,0,exhaustive
282,IMG20260826130407.jpg,0,exhaustive
283,IMG20260826130411.jpg,0,exhaustive
284,IMG20260826130414.jpg,0,exhaustive
285,IMG20260826130417.jpg,0,exhaustive
286,IMG20260826130420.jpg,0,exhaustive
287,IMG20260826130423.jpg,0,exhaustive
288,IMG20260826130427.jpg,0,exhaustive
