selected_index,filename,sha256,size_bytes
1,IMG20260826122949.jpg,2793a44f5855ef23a5660630fd30d67d101cc3447f905b19d6b3efe03f6537c5,3006290
2,IMG20260826122953.jpg,5115661041bb4090e7e6056a633f82f98cb6059c023fb1d0758a4608e0a7da06,3121895
3,IMG20260826122956.jpg,8db6db94e8e45fc3480898f2b5e62ef2133ee97a5c61ef82d636211f2b51599e,3198999
4,IMG20260826123000.jpg,b3c3524427dd028b3f624a8908bf5673fee4da23c4bc5c91c458abc6c2d6ca02,3148397
5,IMG20260826123004.jpg,74cd849f4211c1a927d5a792c24217c3f6e808e7aa09425d645eccab91dfac8c,3416222
6,IMG20260826123008.jpg,db338445cb06c12d5c1dfd70748ae7a8b5cb15a4f5b981c559bbc169e55ced1a,3369752
7,IMG20260826123012.jpg,ab917b86a01202f7fcd37d75edca915bb14bd404e76175186859d0b6b2cfc64f,3255426
8,IMG20260826123017.jpg,7a6639a85b6af43409a8ce1e0742ce18e8ae5f1b97efc61f8b06d108c13b43e0,3361599
9,IMG20260826123020.jpg,c41148b8726cd8d21e153f91e5dc1b448e8677693c3307209122554bb54243be,3250937
10,IMG20260826123023.jpg,c2f721b7148add3cd7f7162ebf4ed09559b8074602a85a6a057a13ae7fadb815,3346977
11,IMG20260826123027.jpg,2cedbb1def5204b5842563a4771c66c9a8c71aa47f5c493739a7761148cc7b8d,3327009
12,IMG20260826123038.jpg,456c82839192704eac39a448fb68123c5eb26822e391dc648f5e83a1992c3f7c,3302451
13,IMG20260826123042.jpg,b5c4c9c85ae9c8df80cfae7d2ba3c3258e672c8f8cb6bbd5abd5512a15d798cb,3385359
14,IMG20260826123046.jpg,a3277b359992d1530403c398dd295680410fa30bf5f3e29135d392ac77ea7eb3,3367335
15,IMG20260826123052.jpg,d131a08517eb2def181cf9330e9d6d061c0f710bf9698b1d84e666a7df3f482c,3403167
16,IMG20260826123056.jpg,5340d4e65e3889c73e59f3fe26407ffc1101cb7efde20b1356ea3c039154739c,3432753
17,IMG20260826123101.jpg,c90afe689e362469cd022ac01d0b95ee954e6c05c917e24a772ab376ac19396f,3416978
18,IMG20260826123106.jpg,17020d0622ba639bd1430156b40477650a8dcd8d514fbd478db1c09e1647f9bb,3412683
19,IMG20260826123111.jpg,df760370b6b526dfbdb0a20fa55ad8d423baaa896e868aa9d6c2177ec9ec015e,3438709
20,IMG20260826123115.jpg,2b4569448a868eec5c0b7011ff7066035ab2ca244fdbe975da41cb81ecdcd212,3131662
21,IMG20260826123119.jpg,dce7d587fb154a0f4eae6daa04945bd9e563aaf18082242512eddb273ddf6755,3189128
22,IMG20260826123123.jpg,e1ad54bb90312648ef935de8487845d5fe1ba0b618bf3e089d313d57acb033e7,3131299
23,IMG20260826123157.jpg,fa6d6e76d33c2b807983a7c3aa542b9262a8c72c8a254739cd2273284ea3561d,3280855
24,IMG20260826123204.jpg,6515449bb7219bfe7d9e9033154807c31f39b4ff156516c2e4f5e1452d73d9c6,3402828
25,IMG20260826123209.jpg,41c78959cc330f97841b9a794905d4da7729c4c1aace306682103f65b07883a8,3231542
26,IMG20260826123213.jpg,d467bd179a3ff839324689899a7fb676b83d690724bc912e212b2dba00715049,3284251
27,IMG20260826123217.jpg,a9cd826ef64a142b47e9bbae552c5c8f44cfd067d4efd77e69ca8a747f8c41ea,3431854
28,IMG20260826123223.jpg,67168d8bf61427764ac9896abb4ed43b9161c958537036f1f207e7c615464db8,3335585
29,IMG20260826123228.jpg,4f6f7b0d807cbf11f29d9f36227d0a52a3ca434c4a21e104fc3641ae4c28c0e2,3286494
30,IMG20260826123233.jpg,b348407fa39a8cac6a9e85bbd3cf934135ea0b178d7a3659aedf0d2f10cdebab,3290400
31,IMG20260826123237.jpg,8c443a18cbd688e5c547cd10c11e605b74934e573bcb68ab07f436c92cd2e6b6,3238949
32,IMG20260826123246.jpg,bc219ef9b7188657b043c9435a89abc04112cb94ba43fa06dd1883e8ef790ff2,3233736
33,IMG20260826123250.jpg,f1a22d6749d141b64f70f5cd3949078bb63aba3388ad43257d514785348498b4,3148808
34,IMG20260826123308.jpg,069ae14ee4a9e0e00f74d3d87ef11e4b83d2281a25d588abda4b77572325cf2a,3016358
35,IMG20260826123316.jpg,b2af561cdc3e8cc5a7ed928d0297e7f240c8ad4c52397ae5c1689fb85b5f070f,3043922
36,IMG20260826123320.jpg,5ba895608631f0235fea51803439f74ff54f81a8b7e199b5d800f5fc5ab799ca,3160535
37,IMG20260826123324.jpg,244556409cc0b98afb9b1fb411af8b20b5c15eee4d9b29c11eb0e63ed8748479,3145901
38,IMG20260826123329.jpg,a19387713ec8e0544161ee2542ed876e6687d3eb7d8ec06081ef5340176212fe,2990705
39,IMG20260826123333.jpg,735eec35db0e80104aff775e320a53c53822620f375b453baf86da3c014808c0,3050283
40,IMG20260826123344.jpg,7b1b9ff23a800888e1cd041d14da51b7f6fa2050a70072ccbdefdf6915b25563,3029330
41,IMG20260826123349.jpg,bc912796144659c0e2595cd179a983fc25fb19bd17cfa36af1061f9601a1d161,3060873
42,IMG20260826123353.jpg,147cd5a5fc083b6e7ec21bd3e05566b2a0516b15a4be9d2b800b3df2650a16bf,3090600
43,IMG20260826123357.jpg,91cb1890ee4d2bc56c0c9a766ee0b9ee8500a7d6b635f5613d92bce1470d4427,2981374
44,IMG20260826123403.jpg,d299b65c71a4de96abf9ecc5ab3d479db933d402901f652f7bd97d964068899b,3078111
45,IMG20260826123408.jpg,247fe653157a954eae3a12e6c77102fadb5dc66246912c601afb2f1f1d8ac662,3204966
46,IMG20260826123414.jpg,946aaa87d151ba127d039b9bcffc3945edbd6e2abe8094d23f417f2a4400740b,3198238
47,IMG20260826123417.jpg,22f4aef4c8d815f4d0ad1961875696eaf6176b682444808295fc9726c29dbdfc,3248244
48,IMG20260826123422.jpg,e52a774e906f262d5e4ca6af08661a6b90f450280c99e2b4954e0343ec2f0bf1,3321466
49,IMG20260826123427.jpg,9d401c9dd58729ab7095631fcb84580df3fa6b1175d74a86fd0e9e08b1970c6e,3364942
50,IMG20260826123434.jpg,0bfb6d91c0914f1d61eadcddc185f8750d4c2bc3d5aca01eb76b86665a44bec3,3338103
51,IMG20260826123437.jpg,364476f77cf63f92a7b8135a8a8f63bce7f02b396297e09a3da379cfa65068c8,3254103
52,IMG20260826123441.jpg,7412da803b058fdac55df86bb2e094956881b3797fc416ee2a1825ac23b1c5e5,3207518
53,IMG20260826123446.jpg,ed9d2f5b615d01b78cb9542184724cb8329aa3df3d9ac770528e6cb314114028,3285242
54,IMG20260826123450.jpg,25dc9b8ac0e3af572a74c1a6fafede2f9a2a32e183bfe6007df3f0ac0ae5c97d,3153656
55,IMG20260826123454.jpg,b90a445107c6d71dbc3ebd46c8209b3007dc84080ec71a2aa21c1dfc0a865056,3094286
56,IMG20260826123708.jpg,b6dd4301966a770b75283855aab63d1c82c31679c7e70571bb95f637240a27c5,3673736
57,IMG20260826123712.jpg,b54181193ef1747b090c5b7f51d68e8ac7f86d27dbb46b8d3eeb982c00028122,3268621
58,IMG20260826123719.jpg,5bcb57dcc9f398cf75b442c5e62303b8f01190783853995380a865054709d3ba,3334440
59,IMG20260826123725.jpg,ba1ec7a1bb7db836d6d2a48509268f8ef54e743fd3a4135dcd976b65b60e56dc,3377259
60,IMG20260826123730.jpg,e4c2380268e0fabdda350629a9dd51adb54aee07660b8f7b3a34559399a3e2c3,3336499
61,IMG20260826123733.jpg,7a72525a96496e3e1457545d332424e3e5592d2ed43ec90183c54322fc0dffaa,3208403
62,IMG20260826123740.jpg,7425b963092966e23053b87de401150eba59f0726a8a8e97af44502ccb44e91b,3278365
63,IMG20260826123746.jpg,1aa541ca2e848a7d563d39f3f0a6b2bfdc3863d2852eba6c0a4cd9510f591a0a,3127736
64,IMG20260826123749.jpg,893e6ebb02cffbbe30ee22426ba157a51a2ca3931f7d4691d824e439ebc451b2,3063749
65,IMG20260826123753.jpg,30544cce180366301268640f6c6ce3eb69e7069465cf7db3cfcea3e4f9073a05,3140034
66,IMG20260826123759.jpg,8e568809f2c285bca9f14eac016b7aaeb2fa6c97e406daca307bd482ca4f8b49,3145761
67,IMG20260826123804.jpg,49860874b078c8c6869bb18f1683deadd4be90ae19afc6ef0a9b173487e15d30,3327500
68,IMG20260826123807.jpg,d374f1d5c3e014f206b0985932a64b0b8c41a4bd892c82cb0d96ef43c4e490c4,3151693
69,IMG20260826123810.jpg,6b2d502301840b18f6cb50ca9da46a52e3a0270d9f64e7e9d35bc1b6a52840f6,3242507
70,IMG20260826123813.jpg,51791241762a978b0aec260572091490f6d72fa9d39daded4378db9cf15faf4d,3071496
71,IMG20260826123816.jpg,b08c43e80221c24cfc8c77fc40ee8b5ab89da187f39dede4dfd69f5e4c684b8c,3062676
72,IMG20260826123820.jpg,8a709a8263212f6f36952393f685983bc833338b6e18fc68a6fecffea9ab676c,2962292
73,IMG20260826123824.jpg,48a4c92ce40b4dd3f3f61689b34bfe658394aa4674d4460a9c969a00226b72e0,3050731
