selected_index,filename,include,reason,selected_image_path,feature_mode,mask_path
1,IMG20260826122949.jpg,1,keep_endpoint_connected,preprocessing/pycolmap_input/images/IMG20260826122949.jpg,unmasked,
2,IMG20260826122953.jpg,1,keep_connected,preprocessing/pycolmap_input/images/IMG20260826122953.jpg,unmasked,
3,IMG20260826122956.jpg,1,keep_connected,preprocessing/pycolmap_input/images/IMG20260826122956.jpg,unmasked,
4,IMG20260826123000.jpg,1,keep_connected,preprocessing/pycolmap_input/images/IMG20260826123000.jpg,unmasked,
5,IMG20260826123004.jpg,1,keep_connected,preprocessing/pycolmap_input/images/IMG20260826123004.jpg,unmasked,
6,IMG20260826123008.jpg,1,keep_connected,preprocessing/pycolmap_input/images/IMG20260826123008.jpg,unmasked,
7,IMG20260826123012.jpg,1,keep_connected,preprocessing/pycolmap_input/images/IMG20260826123012.jpg,unmasked,
8,IMG20260826123017.jpg,1,keep_connected,preprocessing/pycolmap_input/images/IMG20260826123017.jpg,unmasked,
9,IMG20260826123020.jpg,1,keep_connected,preprocessing/pycolmap_input/images/IMG20260826123020.jpg,unmasked,
10,IMG20260826123023.jpg,1,keep_connected,preprocessing/pycolmap_input/images/IMG20260826123023.jpg,unmasked,
11,IMG20260826123027.jpg,1,keep_connected,preprocessing/pycolmap_input/images/IMG20260826123027.jpg,unmasked,
12,IMG20260826123038.jpg,1,keep_connected,preprocessing/pycolmap_input/images/IMG20260826123038.jpg,unmasked,
13,IMG20260826123042.jpg,1,keep_connected,preprocessing/pycolmap_input/images/IMG20260826123042.jpg,unmasked,
14,IMG20260826123046.jpg,1,keep_connected,preprocessing/pycolmap_input/images/IMG20260826123046.jpg,unmasked,
15,IMG20260826123052.jpg,1,keep_connected,preprocessing/pycolmap_input/images/IMG20260826123052.jpg,unmasked,
16,IMG20260826123056.jpg,1,keep_connected,preprocessing/pycolmap_input/images/IMG20260826123056.jpg,unmasked,
17,IMG20260826123101.jpg,1,keep_connected,preprocessing/pycolmap_input/images/IMG20260826123101.jpg,unmasked,
18,IMG20260826123106.jpg,1,keep_connected,preprocessing/pycolmap_input/images/IMG20260826123106.jpg,unmasked,
19,IMG20260826123111.jpg,1,keep_connected,preprocessing/pycolmap_input/images/IMG20260826123111.jpg,unmasked,
20,IMG20260826123115.jpg,1,keep_connected,preprocessing/pycolmap_input/images/IMG20260826123115.jpg,unmasked,
21,IMG20260826123119.jpg,1,keep_connected,preprocessing/pycolmap_input/images/IMG20260826123119.jpg,unmasked,
22,IMG20260826123123.jpg,1,keep_connected,preprocessing/pycolmap_input/images/IMG20260826123123.jpg,unmasked,
23,IMG20260826123157.jpg,1,keep_connected,preprocessing/pycolmap_input/images/IMG20260826123157.jpg,unmasked,
24,IMG20260826123204.jpg,1,keep_connected,preprocessing/pycolmap_input/images/IMG20260826123204.jpg,unmasked,
25,IMG20260826123209.jpg,1,keep_connected,preprocessing/pycolmap_input/images/IMG20260826123209.jpg,unmasked,
26,IMG20260826123213.jpg,1,keep_connected,preprocessing/pycolmap_input/images/IMG20260826123213.jpg,unmasked,
27,IMG20260826123217.jpg,1,keep_connected,preprocessing/pycolmap_input/images/IMG20260826123217.jpg,unmasked,
28,IMG20260826123223.jpg,1,keep_connected,preprocessing/pycolmap_input/images/IMG20260826123223.jpg,unmasked,
29,IMG20260826123228.jpg,1,keep_connected,preprocessing/pycolmap_input/images/IMG20260826123228.jpg,unmasked,
30,IMG20260826123233.jpg,1,keep_connected,preprocessing/pycolmap_input/images/IMG20260826123233.jpg,unmasked,
31,IMG20260826123237.jpg,1,keep_connected,preprocessing/pycolmap_input/images/IMG20260826123237.jpg,unmasked,
32,IMG20260826123246.jpg,1,keep_connected,preprocessing/pycolmap_input/images/IMG20260826123246.jpg,unmasked,
33,IMG20260826123250.jpg,1,keep_connected,preprocessing/pycolmap_input/images/IMG20260826123250.jpg,unmasked,
34,IMG20260826123308.jpg,1,keep_connected,preprocessing/pycolmap_input/images/IMG20260826123308.jpg,unmasked,
35,IMG20260826123316.jpg,1,keep_connected,preprocessing/pycolmap_input/images/IMG20260826123316.jpg,unmasked,
36,IMG20260826123320.jpg,1,keep_connected,preprocessing/pycolmap_input/images/IMG20260826123320.jpg,unmasked,
37,IMG20260826123324.jpg,1,keep_connected,preprocessing/pycolmap_input/images/IMG20260826123324.jpg,unmasked,
38,IMG20260826123329.jpg,1,keep_connected,preprocessing/pycolmap_input/images/IMG20260826123329.jpg,unmasked,
39,IMG20260826123333.jpg,1,keep_connected,preprocessing/pycolmap_input/images/IMG20260826123333.jpg,unmasked,
40,IMG20260826123344.jpg,1,keep_connected,preprocessing/pycolmap_input/images/IMG20260826123344.jpg,unmasked,
41,IMG20260826123349.jpg,1,keep_connected,preprocessing/pycolmap_input/images/IMG20260826123349.jpg,unmasked,
42,IMG20260826123353.jpg,1,keep_connected,preprocessing/pycolmap_input/images/IMG20260826123353.jpg,unmasked,
43,IMG20260826123357.jpg,1,keep_connected,preprocessing/pycolmap_input/images/IMG20260826123357.jpg,unmasked,
44,IMG20260826123403.jpg,1,keep_connected,preprocessing/pycolmap_input/images/IMG20260826123403.jpg,unmasked,
45,IMG20260826123408.jpg,1,keep_connected,preprocessing/pycolmap_input/images/IMG20260826123408.jpg,unmasked,
46,IMG20260826123414.jpg,1,keep_connected,preprocessing/pycolmap_input/images/IMG20260826123414.jpg,unmasked,
47,IMG20260826123417.jpg,1,keep_connected,preprocessing/pycolmap_input/images/IMG20260826123417.jpg,unmasked,
48,IMG20260826123422.jpg,1,keep_connected,preprocessing/pycolmap_input/images/IMG20260826123422.jpg,unmasked,
49,IMG20260826123427.jpg,1,keep_connected,preprocessing/pycolmap_input/images/IMG20260826123427.jpg,unmasked,
50,IMG20260826123434.jpg,1,keep_connected,preprocessing/pycolmap_input/images/IMG20260826123434.jpg,unmasked,
51,IMG20260826123437.jpg,1,keep_connected,preprocessing/pycolmap_input/images/IMG20260826123437.jpg,unmasked,
52,IMG20260826123441.jpg,1,keep_connected,preprocessing/pycolmap_input/images/IMG20260826123441.jpg,unmasked,
53,IMG20260826123446.jpg,1,keep_connected,preprocessing/pycolmap_input/images/IMG20260826123446.jpg,unmasked,
54,IMG20260826123450.jpg,1,keep_connected,preprocessing/pycolmap_input/images/IMG20260826123450.jpg,unmasked,
55,IMG20260826123454.jpg,1,keep_connected,preprocessing/pycolmap_input/images/IMG20260826123454.jpg,unmasked,
56,IMG20260826123708.jpg,1,keep_connected,preprocessing/pycolmap_input/images/IMG20260826123708.jpg,unmasked,
57,IMG20260826123712.jpg,1,keep_connected,preprocessing/pycolmap_input/images/IMG20260826123712.jpg,unmasked,
58,IMG20260826123719.jpg,1,keep_connected,preprocessing/pycolmap_input/images/IMG20260826123719.jpg,unmasked,
59,IMG20260826123725.jpg,1,keep_connected,preprocessing/pycolmap_input/images/IMG20260826123725.jpg,unmasked,
60,IMG20260826123730.jpg,1,keep_connected,preprocessing/pycolmap_input/images/IMG20260826123730.jpg,unmasked,
61,IMG20260826123733.jpg,1,keep_connected,preprocessing/pycolmap_input/images/IMG20260826123733.jpg,unmasked,
62,IMG20260826123740.jpg,1,keep_connected,preprocessing/pycolmap_input/images/IMG20260826123740.jpg,unmasked,
63,IMG20260826123746.jpg,1,keep_connected,preprocessing/pycolmap_input/images/IMG20260826123746.jpg,unmasked,
64,IMG20260826123749.jpg,1,keep_connected,preprocessing/pycolmap_input/images/IMG20260826123749.jpg,unmasked,
65,IMG20260826123753.jpg,1,keep_connected,preprocessing/pycolmap_input/images/IMG20260826123753.jpg,unmasked,
66,IMG20260826123759.jpg,1,keep_connected,preprocessing/pycolmap_input/images/IMG20260826123759.jpg,unmasked,
67,IMG20260826123804.jpg,1,keep_connected,preprocessing/pycolmap_input/images/IMG20260826123804.jpg,unmasked,
68,IMG20260826123807.jpg,1,keep_connected,preprocessing/pycolmap_input/images/IMG20260826123807.jpg,unmasked,
69,IMG20260826123810.jpg,1,keep_connected,preprocessing/pycolmap_input/images/IMG20260826123810.jpg,unmasked,
70,IMG20260826123813.jpg,1,keep_connected,preprocessing/pycolmap_input/images/IMG20260826123813.jpg,unmasked,
71,IMG20260826123816.jpg,1,keep_connected,preprocessing/pycolmap_input/images/IMG20260826123816.jpg,unmasked,
72,IMG20260826123820.jpg,1,keep_connected,preprocessing/pycolmap_input/images/IMG20260826123820.jpg,unmasked,
73,IMG20260826123824.jpg,1,keep_connected,preprocessing/pycolmap_input/images/IMG20260826123824.jpg,unmasked,
74,IMG20260826124015.jpg,1,keep_connected,preprocessing/pycolmap_input/images/IMG20260826124015.jpg,unmasked,
75,IMG20260826124018.jpg,1,keep_connected,preprocessing/pycolmap_input/images/IMG20260826124018.jpg,unmasked,
76,IMG20260826124024.jpg,1,keep_connected,preprocessing/pycolmap_input/images/IMG20260826124024.jpg,unmasked,
77,IMG20260826124029.jpg,1,keep_connected,preprocessing/pycolmap_input/images/IMG20260826124029.jpg,unmasked,
78,IMG20260826124032.jpg,1,keep_connected,preprocessing/pycolmap_input/images/IMG20260826124032.jpg,unmasked,
79,IMG20260826124035.jpg,1,keep_connected,preprocessing/pycolmap_input/images/IMG20260826124035.jpg,unmasked,
80,IMG20260826124041.jpg,1,keep_connected,preprocessing/pycolmap_input/images/IMG20260826124041.jpg,unmasked,
81,IMG20260826124044.jpg,1,keep_connected,preprocessing/pycolmap_input/images/IMG20260826124044.jpg,unmasked,
82,IMG20260826124048.jpg,1,keep_connected,preprocessing/pycolmap_input/images/IMG20260826124048.jpg,unmasked,
83,IMG20260826124051.jpg,1,keep_connected,preprocessing/pycolmap_input/images/IMG20260826124051.jpg,unmasked,
84,IMG20260826124054.jpg,1,keep_connected,preprocessing/pycolmap_input/images/IMG20260826124054.jpg,unmasked,
85,IMG20260826124101.jpg,1,keep_connected,preprocessing/pycolmap_input/images/IMG20260826124101.jpg,unmasked,
86,IMG20260826124104.jpg,1,keep_connected,preprocessing/pycolmap_input/images/IMG20260826124104.jpg,unmasked,
87,IMG20260826124110.jpg,1,keep_connected,preprocessing/pycolmap_input/images/IMG20260826124110.jpg,unmasked,
88,IMG20260826124113.jpg,1,keep_connected,preprocessing/pycolmap_input/images/IMG20260826124113.jpg,unmasked,
89,IMG20260826124116.jpg,1,keep_connected,preprocessing/pycolmap_input/images/IMG20260826124116.jpg,unmasked,
90,IMG20260826124123.jpg,1,keep_connected,preprocessing/pycolmap_input/images/IMG20260826124123.jpg,unmasked,
91,IMG20260826124128.jpg,1,keep_connected,preprocessing/pycolmap_input/images/IMG20260826124128.jpg,unmasked,
92,IMG20260826124132.jpg,1,keep_connected,preprocessing/pycolmap_input/images/IMG20260826124132.jpg,unmasked,
93,IMG20260826124140.jpg,1,keep_connected,preprocessing/pycolmap_input/images/IMG20260826124140.jpg,unmasked,
94,IMG20260826124143.jpg,1,keep_connected,preprocessing/pycolmap_input/images/IMG20260826124143.jpg,unmasked,
95,IMG20260826124146.jpg,1,keep_connected,preprocessing/pycolmap_input/images/IMG20260826124146.jpg,unmasked,
96,IMG20260826124148.jpg,1,keep_connected,preprocessing/pycolmap_input/images/IMG20260826124148.jpg,unmasked,
97,IMG20260826124151.jpg,1,keep_connected,preprocessing/pycolmap_input/images/IMG20260826124151.jpg,unmasked,
98,IMG20260826124156.jpg,1,keep_connected,preprocessing/pycolmap_input/images/IMG20260826124156.jpg,unmasked,
99,IMG20260826124159.jpg,1,keep_connected,preprocessing/pycolmap_input/images/IMG20260826124159.jpg,unmasked,
100,IMG20260826124201.jpg,1,keep_connected,preprocessing/pycolmap_input/images/IMG20260826124201.jpg,unmasked,
101,IMG20260826124204.jpg,1,keep_connected,preprocessing/pycolmap_input/images/IMG20260826124204.jpg,unmasked,
102,IMG20260826124210.jpg,1,keep_connected,preprocessing/pycolmap_input/images/IMG20260826124210.jpg,unmasked,
103,IMG20260826124214.jpg,1,keep_connected,preprocessing/pycolmap_input/images/IMG20260826124214.jpg,unmasked,
104,IMG20260826124218.jpg,1,keep_connected,preprocessing/pycolmap_input/images/IMG20260826124218.jpg,unmasked,
105,IMG20260826124234.jpg,1,keep_connected,preprocessing/pycolmap_input/images/IMG20260826124234.jpg,unmasked,
106,IMG20260826124237.jpg,1,keep_connected,preprocessing/pycolmap_input/images/IMG20260826124237.jpg,unmasked,
107,IMG20260826124240.jpg,1,keep_connected,preprocessing/pycolmap_input/images/IMG20260826124240.jpg,unmasked,
108,IMG20260826124243.jpg,1,keep_connected,preprocessing/pycolmap_input/images/IMG20260826124243.jpg,unmasked,
109,IMG20260826124248.jpg,1,keep_connected,preprocessing/pycolmap_input/images/IMG20260826124248.jpg,unmasked,
110,IMG20260826124305.jpg,1,keep_connected,preprocessing/pycolmap_input/images/IMG20260826124305.jpg,unmasked,
111,IMG20260826124308.jpg,1,keep_connected,preprocessing/pycolmap_input/images/IMG20260826124308.jpg,unmasked,
112,IMG20260826124313.jpg,1,keep_connected,preprocessing/pycolmap_input/images/IMG20260826124313.jpg,unmasked,
113,IMG20260826124317.jpg,1,keep_connected,preprocessing/pycolmap_input/images/IMG20260826124317.jpg,unmasked,
114,IMG20260826124323.jpg,1,keep_connected,preprocessing/pycolmap_input/images/IMG20260826124323.jpg,unmasked,
115,IMG20260826124327.jpg,1,keep_connected,preprocessing/pycolmap_input/images/IMG20260826124327.jpg,unmasked,
116,IMG20260826124331.jpg,1,keep_connected,preprocessing/pycolmap_input/images/IMG20260826124331.jpg,unmasked,
117,IMG20260826124334.jpg,1,keep_connected,preprocessing/pycolmap_input/images/IMG20260826124334.jpg,unmasked,
118,IMG20260826124338.jpg,1,keep_connected,preprocessing/pycolmap_input/images/IMG20260826124338.jpg,unmasked,
119,IMG20260826124343.jpg,1,keep_connected,preprocessing/pycolmap_input/images/IMG20260826124343.jpg,unmasked,
120,IMG20260826124347.jpg,1,keep_connected,preprocessing/pycolmap_input/images/IMG20260826124347.jpg,unmasked,
121,IMG20260826124353.jpg,1,keep_connected,preprocessing/pycolmap_input/images/IMG20260826124353.jpg,unmasked,
122,IMG20260826124356.jpg,1,keep_connected,preprocessing/pycolmap_input/images/IMG20260826124356.jpg,unmasked,
123,IMG20260826124400.jpg,1,keep_connected,preprocessing/pycolmap_input/images/IMG20260826124400.jpg,unmasked,
124,IMG20260826124404.jpg,1,keep_connected,preprocessing/pycolmap_input/images/IMG20260826124404.jpg,unmasked,
125,IMG20260826124408.jpg,1,keep_connected,preprocessing/pycolmap_input/images/IMG20260826124408.jpg,unmasked,
126,IMG20260826124412.jpg,1,keep_connected,preprocessing/pycolmap_input/images/IMG20260826124412.jpg,unmasked,
127,IMG20260826124416.jpg,1,keep_connected,preprocessing/pycolmap_input/images/IMG20260826124416.jpg,unmasked,
128,IMG20260826124422.jpg,1,keep_connected,preprocessing/pycolmap_input/images/IMG20260826124422.jpg,unmasked,
129,IMG20260826124425.jpg,1,keep_connected,preprocessing/pycolmap_input/images/IMG20260826124425.jpg,unmasked,
130,IMG20260826124428.jpg,1,keep_connected,preprocessing/pycolmap_input/images/IMG20260826124428.jpg,unmasked,
131,IMG20260826124431.jpg,1,keep_connected,preprocessing/pycolmap_input/images/IMG20260826124431.jpg,unmasked,
132,IMG20260826124434.jpg,1,keep_connected,preprocessing/pycolmap_input/images/IMG20260826124434.jpg,unmasked,
133,IMG20260826124442.jpg,1,keep_connected,preprocessing/pycolmap_input/images/IMG20260826124442.jpg,unmasked,
134,IMG20260826124455.jpg,1,keep_connected,preprocessing/pycolmap_input/images/IMG20260826124455.jpg,unmasked,
135,IMG20260826124458.jpg,1,keep_connected,preprocessing/pycolmap_input/images/IMG20260826124458.jpg,unmasked,
136,IMG20260826124501.jpg,1,keep_connected,preprocessing/pycolmap_input/images/IMG20260826124501.jpg,unmasked,
137,IMG20260826124504.jpg,1,keep_connected,preprocessing/pycolmap_input/images/IMG20260826124504.jpg,unmasked,
138,IMG20260826124507.jpg,1,keep_connected,preprocessing/pycolmap_input/images/IMG20260826124507.jpg,unmasked,
139,IMG20260826124510.jpg,1,keep_connected,preprocessing/pycolmap_input/images/IMG20260826124510.jpg,unmasked,
140,IMG20260826124745.jpg,1,keep_connected,preprocessing/pycolmap_input/images/IMG20260826124745.jpg,unmasked,
141,IMG20260826124750.jpg,1,keep_connected,preprocessing/pycolmap_input/images/IMG20260826124750.jpg,unmasked,
142,IMG20260826124754.jpg,1,keep_connected,preprocessing/pycolmap_input/images/IMG20260826124754.jpg,unmasked,
143,IMG20260826124757.jpg,1,keep_connected,preprocessing/pycolmap_input/images/IMG20260826124757.jpg,unmasked,
144,IMG20260826124801.jpg,1,keep_connected,preprocessing/pycolmap_input/images/IMG20260826124801.jpg,unmasked,
145,IMG20260826124806.jpg,1,keep_connected,preprocessing/pycolmap_input/images/IMG20260826124806.jpg,unmasked,
146,IMG20260826124902.jpg,1,keep_connected,preprocessing/pycolmap_input/images/IMG20260826124902.jpg,unmasked,
147,IMG20260826124905.jpg,1,keep_connected,preprocessing/pycolmap_input/images/IMG20260826124905.jpg,unmasked,
148,IMG20260826124908.jpg,1,keep_connected,preprocessing/pycolmap_input/images/IMG20260826124908.jpg,unmasked,
149,IMG20260826124910.jpg,1,keep_connected,preprocessing/pycolmap_input/images/IMG20260826124910.jpg,unmasked,
150,IMG20260826124913.jpg,1,keep_connected,preprocessing/pycolmap_input/images/IMG20260826124913.jpg,unmasked,
151,IMG20260826124916.jpg,1,keep_connected,preprocessing/pycolmap_input/images/IMG20260826124916.jpg,unmasked,
152,IMG20260826124921.jpg,1,keep_connected,preprocessing/pycolmap_input/images/IMG20260826124921.jpg,unmasked,
153,IMG20260826124924.jpg,1,keep_connected,preprocessing/pycolmap_input/images/IMG20260826124924.jpg,unmasked,
154,IMG20260826124927.jpg,1,keep_connected,preprocessing/pycolmap_input/images/IMG20260826124927.jpg,unmasked,
155,IMG20260826124930.jpg,1,keep_connected,preprocessing/pycolmap_input/images/IMG20260826124930.jpg,unmasked,
156,IMG20260826124933.jpg,1,keep_connected,preprocessing/pycolmap_input/images/IMG20260826124933.jpg,unmasked,
157,IMG20260826124936.jpg,1,keep_connected,preprocessing/pycolmap_input/images/IMG20260826124936.jpg,unmasked,
158,IMG20260826124945.jpg,1,keep_connected,preprocessing/pycolmap_input/images/IMG20260826124945.jpg,unmasked,
159,IMG20260826124948.jpg,1,keep_connected,preprocessing/pycolmap_input/images/IMG20260826124948.jpg,unmasked,
160,IMG20260826124951.jpg,1,keep_connected,preprocessing/pycolmap_input/images/IMG20260826124951.jpg,unmasked,
161,IMG20260826124954.jpg,1,keep_connected,preprocessing/pycolmap_input/images/IMG20260826124954.jpg,unmasked,
162,IMG20260826125001.jpg,1,keep_connected,preprocessing/pycolmap_input/images/IMG20260826125001.jpg,unmasked,
163,IMG20260826125004.jpg,1,keep_connected,preprocessing/pycolmap_input/images/IMG20260826125004.jpg,unmasked,
164,IMG20260826125007.jpg,1,keep_connected,preprocessing/pycolmap_input/images/IMG20260826125007.jpg,unmasked,
165,IMG20260826125013.jpg,1,keep_connected,preprocessing/pycolmap_input/images/IMG20260826125013.jpg,unmasked,
166,IMG20260826125016.jpg,1,keep_connected,preprocessing/pycolmap_input/images/IMG20260826125016.jpg,unmasked,
167,IMG20260826125018.jpg,1,keep_connected,preprocessing/pycolmap_input/images/IMG20260826125018.jpg,unmasked,
168,IMG20260826125103.jpg,1,keep_connected,preprocessing/pycolmap_input/images/IMG20260826125103.jpg,unmasked,
169,IMG20260826125108.jpg,1,keep_connected,preprocessing/pycolmap_input/images/IMG20260826125108.jpg,unmasked,
170,IMG20260826125111.jpg,1,keep_connected,preprocessing/pycolmap_input/images/IMG20260826125111.jpg,unmasked,
171,IMG20260826125124.jpg,1,keep_connected,preprocessing/pycolmap_input/images/IMG20260826125124.jpg,unmasked,
172,IMG20260826125127.jpg,1,keep_connected,preprocessing/pycolmap_input/images/IMG20260826125127.jpg,unmasked,
173,IMG20260826125130.jpg,1,keep_connected,preprocessing/pycolmap_input/images/IMG20260826125130.jpg,unmasked,
174,IMG20260826125133.jpg,1,keep_connected,preprocessing/pycolmap_input/images/IMG20260826125133.jpg,unmasked,
175,IMG20260826125137.jpg,1,keep_connected,preprocessing/pycolmap_input/images/IMG20260826125137.jpg,unmasked,
176,IMG20260826125139.jpg,1,keep_connected,preprocessing/pycolmap_input/images/IMG20260826125139.jpg,unmasked,
177,IMG20260826125146.jpg,1,keep_connected,preprocessing/pycolmap_input/images/IMG20260826125146.jpg,unmasked,
178,IMG20260826125151.jpg,1,keep_connected,preprocessing/pycolmap_input/images/IMG20260826125151.jpg,unmasked,
179,IMG20260826125156.jpg,1,keep_connected,preprocessing/pycolmap_input/images/IMG20260826125156.jpg,unmasked,
180,IMG20260826125224.jpg,1,keep_connected,preprocessing/pycolmap_input/images/IMG20260826125224.jpg,unmasked,
181,IMG20260826125228.jpg,1,keep_connected,preprocessing/pycolmap_input/images/IMG20260826125228.jpg,unmasked,
182,IMG20260826125230.jpg,1,keep_connected,preprocessing/pycolmap_input/images/IMG20260826125230.jpg,unmasked,
183,IMG20260826125234.jpg,1,keep_connected,preprocessing/pycolmap_input/images/IMG20260826125234.jpg,unmasked,
184,IMG20260826125237.jpg,1,keep_connected,preprocessing/pycolmap_input/images/IMG20260826125237.jpg,unmasked,
185,IMG20260826125241.jpg,1,keep_connected,preprocessing/pycolmap_input/images/IMG20260826125241.jpg,unmasked,
186,IMG20260826125244.jpg,1,keep_connected,preprocessing/pycolmap_input/images/IMG20260826125244.jpg,unmasked,
187,IMG20260826125246.jpg,1,keep_connected,preprocessing/pycolmap_input/images/IMG20260826125246.jpg,unmasked,
188,IMG20260826125249.jpg,1,keep_connected,preprocessing/pycolmap_input/images/IMG20260826125249.jpg,unmasked,
189,IMG20260826125253.jpg,1,keep_connected,preprocessing/pycolmap_input/images/IMG20260826125253.jpg,unmasked,
190,IMG20260826125257.jpg,1,keep_connected,preprocessing/pycolmap_input/images/IMG20260826125257.jpg,unmasked,
191,IMG20260826125302.jpg,1,keep_connected,preprocessing/pycolmap_input/images/IMG20260826125302.jpg,unmasked,
192,IMG20260826125400.jpg,1,keep_connected,preprocessing/pycolmap_input/images/IMG20260826125400.jpg,unmasked,
193,IMG20260826125402.jpg,1,keep_connected,preprocessing/pycolmap_input/images/IMG20260826125402.jpg,unmasked,
194,IMG20260826125404.jpg,1,keep_connected,preprocessing/pycolmap_input/images/IMG20260826125404.jpg,unmasked,
195,IMG20260826125409.jpg,1,keep_connected,preprocessing/pycolmap_input/images/IMG20260826125409.jpg,unmasked,
196,IMG20260826125412.jpg,1,keep_connected,preprocessing/pycolmap_input/images/IMG20260826125412.jpg,unmasked,
197,IMG20260826125415.jpg,1,keep_connected,preprocessing/pycolmap_input/images/IMG20260826125415.jpg,unmasked,
198,IMG20260826125417.jpg,1,keep_connected,preprocessing/pycolmap_input/images/IMG20260826125417.jpg,unmasked,
199,IMG20260826125419.jpg,1,keep_connected,preprocessing/pycolmap_input/images/IMG20260826125419.jpg,unmasked,
200,IMG20260826125422.jpg,1,keep_connected,preprocessing/pycolmap_input/images/IMG20260826125422.jpg,unmasked,
201,IMG20260826125425.jpg,1,keep_connected,preprocessing/pycolmap_input/images/IMG20260826125425.jpg,unmasked,
202,IMG20260826125427.jpg,1,keep_connected,preprocessing/pycolmap_input/images/IMG20260826125427.jpg,unmasked,
203,IMG20260826125453.jpg,1,keep_connected,preprocessing/pycolmap_input/images/IMG20260826125453.jpg,unmasked,
204,IMG20260826125522.jpg,1,keep_connected,preprocessing/pycolmap_input/images/IMG20260826125522.jpg,unmasked,
205,IMG20260826125524.jpg,1,keep_connected,preprocessing/pycolmap_input/images/IMG20260826125524.jpg,unmasked,
206,IMG20260826125527.jpg,1,keep_connected,preprocessing/pycolmap_input/images/IMG20260826125527.jpg,unmasked,
207,IMG20260826125529.jpg,1,keep_connected,preprocessing/pycolmap_input/images/IMG20260826125529.jpg,unmasked,
208,IMG20260826125532.jpg,1,keep_connected,preprocessing/pycolmap_input/images/IMG20260826125532.jpg,unmasked,
209,IMG20260826125534.jpg,1,keep_connected,preprocessing/pycolmap_input/images/IMG20260826125534.jpg,unmasked,
210,IMG20260826125538.jpg,1,keep_connected,preprocessing/pycolmap_input/images/IMG20260826125538.jpg,unmasked,
211,IMG20260826125616.jpg,1,keep_connected,preprocessing/pycolmap_input/images/IMG20260826125616.jpg,unmasked,
212,IMG20260826125619.jpg,1,keep_connected,preprocessing/pycolmap_input/images/IMG20260826125619.jpg,unmasked,
213,IMG20260826125624.jpg,1,keep_connected,preprocessing/pycolmap_input/images/IMG20260826125624.jpg,unmasked,
214,IMG20260826125628.jpg,1,keep_connected,preprocessing/pycolmap_input/images/IMG20260826125628.jpg,unmasked,
215,IMG20260826125631.jpg,1,keep_connected,preprocessing/pycolmap_input/images/IMG20260826125631.jpg,unmasked,
216,IMG20260826125634.jpg,1,keep_connected,preprocessing/pycolmap_input/images/IMG20260826125634.jpg,unmasked,
217,IMG20260826125638.jpg,1,keep_connected,preprocessing/pycolmap_input/images/IMG20260826125638.jpg,unmasked,
218,IMG20260826125640.jpg,1,keep_connected,preprocessing/pycolmap_input/images/IMG20260826125640.jpg,unmasked,
219,IMG20260826125643.jpg,1,keep_connected,preprocessing/pycolmap_input/images/IMG20260826125643.jpg,unmasked,
220,IMG20260826125647.jpg,1,keep_connected,preprocessing/pycolmap_input/images/IMG20260826125647.jpg,unmasked,
221,IMG20260826125650.jpg,1,keep_connected,preprocessing/pycolmap_input/images/IMG20260826125650.jpg,unmasked,
222,IMG20260826125653.jpg,1,keep_connected,preprocessing/pycolmap_input/images/IMG20260826125653.jpg,unmasked,
223,IMG20260826125657.jpg,1,keep_connected,preprocessing/pycolmap_input/images/IMG20260826125657.jpg,unmasked,
224,IMG20260826125737.jpg,1,keep_connected,preprocessing/pycolmap_input/images/IMG20260826125737.jpg,unmasked,
225,IMG20260826125739.jpg,1,keep_connected,preprocessing/pycolmap_input/images/IMG20260826125739.jpg,unmasked,
226,IMG20260826125741.jpg,1,keep_connected,preprocessing/pycolmap_input/images/IMG20260826125741.jpg,unmasked,
227,IMG20260826125743.jpg,1,keep_connected,preprocessing/pycolmap_input/images/IMG20260826125743.jpg,unmasked,
228,IMG20260826125746.jpg,1,keep_connected,preprocessing/pycolmap_input/images/IMG20260826125746.jpg,unmasked,
229,IMG20260826125749.jpg,1,keep_connected,preprocessing/pycolmap_input/images/IMG20260826125749.jpg,unmasked,
230,IMG20260826125845.jpg,1,keep_connected,preprocessing/pycolmap_input/images/IMG20260826125845.jpg,unmasked,
231,IMG20260826125849.jpg,1,keep_connected,preprocessing/pycolmap_input/images/IMG20260826125849.jpg,unmasked,
232,IMG20260826125852.jpg,1,keep_connected,preprocessing/pycolmap_input/images/IMG20260826125852.jpg,unmasked,
233,IMG20260826125854.jpg,1,keep_connected,preprocessing/pycolmap_input/images/IMG20260826125854.jpg,unmasked,
234,IMG20260826125857.jpg,1,keep_connected,preprocessing/pycolmap_input/images/IMG20260826125857.jpg,unmasked,
235,IMG20260826125901.jpg,1,keep_connected,preprocessing/pycolmap_input/images/IMG20260826125901.jpg,unmasked,
236,IMG20260826125910.jpg,1,keep_connected,preprocessing/pycolmap_input/images/IMG20260826125910.jpg,unmasked,
237,IMG20260826125914.jpg,1,keep_connected,preprocessing/pycolmap_input/images/IMG20260826125914.jpg,unmasked,
238,IMG20260826125922.jpg,1,keep_connected,preprocessing/pycolmap_input/images/IMG20260826125922.jpg,unmasked,
239,IMG20260826125925.jpg,1,keep_connected,preprocessing/pycolmap_input/images/IMG20260826125925.jpg,unmasked,
240,IMG20260826125930.jpg,1,keep_connected,preprocessing/pycolmap_input/images/IMG20260826125930.jpg,unmasked,
241,IMG20260826125936.jpg,1,keep_connected,preprocessing/pycolmap_input/images/IMG20260826125936.jpg,unmasked,
242,IMG20260826125940.jpg,1,keep_connected,preprocessing/pycolmap_input/images/IMG20260826125940.jpg,unmasked,
243,IMG20260826125942.jpg,1,keep_connected,preprocessing/pycolmap_input/images/IMG20260826125942.jpg,unmasked,
244,IMG20260826125946.jpg,1,keep_connected,preprocessing/pycolmap_input/images/IMG20260826125946.jpg,unmasked,
245,IMG20260826130001.jpg,1,keep_connected,preprocessing/pycolmap_input/images/IMG20260826130001.jpg,unmasked,
246,IMG20260826130003.jpg,1,keep_connected,preprocessing/pycolmap_input/images/IMG20260826130003.jpg,unmasked,
247,IMG20260826130026.jpg,1,keep_connected,preprocessing/pycolmap_input/images/IMG20260826130026.jpg,unmasked,
248,IMG20260826130028.jpg,1,keep_connected,preprocessing/pycolmap_input/images/IMG20260826130028.jpg,unmasked,
249,IMG20260826130031.jpg,1,keep_connected,preprocessing/pycolmap_input/images/IMG20260826130031.jpg,unmasked,
250,IMG20260826130033.jpg,1,keep_connected,preprocessing/pycolmap_input/images/IMG20260826130033.jpg,unmasked,
251,IMG20260826130036.jpg,1,keep_connected,preprocessing/pycolmap_input/images/IMG20260826130036.jpg,unmasked,
252,IMG20260826130043.jpg,1,keep_connected,preprocessing/pycolmap_input/images/IMG20260826130043.jpg,unmasked,
253,IMG20260826130045.jpg,1,keep_connected,preprocessing/pycolmap_input/images/IMG20260826130045.jpg,unmasked,
254,IMG20260826130047.jpg,1,keep_connected,preprocessing/pycolmap_input/images/IMG20260826130047.jpg,unmasked,
255,IMG20260826130051.jpg,1,keep_connected,preprocessing/pycolmap_input/images/IMG20260826130051.jpg,unmasked,
256,IMG20260826130053.jpg,1,keep_connected,preprocessing/pycolmap_input/images/IMG20260826130053.jpg,unmasked,
257,IMG20260826130056.jpg,1,keep_connected,preprocessing/pycolmap_input/images/IMG20260826130056.jpg,unmasked,
258,IMG20260826130059.jpg,1,keep_connected,preprocessing/pycolmap_input/images/IMG20260826130059.jpg,unmasked,
259,IMG20260826130113.jpg,1,keep_connected,preprocessing/pycolmap_input/images/IMG20260826130113.jpg,unmasked,
260,IMG20260826130116.jpg,1,keep_connected,preprocessing/pycolmap_input/images/IMG20260826130116.jpg,unmasked,
261,IMG20260826130118.jpg,1,keep_connected,preprocessing/pycolmap_input/images/IMG20260826130118.jpg,unmasked,
262,IMG20260826130121.jpg,1,keep_connected,preprocessing/pycolmap_input/images/IMG20260826130121.jpg,unmasked,
263,IMG20260826130125.jpg,1,keep_connected,preprocessing/pycolmap_input/images/IMG20260826130125.jpg,unmasked,
264,IMG20260826130128.jpg,1,keep_connected,preprocessing/pycolmap_input/images/IMG20260826130128.jpg,unmasked,
265,IMG20260826130131.jpg,1,keep_connected,preprocessing/pycolmap_input/images/IMG20260826130131.jpg,unmasked,
266,IMG20260826130134.jpg,1,keep_connected,preprocessing/pycolmap_input/images/IMG20260826130134.jpg,unmasked,
267,IMG20260826130313.jpg,1,keep_weak_bridge_needed,preprocessing/pycolmap_input/images/IMG20260826130313.jpg,unmasked,
268,IMG20260826130322.jpg,1,keep_connected,preprocessing/pycolmap_input/images/IMG20260826130322.jpg,unmasked,
269,IMG20260826130325.jpg,1,keep_connected,preprocessing/pycolmap_input/images/IMG20260826130325.jpg,unmasked,
270,IMG20260826130328.jpg,1,keep_connected,preprocessing/pycolmap_input/images/IMG20260826130328.jpg,unmasked,
271,IMG20260826130330.jpg,1,keep_connected,preprocessing/pycolmap_input/images/IMG20260826130330.jpg,unmasked,
272,IMG20260826130334.jpg,1,keep_weak_bridge_needed,preprocessing/pycolmap_input/images/IMG20260826130334.jpg,unmasked,
273,IMG20260826130336.jpg,1,keep_weak_bridge_needed,preprocessing/pycolmap_input/images/IMG20260826130336.jpg,unmasked,
274,IMG20260826130338.jpg,1,keep_connected,preprocessing/pycolmap_input/images/IMG20260826130338.jpg,unmasked,
275,IMG20260826130340.jpg,1,keep_connected,preprocessing/pycolmap_input/images/IMG20260826130340.jpg,unmasked,
276,IMG20260826130342.jpg,1,keep_connected,preprocessing/pycolmap_input/images/IMG20260826130342.jpg,unmasked,
277,IMG20260826130353.jpg,1,keep_connected,preprocessing/pycolmap_input/images/IMG20260826130353.jpg,unmasked,
278,IMG20260826130357.jpg,1,keep_connected,preprocessing/pycolmap_input/images/IMG20260826130357.jpg,unmasked,
279,IMG20260826130358.jpg,1,keep_connected,preprocessing/pycolmap_input/images/IMG20260826130358.jpg,unmasked,
280,IMG20260826130402.jpg,1,keep_connected,preprocessing/pycolmap_input/images/IMG20260826130402.jpg,unmasked,
281,IMG20260826130404.jpg,1,keep_connected,preprocessing/pycolmap_input/images/IMG20260826130404.jpg,unmasked,
282,IMG20260826130407.jpg,1,keep_connected,preprocessing/pycolmap_input/images/IMG20260826130407.jpg,unmasked,
283,IMG20260826130411.jpg,1,keep_connected,preprocessing/pycolmap_input/images/IMG20260826130411.jpg,unmasked,
284,IMG20260826130414.jpg,1,keep_connected,preprocessing/pycolmap_input/images/IMG20260826130414.jpg,unmasked,
285,IMG20260826130417.jpg,1,keep_connected,preprocessing/pycolmap_input/images/IMG20260826130417.jpg,unmasked,
286,IMG20260826130420.jpg,1,keep_connected,preprocessing/pycolmap_input/images/IMG20260826130420.jpg,unmasked,
287,IMG20260826130423.jpg,1,keep_connected,preprocessing/pycolmap_input/images/IMG20260826130423.jpg,unmasked,
288,IMG20260826130427.jpg,1,keep_endpoint_connected,preprocessing/pycolmap_input/images/IMG20260826130427.jpg,unmasked,
