relative_path,sha256,source_role,logical_ring_id,reason
IMG20260912142249.jpg,c78ee17714bf36b2fa5a7dbf8e3147d23287ffdf2f7ed220c8d5ae41cb2be9a8,geometry,g7_r2,partial_repeated_cycle_secondary_ring
IMG20260912142251.jpg,9f0870512bd08a8ffe4bb1d2e3836716c32609e7aaea2918c9af3183f7a55ed5,geometry,g7_r2,partial_repeated_cycle_secondary_ring
IMG20260912142253.jpg,1ec2e647f9a43adba5c089e329569fe1f15dd5780551078ae3d2a85c2246e063,geometry,g7_r2,partial_repeated_cycle_secondary_ring
IMG20260912142254.jpg,430baadda4040b61f25cc400f1929f86e468cee9a0840b195d901cf0bccb1bad,geometry,g7_r2,partial_repeated_cycle_secondary_ring
IMG20260912142256.jpg,bc28bca1b6a4a899fc517474011d607e859afb3d6f854054305c751e9b9d5b0f,geometry,g7_r2,partial_repeated_cycle_secondary_ring
IMG20260912142258.jpg,68affc2a28b94cf2098918c716f8a5ab7e8ffb9cb4eb6f14616db2e66e5e49f7,geometry,g7_r2,partial_repeated_cycle_secondary_ring
IMG20260912142259.jpg,537ed2e0a1e794a3786bbd2e9993ffd6e0cb3446985e7bf851d0422ab093f89f,geometry,g7_r2,partial_repeated_cycle_secondary_ring
IMG20260912142301.jpg,dd368ec5ae34f973ab452f3983be4d218c12c5fd729d9f301b5506bf08e0dab4,geometry,g7_r2,partial_repeated_cycle_secondary_ring
IMG20260912142302.jpg,99989f7224f72ba41fbc947ecc912738e855ffe7525b9437984c660baa046f22,geometry,g7_r2,partial_repeated_cycle_secondary_ring
IMG20260912142304.jpg,3de48836a190a5dbc0371fa5fd08bc36ad9b0a6b70575fd6b68b15d9cd541b53,geometry,g7_r2,partial_repeated_cycle_secondary_ring
IMG20260912142305.jpg,3b897c0c1bad0b197de5b66209dca958d0bd503ef7af1b5a8adbd5173872c5df,geometry,g7_r2,partial_repeated_cycle_secondary_ring
IMG20260912142307.jpg,80558ec08ac6aa7d4f8fb9436bca002442a2ec1437f40cd6d67abc0d02d1a76c,geometry,g7_r2,partial_repeated_cycle_secondary_ring
IMG20260912142309.jpg,905248bebf9343a41ea9d48a526c9c4a7967ea023c6df22f590367033194ee62,geometry,g7_r2,partial_repeated_cycle_secondary_ring
IMG20260912142315.jpg,fc0591cb9d957c5afae38cae3a5e35a2c921fd30ed880a0ebea2f7c9c2b36246,geometry,g7_r2,partial_repeated_cycle_secondary_ring
IMG20260912142316.jpg,118aa66038b04b40e55aa314373b7c8351fb6db5bbe0ac020a441b49cbfdc563,geometry,g7_r2,partial_repeated_cycle_secondary_ring
IMG20260912142318.jpg,8263504ad8ff57f1e4eb8957efff14b4154b9ac9ce8438f7af60275eb255d6a4,geometry,g7_r2,partial_repeated_cycle_secondary_ring
IMG20260912142319.jpg,a709b3cfe7a5fc54449691b05d865050b471477fb5ba66ac87b1a9d809d28aba,geometry,g7_r2,partial_repeated_cycle_secondary_ring
IMG20260912142321.jpg,0a9b2a9cb9ee26a966c28b9d8fd4feaa418b1f05c3d737d3cc40d3f4ae92ce16,geometry,g7_r2,partial_repeated_cycle_secondary_ring
IMG20260912142322.jpg,04e7f655a8f4988406a8c62a7d4f8d0ca203751501f67d9905f9d5730e0514cf,geometry,g7_r2,partial_repeated_cycle_secondary_ring
IMG20260912142324.jpg,8b168253ba5c132755277dd5c7f2869de36cc50c0740072e58d0b11d3fe0303f,geometry,g7_r2,partial_repeated_cycle_secondary_ring
IMG20260912142325.jpg,495d8b71b4418b3ad3130f27c9fb81b6bdcc5cd7155f9df84d01b026319f31a7,geometry,g7_r2,partial_repeated_cycle_secondary_ring
IMG20260912142326.jpg,f0e8127513c16b7f0a74b93113abb6056fbdc6825045413f79c69eca1d958f5f,geometry,g7_r2,partial_repeated_cycle_secondary_ring
IMG20260912142328.jpg,6df321e5bb73309c5e77e49abdaaeb535ecc764345d201e49ab1b23cc6601fab,geometry,g7_r2,partial_repeated_cycle_secondary_ring
IMG20260912142329.jpg,a149fb9ebdc15e96cefc715ca6da092dfa038340852c399f3f147fb4ec39d854,geometry,g7_r2,partial_repeated_cycle_secondary_ring
IMG20260912142330.jpg,a402ebb4ecb531d4fdc228211fb8979d11b667c9e71acaf7ded1220f9d112815,geometry,g7_r2,partial_repeated_cycle_secondary_ring
IMG20260912142332.jpg,e79bd5ecdc79486a34b3673f97288a339d213d8c2afa60b4a95e7a971e14857e,geometry,g7_r2,partial_repeated_cycle_secondary_ring
IMG20260912142333.jpg,b30fd73b4d6f80ba9d09f2af03d6999635eccd9e4daae0ad5ed48a5fc11e80bc,geometry,g7_r2,partial_repeated_cycle_secondary_ring
IMG20260912142334.jpg,8f3796c0d63836b46b06ef5ccf223f46f9842259e714d20b33d199d26324d38a,geometry,g7_r2,partial_repeated_cycle_secondary_ring
IMG20260912142336.jpg,c05ab23ccee1da852f51c5e179f8b46ecdfa96b7667ae5fd57a4618e4c29419b,geometry,g7_r2,partial_repeated_cycle_secondary_ring
IMG20260912142337.jpg,18d5d7226d158fb829e143327127c61b53afdcacb52a4a1683738961d5223519,geometry,g7_r2,partial_repeated_cycle_secondary_ring
IMG20260912142338.jpg,a3a1d2728639c029f34c6eede595175028443b7980edd57ab425432f1802b058,geometry,g7_r2,partial_repeated_cycle_secondary_ring
IMG20260912142339.jpg,117c20ae7f85c3dbfc14064eb50689d7c22b48b3a1437869e7159f14bf9acbf8,geometry,g7_r2,partial_repeated_cycle_secondary_ring
IMG20260912142341.jpg,063c14771965700f92adb88435f8586151768cd9de29c4d1ca9891037e627c53,geometry,g7_r2,partial_repeated_cycle_secondary_ring
IMG20260912142342.jpg,1676ae048019d3dd2e3507b9ecf4558680937a09068a433ac71d4668d1a0eeeb,geometry,g7_r2,partial_repeated_cycle_secondary_ring
IMG20260912142343.jpg,3b2872a9820d996efd52a999e50af4d31f8e72fe92e86a34637fd694f859454c,geometry,g7_r2,partial_repeated_cycle_secondary_ring
IMG20260912142344.jpg,421bec893c0153e5ca8208c78fe4eb5aade4f212bc6541cc118213e460502136,geometry,g7_r2,partial_repeated_cycle_secondary_ring
IMG20260912142345.jpg,df55b728e26808996c435c87591c5ec17b495448a08e5f588711f4badac9ed7b,geometry,g7_r2,partial_repeated_cycle_secondary_ring
IMG20260912142346.jpg,7fdb64e09e249e6b3e6485d9706f4805f05a5836abf06e969867dea4e48a8fd8,geometry,g7_r2,partial_repeated_cycle_secondary_ring
IMG20260912142348.jpg,0d7a0975ef3106a51c98d88edd351093c5dccd457bbd04e4e5bf64cb52115776,geometry,g7_r2,partial_repeated_cycle_secondary_ring
IMG20260912142350.jpg,47f81eb5aa7e3b0265bcfcef23bf814893d0f76384488ee8ef1c0bac956c682d,geometry,g7_r2,partial_repeated_cycle_secondary_ring
IMG20260912142352.jpg,f2625b7def735cccac9bd353b5026f030f3231bf924996c17490f1972bad40c2,geometry,g7_r2,partial_repeated_cycle_secondary_ring
IMG20260912142353.jpg,083e51f2538374190a86dbf9f14a414c73d27fe46ea9d569a75ab6622d768a4c,geometry,g7_r2,partial_repeated_cycle_secondary_ring
IMG20260912142354.jpg,d62db8558d7bbd18c80c3b8c48d2f8ad8070f056eefbaccf75178415c9b62a54,geometry,g7_r2,partial_repeated_cycle_secondary_ring
IMG20260912142355.jpg,3c633763677b756c1a1afd28680f8c071f7400f0d365e51f52f5cd2c61b720d5,geometry,g7_r2,partial_repeated_cycle_secondary_ring
IMG20260912142356.jpg,64e6151227a5350a3d64840deaa7f50136d32109587a88ec9cc761a2771781ad,geometry,g7_r2,partial_repeated_cycle_secondary_ring
IMG20260912142358.jpg,dc83aefc4c96ee012d2cc1ca5a8645f6d48966a1c0ab968cc720a03da4dc29cc,geometry,g7_r2,partial_repeated_cycle_secondary_ring
IMG20260912142359.jpg,01b81d8ca988ace2b0134f337cda96a7ed615929eebe9a3b6aceadf476108b42,geometry,g7_r2,partial_repeated_cycle_secondary_ring
IMG20260912142400.jpg,9208c436be04c171409d42b37e1e95fed93add47649502b7400617f7698d2e63,geometry,g7_r2,partial_repeated_cycle_secondary_ring
IMG20260912142401.jpg,97ab71b282eaf2be3fdcc2cda1f7a4413e2bb6b7fc2b0e5b43f01ac673bb09c1,geometry,g7_r2,partial_repeated_cycle_secondary_ring
IMG20260912142403.jpg,59a8aa459f15146c03e221168a7738fc201adeb864739d03f35d797661fa6197,geometry,g7_r2,partial_repeated_cycle_secondary_ring
IMG20260912142404.jpg,8f53113b970799079896177fd47f10c61c244ba7cc252a57b390e2405018a030,geometry,g7_r2,partial_repeated_cycle_secondary_ring
